Type,From,To,Anchor Text,Alt Text,Follow,Target,Rel,Status Code,Status,Path Type,Link Path,Link Position,Link Origin
Image,https://www.drantipov.com/,https://www.drantipov.com/_next/image?url=%2Fimages%2Foffice-tour%2F12%2Fgallery%402x-surgical-planning.jpg&w=3840&q=75&dpl=dpl_AocR8G927cD9b1EN7RTdG1PPiWAf,,"Surgical Planning Station — Dr. Antipov's oral & maxillofacial surgery office in Roseville, CA",True,,,200,OK,Root-Relative,//body/main/div/section[@id='office-tour']/div/div[2]/button[12]/img,Content,HTML
Image,https://www.drantipov.com/about,https://www.drantipov.com/_next/image?url=%2Fimages%2Foffice-tour%2F12%2Fgallery%402x-surgical-planning.jpg&w=3840&q=75&dpl=dpl_AocR8G927cD9b1EN7RTdG1PPiWAf,,"Surgical Planning Station — Dr. Antipov's oral & maxillofacial surgery office in Roseville, CA",True,,,200,OK,Root-Relative,//body/main/div/section[@id='office-tour']/div/div[2]/button[12]/img,Content,HTML
Image,https://www.drantipov.com/ru,https://www.drantipov.com/_next/image?url=%2Fimages%2Foffice-tour%2F12%2Fgallery%402x-surgical-planning.jpg&w=3840&q=75&dpl=dpl_AocR8G927cD9b1EN7RTdG1PPiWAf,,"Станция планирования операций — клиника доктора Антипова в Roseville, CA",True,,,200,OK,Root-Relative,//body/main/div/section[@id='office-tour']/div/div[2]/button[12]/img,Content,HTML
Image,https://www.drantipov.com/ru/about,https://www.drantipov.com/_next/image?url=%2Fimages%2Foffice-tour%2F12%2Fgallery%402x-surgical-planning.jpg&w=3840&q=75&dpl=dpl_AocR8G927cD9b1EN7RTdG1PPiWAf,,"Станция планирования операций — клиника доктора Антипова в Roseville, CA",True,,,200,OK,Root-Relative,//body/main/div/section[@id='office-tour']/div/div[2]/button[12]/img,Content,HTML
Image,https://www.drantipov.com/,https://www.drantipov.com/_next/image?url=%2Fimages%2Fprocedures%2Ffull-arch-prosthesis.png&w=3840&q=75&dpl=dpl_AocR8G927cD9b1EN7RTdG1PPiWAf,,"Full Arch Dental Implants — All-on-4, All-on-6, Zygomatic & Teeth-in-a-Day — Dr. Alexander Antipov, Oral Surgeon, Roseville CA",True,,,200,OK,Root-Relative,//body/main/div/section[@id='services']/div/div[2]/div[1]/div[1]/img,Content,HTML
Image,https://www.drantipov.com/about,https://www.drantipov.com/_next/image?url=%2Fimages%2Fprocedures%2Ffull-arch-prosthesis.png&w=3840&q=75&dpl=dpl_AocR8G927cD9b1EN7RTdG1PPiWAf,,"Full Arch Dental Implants — All-on-4, All-on-6, Zygomatic & Teeth-in-a-Day — Dr. Alexander Antipov, Oral Surgeon, Roseville CA",True,,,200,OK,Root-Relative,//body/main/div/section[@id='services']/div/div[2]/div[1]/div[1]/img,Content,HTML
Image,https://www.drantipov.com/ru,https://www.drantipov.com/_next/image?url=%2Fimages%2Fprocedures%2Ffull-arch-prosthesis.png&w=3840&q=75&dpl=dpl_AocR8G927cD9b1EN7RTdG1PPiWAf,,"Имплантация полного зубного ряда — All-on-4, All-on-6, скуловые импланты и «зубы за один день» — Dr. Alexander Antipov, Oral Surgeon, Roseville CA",True,,,200,OK,Root-Relative,//body/main/div/section[@id='services']/div/div[2]/div[1]/div[1]/img,Content,HTML
Image,https://www.drantipov.com/ru/about,https://www.drantipov.com/_next/image?url=%2Fimages%2Fprocedures%2Ffull-arch-prosthesis.png&w=3840&q=75&dpl=dpl_AocR8G927cD9b1EN7RTdG1PPiWAf,,"Имплантация полного зубного ряда — All-on-4, All-on-6, скуловые импланты и «зубы за один день» — Dr. Alexander Antipov, Oral Surgeon, Roseville CA",True,,,200,OK,Root-Relative,//body/main/div/section[@id='services']/div/div[2]/div[1]/div[1]/img,Content,HTML
Image,https://www.drantipov.com/,https://www.drantipov.com/_next/image?url=%2Fimages%2Fdr-antipov-scrubs-our-team.jpg&w=3840&q=85&dpl=dpl_AocR8G927cD9b1EN7RTdG1PPiWAf,,"Dr. Alexander Antipov, DDS — Board-Certified Oral & Maxillofacial Surgeon in Roseville, California",True,,,200,OK,Root-Relative,//body/main/div/section[1]/div[1]/img,Content,HTML
Image,https://www.drantipov.com/about,https://www.drantipov.com/_next/image?url=%2Fimages%2Fdr-antipov-scrubs-our-team.jpg&w=3840&q=85&dpl=dpl_AocR8G927cD9b1EN7RTdG1PPiWAf,,"Dr. Alexander Antipov, DDS — Board-Certified Oral & Maxillofacial Surgeon in Roseville, California",True,,,200,OK,Root-Relative,//body/main/div/section[1]/div[1]/img,Content,HTML
Image,https://www.drantipov.com/,https://www.drantipov.com/_next/image?url=%2Fimages%2Fdrantipov-hero-cutout-clean.png&w=3840&q=75&dpl=dpl_AocR8G927cD9b1EN7RTdG1PPiWAf,,"Dr. Alexander Antipov, DDS — Board-Certified Oral & Maxillofacial Surgeon in Roseville, California",True,,,200,OK,Root-Relative,//body/main/div/section[1]/div[4]/div/div[2]/div/img,Content,HTML
Image,https://www.drantipov.com/about,https://www.drantipov.com/_next/image?url=%2Fimages%2Fdrantipov-hero-cutout-clean.png&w=3840&q=75&dpl=dpl_AocR8G927cD9b1EN7RTdG1PPiWAf,,"Dr. Alexander Antipov, DDS — Board-Certified Oral & Maxillofacial Surgeon in Roseville, California",True,,,200,OK,Root-Relative,//body/main/div/section[1]/div[4]/div/div[2]/div/img,Content,HTML
Image,https://www.drantipov.com/ru,https://www.drantipov.com/_next/image?url=%2Fimages%2Fdrantipov-hero-cutout-clean.png&w=3840&q=75&dpl=dpl_AocR8G927cD9b1EN7RTdG1PPiWAf,,"Доктор Александр Антипов, DDS — сертифицированный челюстно-лицевой хирург в Roseville, Калифорния",True,,,200,OK,Root-Relative,//body/main/div/section[1]/div[4]/div/div[2]/div/img,Content,HTML
Image,https://www.drantipov.com/ru/about,https://www.drantipov.com/_next/image?url=%2Fimages%2Fdrantipov-hero-cutout-clean.png&w=3840&q=75&dpl=dpl_AocR8G927cD9b1EN7RTdG1PPiWAf,,"Доктор Александр Антипов, DDS — сертифицированный челюстно-лицевой хирург в Roseville, Калифорния",True,,,200,OK,Root-Relative,//body/main/div/section[1]/div[4]/div/div[2]/div/img,Content,HTML
Image,https://www.drantipov.com/,https://www.drantipov.com/_next/image?url=%2Fimages%2Foffice-tour%2F10%2Fgallery%402x-instrument-prep.jpg&w=3840&q=75&dpl=dpl_AocR8G927cD9b1EN7RTdG1PPiWAf,,"Surgical Instrument Prep — Dr. Antipov's oral & maxillofacial surgery office in Roseville, CA",True,,,200,OK,Root-Relative,//body/main/div/section[@id='office-tour']/div/div[2]/button[10]/img,Content,HTML
Image,https://www.drantipov.com/about,https://www.drantipov.com/_next/image?url=%2Fimages%2Foffice-tour%2F10%2Fgallery%402x-instrument-prep.jpg&w=3840&q=75&dpl=dpl_AocR8G927cD9b1EN7RTdG1PPiWAf,,"Surgical Instrument Prep — Dr. Antipov's oral & maxillofacial surgery office in Roseville, CA",True,,,200,OK,Root-Relative,//body/main/div/section[@id='office-tour']/div/div[2]/button[10]/img,Content,HTML
Image,https://www.drantipov.com/ru,https://www.drantipov.com/_next/image?url=%2Fimages%2Foffice-tour%2F10%2Fgallery%402x-instrument-prep.jpg&w=3840&q=75&dpl=dpl_AocR8G927cD9b1EN7RTdG1PPiWAf,,"Подготовка инструментов — клиника доктора Антипова в Roseville, CA",True,,,200,OK,Root-Relative,//body/main/div/section[@id='office-tour']/div/div[2]/button[10]/img,Content,HTML
Image,https://www.drantipov.com/ru/about,https://www.drantipov.com/_next/image?url=%2Fimages%2Foffice-tour%2F10%2Fgallery%402x-instrument-prep.jpg&w=3840&q=75&dpl=dpl_AocR8G927cD9b1EN7RTdG1PPiWAf,,"Подготовка инструментов — клиника доктора Антипова в Roseville, CA",True,,,200,OK,Root-Relative,//body/main/div/section[@id='office-tour']/div/div[2]/button[10]/img,Content,HTML
Image,https://www.drantipov.com/,https://www.drantipov.com/_next/image?url=%2Fimages%2Fprocedures%2Fsingle-tooth-implant.png&w=3840&q=75&dpl=dpl_AocR8G927cD9b1EN7RTdG1PPiWAf,,"Single & Multiple Tooth Implants — Individual Implants, Bridges & Implant-Supported Dentures — Dr. Alexander Antipov, Oral Surgeon, Roseville CA",True,,,200,OK,Root-Relative,//body/main/div/section[@id='services']/div/div[2]/div[6]/div[1]/img,Content,HTML
Image,https://www.drantipov.com/for-patients/insights,https://www.drantipov.com/_next/image?url=%2Fimages%2Fprocedures%2Fsingle-tooth-implant.png&w=3840&q=75&dpl=dpl_AocR8G927cD9b1EN7RTdG1PPiWAf,,Single Tooth Implant in Roseville: A Complete Patient Guide,True,,,200,OK,Root-Relative,//body/main/section[2]/div/div/div[46]/div/div[1]/img,Content,HTML
Image,https://www.drantipov.com/about,https://www.drantipov.com/_next/image?url=%2Fimages%2Fprocedures%2Fsingle-tooth-implant.png&w=3840&q=75&dpl=dpl_AocR8G927cD9b1EN7RTdG1PPiWAf,,"Single & Multiple Tooth Implants — Individual Implants, Bridges & Implant-Supported Dentures — Dr. Alexander Antipov, Oral Surgeon, Roseville CA",True,,,200,OK,Root-Relative,//body/main/div/section[@id='services']/div/div[2]/div[6]/div[1]/img,Content,HTML
Image,https://www.drantipov.com/for-patients/insights/dental-implant-price-match-guarantee,https://www.drantipov.com/_next/image?url=%2Fimages%2Fprocedures%2Fsingle-tooth-implant.png&w=3840&q=75&dpl=dpl_AocR8G927cD9b1EN7RTdG1PPiWAf,,Single Tooth Implant in Roseville: A Complete Patient Guide,True,,,200,OK,Root-Relative,//body/main/section[3]/div/div[2]/div[1]/a/div[1]/img,Content,HTML
Image,https://www.drantipov.com/for-patients/insights/single-tooth-implant-vs-dental-bridge-real-cost,https://www.drantipov.com/_next/image?url=%2Fimages%2Fprocedures%2Fsingle-tooth-implant.png&w=3840&q=75&dpl=dpl_AocR8G927cD9b1EN7RTdG1PPiWAf,,Single Tooth Implant in Roseville: A Complete Patient Guide,True,,,200,OK,Root-Relative,//body/main/section[3]/div/div[2]/div[3]/a/div[1]/img,Content,HTML
Image,https://www.drantipov.com/for-patients/insights/single-tooth-implant-roseville,https://www.drantipov.com/_next/image?url=%2Fimages%2Fprocedures%2Fsingle-tooth-implant.png&w=3840&q=75&dpl=dpl_AocR8G927cD9b1EN7RTdG1PPiWAf,,Diagram of a single tooth dental implant placed in the jaw,True,,,200,OK,Root-Relative,//body/main/section[2]/div/article/div[2]/img,Content,HTML
Image,https://www.drantipov.com/for-patients/insights/clearchoice-alternatives-northern-california,https://www.drantipov.com/_next/image?url=%2Fimages%2Fprocedures%2Fsingle-tooth-implant.png&w=3840&q=75&dpl=dpl_AocR8G927cD9b1EN7RTdG1PPiWAf,,Single Tooth Implant in Roseville: A Complete Patient Guide,True,,,200,OK,Root-Relative,//body/main/section[3]/div/div[2]/div[2]/a/div[1]/img,Content,HTML
Image,https://www.drantipov.com/ru,https://www.drantipov.com/_next/image?url=%2Fimages%2Fprocedures%2Fsingle-tooth-implant.png&w=3840&q=75&dpl=dpl_AocR8G927cD9b1EN7RTdG1PPiWAf,,"Имплантация одного или нескольких зубов — Одиночные импланты, мостовидные конструкции, протезы на имплантах — Dr. Alexander Antipov, Oral Surgeon, Roseville CA",True,,,200,OK,Root-Relative,//body/main/div/section[@id='services']/div/div[2]/div[6]/div[1]/img,Content,HTML
Image,https://www.drantipov.com/ru/about,https://www.drantipov.com/_next/image?url=%2Fimages%2Fprocedures%2Fsingle-tooth-implant.png&w=3840&q=75&dpl=dpl_AocR8G927cD9b1EN7RTdG1PPiWAf,,"Имплантация одного или нескольких зубов — Одиночные импланты, мостовидные конструкции, протезы на имплантах — Dr. Alexander Antipov, Oral Surgeon, Roseville CA",True,,,200,OK,Root-Relative,//body/main/div/section[@id='services']/div/div[2]/div[6]/div[1]/img,Content,HTML
Image,https://www.drantipov.com/all-on-4-clearchoice-alternative,https://www.drantipov.com/_next/image?url=%2Fimages%2Ffullarch%2F08-final-result.jpeg&w=3840&q=75&dpl=dpl_AocR8G927cD9b1EN7RTdG1PPiWAf,,All-on-4 alternatives,True,,,200,OK,Root-Relative,//body/main/section[1]/div[1]/img,Content,HTML
Image,https://www.drantipov.com/all-on-4-cost,https://www.drantipov.com/_next/image?url=%2Fimages%2Ffullarch%2F08-final-result.jpeg&w=3840&q=75&dpl=dpl_AocR8G927cD9b1EN7RTdG1PPiWAf,,All-on-4 cost,True,,,200,OK,Root-Relative,//body/main/section[1]/div[1]/img,Content,HTML
Image,https://www.drantipov.com/full-arch-dental-implants,https://www.drantipov.com/_next/image?url=%2Fimages%2Ffullarch%2F08-final-result.jpeg&w=3840&q=75&dpl=dpl_AocR8G927cD9b1EN7RTdG1PPiWAf,,Full-arch implant final result,True,,,200,OK,Root-Relative,//body/main/div/main/section[5]/div/div[2]/div[3]/div[1]/img,Content,HTML
Image,https://www.drantipov.com/ru/full-arch-dental-implants,https://www.drantipov.com/_next/image?url=%2Fimages%2Ffullarch%2F08-final-result.jpeg&w=3840&q=75&dpl=dpl_AocR8G927cD9b1EN7RTdG1PPiWAf,,Full-arch implant final result,True,,,200,OK,Root-Relative,//body/main/div/main/section[5]/div/div[2]/div[3]/div[1]/img,Content,HTML
Image,https://www.drantipov.com/ru/all-on-4-cost,https://www.drantipov.com/_next/image?url=%2Fimages%2Ffullarch%2F08-final-result.jpeg&w=3840&q=75&dpl=dpl_AocR8G927cD9b1EN7RTdG1PPiWAf,,Стоимость All-on-4,True,,,200,OK,Root-Relative,//body/main/section[1]/div[1]/img,Content,HTML
Image,https://www.drantipov.com/ru/all-on-4-clearchoice-alternative,https://www.drantipov.com/_next/image?url=%2Fimages%2Ffullarch%2F08-final-result.jpeg&w=3840&q=75&dpl=dpl_AocR8G927cD9b1EN7RTdG1PPiWAf,,Альтернативы All-on-4,True,,,200,OK,Root-Relative,//body/main/section[1]/div[1]/img,Content,HTML
Image,https://www.drantipov.com/for-dentists/referring-doctors,https://www.drantipov.com/_next/image?url=%2Fimages%2Fblog%2F2015-06-22%2Fsurgery-team-411cef8b.jpg&w=3840&q=85&dpl=dpl_AocR8G927cD9b1EN7RTdG1PPiWAf,,,True,,,200,OK,Root-Relative,//body/main/section[1]/div[1]/img,Content,HTML
Image,https://www.drantipov.com/for-dentists,https://www.drantipov.com/_next/image?url=%2Fimages%2Fblog%2F2015-06-22%2Fsurgery-team-411cef8b.jpg&w=3840&q=85&dpl=dpl_AocR8G927cD9b1EN7RTdG1PPiWAf,,,True,,,200,OK,Root-Relative,//body/main/section[1]/div[1]/img,Content,HTML
Image,https://www.drantipov.com/for-patients/post-op,https://www.drantipov.com/_next/image?url=%2Fimages%2Fblog%2F2015-12-30%2Fpatient-post-op-visit%402x-6de2a75d.jpg&w=3840&q=85&dpl=dpl_AocR8G927cD9b1EN7RTdG1PPiWAf,,,True,,,200,OK,Root-Relative,//body/main/section[1]/div[1]/img,Content,HTML
Image,https://www.drantipov.com/ru/for-patients/post-op,https://www.drantipov.com/_next/image?url=%2Fimages%2Fblog%2F2015-12-30%2Fpatient-post-op-visit%402x-6de2a75d.jpg&w=3840&q=85&dpl=dpl_AocR8G927cD9b1EN7RTdG1PPiWAf,,,True,,,200,OK,Root-Relative,//body/main/section[1]/div[1]/img,Content,HTML
Image,https://www.drantipov.com/expertise,https://www.drantipov.com/_next/image?url=%2Fimages%2FIMG_844_3.jpg&w=3840&q=75&dpl=dpl_AocR8G927cD9b1EN7RTdG1PPiWAf,,"Dr. Alexander Antipov with a happy full-arch implant patient in Roseville, CA",True,,,200,OK,Root-Relative,//body/main/section[2]/div/div/div[1]/img,Content,HTML
Image,https://www.drantipov.com/ru/expertise,https://www.drantipov.com/_next/image?url=%2Fimages%2FIMG_844_3.jpg&w=3840&q=75&dpl=dpl_AocR8G927cD9b1EN7RTdG1PPiWAf,,"Доктор Александр Антипов с пациентом после имплантации полной челюсти в Розвилле, Калифорния",True,,,200,OK,Root-Relative,//body/main/section[2]/div/div/div[1]/img,Content,HTML
Image,https://www.drantipov.com/for-patients/insights,https://www.drantipov.com/_next/image?url=%2Fimages%2Fblog%2F2026-06-19%2Fsevere-overbite-jaw-surgery.png&w=3840&q=75&dpl=dpl_AocR8G927cD9b1EN7RTdG1PPiWAf,,Severe Overbite: When Jaw Surgery Is Needed,True,,,200,OK,Root-Relative,//body/main/section[2]/div/div/div[81]/div/div[1]/img,Content,HTML
Image,https://www.drantipov.com/for-patients/insights/severe-overbite-when-jaw-surgery-is-needed,https://www.drantipov.com/_next/image?url=%2Fimages%2Fblog%2F2026-06-19%2Fsevere-overbite-jaw-surgery.png&w=3840&q=75&dpl=dpl_AocR8G927cD9b1EN7RTdG1PPiWAf,,Severe overbite correction with orthognathic jaw surgery,True,,,200,OK,Root-Relative,//body/main/section[2]/div/article/div[2]/img,Content,HTML
Image,https://www.drantipov.com/ru/for-patients/insights/severe-overbite-when-jaw-surgery-is-needed,https://www.drantipov.com/_next/image?url=%2Fimages%2Fblog%2F2026-06-19%2Fsevere-overbite-jaw-surgery.png&w=3840&q=75&dpl=dpl_AocR8G927cD9b1EN7RTdG1PPiWAf,,Коррекция сильного глубокого прикуса с помощью ортогнатической хирургии,True,,,200,OK,Root-Relative,//body/main/section[2]/div/article/div[2]/img,Content,HTML
Image,https://www.drantipov.com/ru/for-patients/insights,https://www.drantipov.com/_next/image?url=%2Fimages%2Fblog%2F2026-06-19%2Fsevere-overbite-jaw-surgery.png&w=3840&q=75&dpl=dpl_AocR8G927cD9b1EN7RTdG1PPiWAf,,Сильный глубокий прикус: когда нужна хирургия челюсти,True,,,200,OK,Root-Relative,//body/main/section[2]/div/div/div[33]/div/div[1]/img,Content,HTML
Image,https://www.drantipov.com/for-patients/insights,https://www.drantipov.com/_next/image?url=%2Fimages%2Fblog%2F2026-06-19%2Fzygomatic-when-impossible.png&w=3840&q=75&dpl=dpl_AocR8G927cD9b1EN7RTdG1PPiWAf,,Zygomatic Dental Implants: When Traditional Implants Are Not Possible,True,,,200,OK,Root-Relative,//body/main/section[2]/div/div/div[76]/div/div[1]/img,Content,HTML
Image,https://www.drantipov.com/for-patients/insights/zygomatic-dental-implants-when-traditional-implants-not-possible,https://www.drantipov.com/_next/image?url=%2Fimages%2Fblog%2F2026-06-19%2Fzygomatic-when-impossible.png&w=3840&q=75&dpl=dpl_AocR8G927cD9b1EN7RTdG1PPiWAf,,Zygomatic dental implants anchored in the cheekbone for severe upper jaw bone loss,True,,,200,OK,Root-Relative,//body/main/section[2]/div/article/div[2]/img,Content,HTML
Image,https://www.drantipov.com/ru/for-patients/insights/zygomatic-dental-implants-when-traditional-implants-not-possible,https://www.drantipov.com/_next/image?url=%2Fimages%2Fblog%2F2026-06-19%2Fzygomatic-when-impossible.png&w=3840&q=75&dpl=dpl_AocR8G927cD9b1EN7RTdG1PPiWAf,,"Скуловые дентальные импланты, закреплённые в скуловой кости, при выраженной убыли кости верхней челюсти",True,,,200,OK,Root-Relative,//body/main/section[2]/div/article/div[2]/img,Content,HTML
Image,https://www.drantipov.com/ru/for-patients/insights,https://www.drantipov.com/_next/image?url=%2Fimages%2Fblog%2F2026-06-19%2Fzygomatic-when-impossible.png&w=3840&q=75&dpl=dpl_AocR8G927cD9b1EN7RTdG1PPiWAf,,Скуловые импланты: когда обычные импланты невозможны,True,,,200,OK,Root-Relative,//body/main/section[2]/div/div/div[28]/div/div[1]/img,Content,HTML
Image,https://www.drantipov.com/for-patients/insights,https://www.drantipov.com/_next/image?url=%2Fimages%2Fblog%2F2026-07-27%2Fbenefits-of-all-on-4-dental-implants.png&w=3840&q=75&dpl=dpl_AocR8G927cD9b1EN7RTdG1PPiWAf,,The Benefits of All-on-4 Dental Implants: A Full-Arch Restoration Checklist,True,,,200,OK,Root-Relative,//body/main/section[2]/div/div/div[20]/div/div[1]/img,Content,HTML
Image,https://www.drantipov.com/for-patients/insights/dental-implant-recovery-time,https://www.drantipov.com/_next/image?url=%2Fimages%2Fblog%2F2026-07-27%2Fbenefits-of-all-on-4-dental-implants.png&w=3840&q=75&dpl=dpl_AocR8G927cD9b1EN7RTdG1PPiWAf,,The Benefits of All-on-4 Dental Implants: A Full-Arch Restoration Checklist,True,,,200,OK,Root-Relative,//body/main/section[3]/div/div[2]/div[2]/a/div[1]/img,Content,HTML
Image,https://www.drantipov.com/for-patients/insights/dental-implant-revision-surgery,https://www.drantipov.com/_next/image?url=%2Fimages%2Fblog%2F2026-07-27%2Fbenefits-of-all-on-4-dental-implants.png&w=3840&q=75&dpl=dpl_AocR8G927cD9b1EN7RTdG1PPiWAf,,The Benefits of All-on-4 Dental Implants: A Full-Arch Restoration Checklist,True,,,200,OK,Root-Relative,//body/main/section[3]/div/div[2]/div[1]/a/div[1]/img,Content,HTML
Image,https://www.drantipov.com/for-patients/insights/single-tooth-implant-cost-without-insurance,https://www.drantipov.com/_next/image?url=%2Fimages%2Fblog%2F2026-07-27%2Fbenefits-of-all-on-4-dental-implants.png&w=3840&q=75&dpl=dpl_AocR8G927cD9b1EN7RTdG1PPiWAf,,The Benefits of All-on-4 Dental Implants: A Full-Arch Restoration Checklist,True,,,200,OK,Root-Relative,//body/main/section[3]/div/div[2]/div[3]/a/div[1]/img,Content,HTML
Image,https://www.drantipov.com/for-patients/insights/benefits-of-all-on-4-dental-implants,https://www.drantipov.com/_next/image?url=%2Fimages%2Fblog%2F2026-07-27%2Fbenefits-of-all-on-4-dental-implants.png&w=3840&q=75&dpl=dpl_AocR8G927cD9b1EN7RTdG1PPiWAf,,Patient admiring his new full-arch smile while an oral surgeon holds an All-on-4 implant bridge model with four titanium posts,True,,,200,OK,Root-Relative,//body/main/section[2]/div/article/div[2]/img,Content,HTML
Image,https://www.drantipov.com/for-patients/insights,https://www.drantipov.com/_next/image?url=%2Fimages%2Fblog%2F2026-06-22%2Fimplants-for-seniors.png&w=3840&q=75&dpl=dpl_AocR8G927cD9b1EN7RTdG1PPiWAf,,Are You Too Old for Dental Implants? Age and Candidacy,True,,,200,OK,Root-Relative,//body/main/section[2]/div/div/div[52]/div/div[1]/img,Content,HTML
Image,https://www.drantipov.com/for-patients/insights/dental-implants-with-severe-bone-loss-options,https://www.drantipov.com/_next/image?url=%2Fimages%2Fblog%2F2026-06-22%2Fimplants-for-seniors.png&w=3840&q=75&dpl=dpl_AocR8G927cD9b1EN7RTdG1PPiWAf,,Are You Too Old for Dental Implants? Age and Candidacy,True,,,200,OK,Root-Relative,//body/main/section[3]/div/div[2]/div[3]/a/div[1]/img,Content,HTML
Image,https://www.drantipov.com/for-patients/insights/dental-implants-for-diabetics,https://www.drantipov.com/_next/image?url=%2Fimages%2Fblog%2F2026-06-22%2Fimplants-for-seniors.png&w=3840&q=75&dpl=dpl_AocR8G927cD9b1EN7RTdG1PPiWAf,,Are You Too Old for Dental Implants? Age and Candidacy,True,,,200,OK,Root-Relative,//body/main/section[3]/div/div[2]/div[2]/a/div[1]/img,Content,HTML
Image,https://www.drantipov.com/for-patients/insights/dental-implants-for-seniors-age-limit,https://www.drantipov.com/_next/image?url=%2Fimages%2Fblog%2F2026-06-22%2Fimplants-for-seniors.png&w=3840&q=75&dpl=dpl_AocR8G927cD9b1EN7RTdG1PPiWAf,,Older adult smiling confidently after dental implant treatment,True,,,200,OK,Root-Relative,//body/main/section[2]/div/article/div[2]/img,Content,HTML
Image,https://www.drantipov.com/for-patients/insights/dental-implants-for-smokers,https://www.drantipov.com/_next/image?url=%2Fimages%2Fblog%2F2026-06-22%2Fimplants-for-seniors.png&w=3840&q=75&dpl=dpl_AocR8G927cD9b1EN7RTdG1PPiWAf,,Are You Too Old for Dental Implants? Age and Candidacy,True,,,200,OK,Root-Relative,//body/main/section[3]/div/div[2]/div[1]/a/div[1]/img,Content,HTML
Image,https://www.drantipov.com/ru/for-patients/insights/dental-implants-for-smokers,https://www.drantipov.com/_next/image?url=%2Fimages%2Fblog%2F2026-06-22%2Fimplants-for-seniors.png&w=3840&q=75&dpl=dpl_AocR8G927cD9b1EN7RTdG1PPiWAf,,Are You Too Old for Dental Implants? Age and Candidacy,True,,,200,OK,Root-Relative,//body/main/section[3]/div/div[2]/div[1]/a/div[1]/img,Content,HTML
Image,https://www.drantipov.com/ru/for-patients/insights/dental-implants-for-diabetics,https://www.drantipov.com/_next/image?url=%2Fimages%2Fblog%2F2026-06-22%2Fimplants-for-seniors.png&w=3840&q=75&dpl=dpl_AocR8G927cD9b1EN7RTdG1PPiWAf,,Are You Too Old for Dental Implants? Age and Candidacy,True,,,200,OK,Root-Relative,//body/main/section[3]/div/div[2]/div[2]/a/div[1]/img,Content,HTML
Image,https://www.drantipov.com/ru/for-patients/insights/dental-implants-with-severe-bone-loss-options,https://www.drantipov.com/_next/image?url=%2Fimages%2Fblog%2F2026-06-22%2Fimplants-for-seniors.png&w=3840&q=75&dpl=dpl_AocR8G927cD9b1EN7RTdG1PPiWAf,,Are You Too Old for Dental Implants? Age and Candidacy,True,,,200,OK,Root-Relative,//body/main/section[3]/div/div[2]/div[3]/a/div[1]/img,Content,HTML
Image,https://www.drantipov.com/ru/for-patients/insights,https://www.drantipov.com/_next/image?url=%2Fimages%2Fblog%2F2026-06-22%2Fimplants-for-seniors.png&w=3840&q=75&dpl=dpl_AocR8G927cD9b1EN7RTdG1PPiWAf,,Не слишком ли вы стары для имплантов? Возраст и показания,True,,,200,OK,Root-Relative,//body/main/section[2]/div/div/div[4]/div/div[1]/img,Content,HTML
Image,https://www.drantipov.com/ru/for-patients/insights/dental-implants-for-seniors-age-limit,https://www.drantipov.com/_next/image?url=%2Fimages%2Fblog%2F2026-06-22%2Fimplants-for-seniors.png&w=3840&q=75&dpl=dpl_AocR8G927cD9b1EN7RTdG1PPiWAf,,Пожилой человек уверенно улыбается после имплантации зубов,True,,,200,OK,Root-Relative,//body/main/section[2]/div/article/div[2]/img,Content,HTML
Image,https://www.drantipov.com/for-patients/insights,https://www.drantipov.com/_next/image?url=%2Fimages%2Fblog%2F2026-06-19%2Fimplants-after-extraction.png&w=3840&q=75&dpl=dpl_AocR8G927cD9b1EN7RTdG1PPiWAf,,"Dental Implants After Tooth Extraction: Timing, Healing, and Options",True,,,200,OK,Root-Relative,//body/main/section[2]/div/div/div[77]/div/div[1]/img,Content,HTML
Image,https://www.drantipov.com/for-patients/insights/dental-implants-after-tooth-extraction-timing-healing-and-options,https://www.drantipov.com/_next/image?url=%2Fimages%2Fblog%2F2026-06-19%2Fimplants-after-extraction.png&w=3840&q=75&dpl=dpl_AocR8G927cD9b1EN7RTdG1PPiWAf,,Dental implant placement after tooth extraction,True,,,200,OK,Root-Relative,//body/main/section[2]/div/article/div[2]/img,Content,HTML
Image,https://www.drantipov.com/ru/for-patients/insights/dental-implants-after-tooth-extraction-timing-healing-and-options,https://www.drantipov.com/_next/image?url=%2Fimages%2Fblog%2F2026-06-19%2Fimplants-after-extraction.png&w=3840&q=75&dpl=dpl_AocR8G927cD9b1EN7RTdG1PPiWAf,,Установка импланта после удаления зуба,True,,,200,OK,Root-Relative,//body/main/section[2]/div/article/div[2]/img,Content,HTML
Image,https://www.drantipov.com/ru/for-patients/insights,https://www.drantipov.com/_next/image?url=%2Fimages%2Fblog%2F2026-06-19%2Fimplants-after-extraction.png&w=3840&q=75&dpl=dpl_AocR8G927cD9b1EN7RTdG1PPiWAf,,Импланты после удаления зуба,True,,,200,OK,Root-Relative,//body/main/section[2]/div/div/div[29]/div/div[1]/img,Content,HTML
Image,https://www.drantipov.com/for-patients/insights,https://www.drantipov.com/_next/image?url=%2Fimages%2Fblog%2F2026-08-04%2Fdental-implant-payment-plans.png&w=3840&q=75&dpl=dpl_AocR8G927cD9b1EN7RTdG1PPiWAf,,Dental Implant Payment Plans: How to Afford Your New Smile in 2026,True,,,200,OK,Root-Relative,//body/main/section[2]/div/div/div[11]/div/div[1]/img,Content,HTML
Image,https://www.drantipov.com/for-patients/insights/types-of-permanent-dental-implants,https://www.drantipov.com/_next/image?url=%2Fimages%2Fblog%2F2026-08-04%2Fdental-implant-payment-plans.png&w=3840&q=75&dpl=dpl_AocR8G927cD9b1EN7RTdG1PPiWAf,,Dental Implant Payment Plans: How to Afford Your New Smile in 2026,True,,,200,OK,Root-Relative,//body/main/section[3]/div/div[2]/div[3]/a/div[1]/img,Content,HTML
Image,https://www.drantipov.com/for-patients/insights/dental-implant-payment-plans,https://www.drantipov.com/_next/image?url=%2Fimages%2Fblog%2F2026-08-04%2Fdental-implant-payment-plans.png&w=3840&q=75&dpl=dpl_AocR8G927cD9b1EN7RTdG1PPiWAf,,Patient reviewing a monthly dental implant payment plan calendar on a laptop at a kitchen table,True,,,200,OK,Root-Relative,//body/main/section[2]/div/article/div[2]/img,Content,HTML
Image,https://www.drantipov.com/for-patients/insights/affordable-dental-implants-california,https://www.drantipov.com/_next/image?url=%2Fimages%2Fblog%2F2026-08-04%2Fdental-implant-payment-plans.png&w=3840&q=75&dpl=dpl_AocR8G927cD9b1EN7RTdG1PPiWAf,,Dental Implant Payment Plans: How to Afford Your New Smile in 2026,True,,,200,OK,Root-Relative,//body/main/section[3]/div/div[2]/div[1]/a/div[1]/img,Content,HTML
Image,https://www.drantipov.com/for-patients/insights/how-bone-loss-affects-dental-implants,https://www.drantipov.com/_next/image?url=%2Fimages%2Fblog%2F2026-08-04%2Fdental-implant-payment-plans.png&w=3840&q=75&dpl=dpl_AocR8G927cD9b1EN7RTdG1PPiWAf,,Dental Implant Payment Plans: How to Afford Your New Smile in 2026,True,,,200,OK,Root-Relative,//body/main/section[3]/div/div[2]/div[2]/a/div[1]/img,Content,HTML
Image,https://www.drantipov.com/for-patients/insights,https://www.drantipov.com/_next/image?url=%2Fimages%2Fblog%2F2026-07-21%2Fdental-implant-surgery-complete-guide.png&w=3840&q=75&dpl=dpl_AocR8G927cD9b1EN7RTdG1PPiWAf,,Dental Implant Surgery: The Complete Guide to Restoring Your Smile in 2026,True,,,200,OK,Root-Relative,//body/main/section[2]/div/div/div[26]/div/div[1]/img,Content,HTML
Image,https://www.drantipov.com/for-patients/insights/dental-implant-price-match-guarantee-california,https://www.drantipov.com/_next/image?url=%2Fimages%2Fblog%2F2026-07-21%2Fdental-implant-surgery-complete-guide.png&w=3840&q=75&dpl=dpl_AocR8G927cD9b1EN7RTdG1PPiWAf,,Dental Implant Surgery: The Complete Guide to Restoring Your Smile in 2026,True,,,200,OK,Root-Relative,//body/main/section[3]/div/div[2]/div[3]/a/div[1]/img,Content,HTML
Image,https://www.drantipov.com/for-patients/insights/implant-supported-dentures-monterey,https://www.drantipov.com/_next/image?url=%2Fimages%2Fblog%2F2026-07-21%2Fdental-implant-surgery-complete-guide.png&w=3840&q=75&dpl=dpl_AocR8G927cD9b1EN7RTdG1PPiWAf,,Dental Implant Surgery: The Complete Guide to Restoring Your Smile in 2026,True,,,200,OK,Root-Relative,//body/main/section[3]/div/div[2]/div[2]/a/div[1]/img,Content,HTML
Image,https://www.drantipov.com/for-patients/insights/dental-implant-surgery-complete-guide,https://www.drantipov.com/_next/image?url=%2Fimages%2Fblog%2F2026-07-21%2Fdental-implant-surgery-complete-guide.png&w=3840&q=75&dpl=dpl_AocR8G927cD9b1EN7RTdG1PPiWAf,,Board-certified oral surgeon reviewing a 3D CBCT scan while planning dental implant surgery in a modern surgical suite,True,,,200,OK,Root-Relative,//body/main/section[2]/div/article/div[2]/img,Content,HTML
Image,https://www.drantipov.com/for-patients/insights/before-and-after-all-on-4-dental-implants,https://www.drantipov.com/_next/image?url=%2Fimages%2Fblog%2F2026-07-21%2Fdental-implant-surgery-complete-guide.png&w=3840&q=75&dpl=dpl_AocR8G927cD9b1EN7RTdG1PPiWAf,,Dental Implant Surgery: The Complete Guide to Restoring Your Smile in 2026,True,,,200,OK,Root-Relative,//body/main/section[3]/div/div[2]/div[1]/a/div[1]/img,Content,HTML
Image,https://www.drantipov.com/for-patients/insights,https://www.drantipov.com/_next/image?url=%2Fimages%2Fblog%2F2026-07-07%2Fzirconia-dental-implants-california.png&w=3840&q=75&dpl=dpl_AocR8G927cD9b1EN7RTdG1PPiWAf,,Zirconia Dental Implants in California: The Metal-Free Guide (and How They Compare to Titanium),True,,,200,OK,Root-Relative,//body/main/section[2]/div/div/div[39]/div/div[1]/img,Content,HTML
Image,https://www.drantipov.com/for-patients/insights/zirconia-dental-implants-california,https://www.drantipov.com/_next/image?url=%2Fimages%2Fblog%2F2026-07-07%2Fzirconia-dental-implants-california.png&w=3840&q=75&dpl=dpl_AocR8G927cD9b1EN7RTdG1PPiWAf,,White ceramic zirconia dental implant shown next to a titanium implant in a modern dental clinic,True,,,200,OK,Root-Relative,//body/main/section[2]/div/article/div[2]/img,Content,HTML
Image,https://www.drantipov.com/for-patients/insights/all-on-4-dental-implants-recovery-timeline,https://www.drantipov.com/_next/image?url=%2Fimages%2Fblog%2F2026-07-07%2Fzirconia-dental-implants-california.png&w=3840&q=75&dpl=dpl_AocR8G927cD9b1EN7RTdG1PPiWAf,,Zirconia Dental Implants in California: The Metal-Free Guide (and How They Compare to Titanium),True,,,200,OK,Root-Relative,//body/main/section[3]/div/div[2]/div[3]/a/div[1]/img,Content,HTML
Image,https://www.drantipov.com/for-patients/insights/dental-implant-financing-options,https://www.drantipov.com/_next/image?url=%2Fimages%2Fblog%2F2026-07-07%2Fzirconia-dental-implants-california.png&w=3840&q=75&dpl=dpl_AocR8G927cD9b1EN7RTdG1PPiWAf,,Zirconia Dental Implants in California: The Metal-Free Guide (and How They Compare to Titanium),True,,,200,OK,Root-Relative,//body/main/section[3]/div/div[2]/div[1]/a/div[1]/img,Content,HTML
Image,https://www.drantipov.com/for-patients/insights/permanent-dentures-fixed-vs-removable,https://www.drantipov.com/_next/image?url=%2Fimages%2Fblog%2F2026-07-07%2Fzirconia-dental-implants-california.png&w=3840&q=75&dpl=dpl_AocR8G927cD9b1EN7RTdG1PPiWAf,,Zirconia Dental Implants in California: The Metal-Free Guide (and How They Compare to Titanium),True,,,200,OK,Root-Relative,//body/main/section[3]/div/div[2]/div[2]/a/div[1]/img,Content,HTML
Image,https://www.drantipov.com/for-patients/insights,https://www.drantipov.com/_next/image?url=%2Fimages%2Fblog%2F2026-07-27%2Fdental-implant-price-match-guarantee-california.png&w=3840&q=75&dpl=dpl_AocR8G927cD9b1EN7RTdG1PPiWAf,,Dental Implant Price-Match Guarantee in California: How to Get Specialist Care at a Fair Local Rate,True,,,200,OK,Root-Relative,//body/main/section[2]/div/div/div[23]/div/div[1]/img,Content,HTML
Image,https://www.drantipov.com/for-patients/insights/dental-implant-price-match-guarantee-california,https://www.drantipov.com/_next/image?url=%2Fimages%2Fblog%2F2026-07-27%2Fdental-implant-price-match-guarantee-california.png&w=3840&q=75&dpl=dpl_AocR8G927cD9b1EN7RTdG1PPiWAf,,Treatment coordinator reviewing an itemized dental implant quote with a couple during a price-match consultation at a California dental office,True,,,200,OK,Root-Relative,//body/main/section[2]/div/article/div[2]/img,Content,HTML
Image,https://www.drantipov.com/for-patients/insights/snap-in-dentures-el-dorado-hills,https://www.drantipov.com/_next/image?url=%2Fimages%2Fblog%2F2026-07-27%2Fdental-implant-price-match-guarantee-california.png&w=3840&q=75&dpl=dpl_AocR8G927cD9b1EN7RTdG1PPiWAf,,Dental Implant Price-Match Guarantee in California: How to Get Specialist Care at a Fair Local Rate,True,,,200,OK,Root-Relative,//body/main/section[3]/div/div[2]/div[2]/a/div[1]/img,Content,HTML
Image,https://www.drantipov.com/for-patients/insights/how-to-fix-loose-dentures-permanently,https://www.drantipov.com/_next/image?url=%2Fimages%2Fblog%2F2026-07-27%2Fdental-implant-price-match-guarantee-california.png&w=3840&q=75&dpl=dpl_AocR8G927cD9b1EN7RTdG1PPiWAf,,Dental Implant Price-Match Guarantee in California: How to Get Specialist Care at a Fair Local Rate,True,,,200,OK,Root-Relative,//body/main/section[3]/div/div[2]/div[1]/a/div[1]/img,Content,HTML
Image,https://www.drantipov.com/for-patients/insights/benefits-of-all-on-4-dental-implants,https://www.drantipov.com/_next/image?url=%2Fimages%2Fblog%2F2026-07-27%2Fdental-implant-price-match-guarantee-california.png&w=3840&q=75&dpl=dpl_AocR8G927cD9b1EN7RTdG1PPiWAf,,Dental Implant Price-Match Guarantee in California: How to Get Specialist Care at a Fair Local Rate,True,,,200,OK,Root-Relative,//body/main/section[3]/div/div[2]/div[3]/a/div[1]/img,Content,HTML
Image,https://www.drantipov.com/for-patients/insights,https://www.drantipov.com/_next/image?url=%2Fimages%2Fblog%2F2026-06-22%2Fhealing-vs-infection.png&w=3840&q=75&dpl=dpl_AocR8G927cD9b1EN7RTdG1PPiWAf,,Normal Healing vs Infection After Dental Implant Surgery,True,,,200,OK,Root-Relative,//body/main/section[2]/div/div/div[59]/div/div[1]/img,Content,HTML
Image,https://www.drantipov.com/for-patients/insights/why-are-dental-implants-so-expensive,https://www.drantipov.com/_next/image?url=%2Fimages%2Fblog%2F2026-06-22%2Fhealing-vs-infection.png&w=3840&q=75&dpl=dpl_AocR8G927cD9b1EN7RTdG1PPiWAf,,Normal Healing vs Infection After Dental Implant Surgery,True,,,200,OK,Root-Relative,//body/main/section[3]/div/div[2]/div[1]/a/div[1]/img,Content,HTML
Image,https://www.drantipov.com/for-patients/insights/normal-healing-vs-infection-after-dental-implant-surgery,https://www.drantipov.com/_next/image?url=%2Fimages%2Fblog%2F2026-06-22%2Fhealing-vs-infection.png&w=3840&q=75&dpl=dpl_AocR8G927cD9b1EN7RTdG1PPiWAf,,Patient resting at home during recovery after dental implant surgery,True,,,200,OK,Root-Relative,//body/main/section[2]/div/article/div[2]/img,Content,HTML
Image,https://www.drantipov.com/for-patients/insights/single-dental-implant-cost-northern-california,https://www.drantipov.com/_next/image?url=%2Fimages%2Fblog%2F2026-06-22%2Fhealing-vs-infection.png&w=3840&q=75&dpl=dpl_AocR8G927cD9b1EN7RTdG1PPiWAf,,Normal Healing vs Infection After Dental Implant Surgery,True,,,200,OK,Root-Relative,//body/main/section[3]/div/div[2]/div[2]/a/div[1]/img,Content,HTML
Image,https://www.drantipov.com/for-patients/insights/can-dental-implants-get-cavities-or-gum-disease,https://www.drantipov.com/_next/image?url=%2Fimages%2Fblog%2F2026-06-22%2Fhealing-vs-infection.png&w=3840&q=75&dpl=dpl_AocR8G927cD9b1EN7RTdG1PPiWAf,,Normal Healing vs Infection After Dental Implant Surgery,True,,,200,OK,Root-Relative,//body/main/section[3]/div/div[2]/div[3]/a/div[1]/img,Content,HTML
Image,https://www.drantipov.com/ru/for-patients/insights/can-dental-implants-get-cavities-or-gum-disease,https://www.drantipov.com/_next/image?url=%2Fimages%2Fblog%2F2026-06-22%2Fhealing-vs-infection.png&w=3840&q=75&dpl=dpl_AocR8G927cD9b1EN7RTdG1PPiWAf,,Normal Healing vs Infection After Dental Implant Surgery,True,,,200,OK,Root-Relative,//body/main/section[3]/div/div[2]/div[3]/a/div[1]/img,Content,HTML
Image,https://www.drantipov.com/ru/for-patients/insights/normal-healing-vs-infection-after-dental-implant-surgery,https://www.drantipov.com/_next/image?url=%2Fimages%2Fblog%2F2026-06-22%2Fhealing-vs-infection.png&w=3840&q=75&dpl=dpl_AocR8G927cD9b1EN7RTdG1PPiWAf,,Пациент отдыхает дома во время восстановления после имплантации,True,,,200,OK,Root-Relative,//body/main/section[2]/div/article/div[2]/img,Content,HTML
Image,https://www.drantipov.com/ru/for-patients/insights/single-dental-implant-cost-northern-california,https://www.drantipov.com/_next/image?url=%2Fimages%2Fblog%2F2026-06-22%2Fhealing-vs-infection.png&w=3840&q=75&dpl=dpl_AocR8G927cD9b1EN7RTdG1PPiWAf,,Normal Healing vs Infection After Dental Implant Surgery,True,,,200,OK,Root-Relative,//body/main/section[3]/div/div[2]/div[2]/a/div[1]/img,Content,HTML
Image,https://www.drantipov.com/ru/for-patients/insights/why-are-dental-implants-so-expensive,https://www.drantipov.com/_next/image?url=%2Fimages%2Fblog%2F2026-06-22%2Fhealing-vs-infection.png&w=3840&q=75&dpl=dpl_AocR8G927cD9b1EN7RTdG1PPiWAf,,Normal Healing vs Infection After Dental Implant Surgery,True,,,200,OK,Root-Relative,//body/main/section[3]/div/div[2]/div[1]/a/div[1]/img,Content,HTML
Image,https://www.drantipov.com/ru/for-patients/insights,https://www.drantipov.com/_next/image?url=%2Fimages%2Fblog%2F2026-06-22%2Fhealing-vs-infection.png&w=3840&q=75&dpl=dpl_AocR8G927cD9b1EN7RTdG1PPiWAf,,Нормальное заживление и признаки инфекции после имплантации,True,,,200,OK,Root-Relative,//body/main/section[2]/div/div/div[11]/div/div[1]/img,Content,HTML
Image,https://www.drantipov.com/for-patients/insights,https://www.drantipov.com/_next/image?url=%2Fimages%2Fblog%2F2026-06-19%2Fsedation-options.png&w=3840&q=75&dpl=dpl_AocR8G927cD9b1EN7RTdG1PPiWAf,,Sedation Options for Dental Implant Surgery Explained,True,,,200,OK,Root-Relative,//body/main/section[2]/div/div/div[79]/div/div[1]/img,Content,HTML
Image,https://www.drantipov.com/for-patients/insights/sedation-options-dental-implant-surgery,https://www.drantipov.com/_next/image?url=%2Fimages%2Fblog%2F2026-06-19%2Fsedation-options.png&w=3840&q=75&dpl=dpl_AocR8G927cD9b1EN7RTdG1PPiWAf,,Sedation options matched to each patient's comfort level for dental implant surgery,True,,,200,OK,Root-Relative,//body/main/section[2]/div/article/div[2]/img,Content,HTML
Image,https://www.drantipov.com/ru/for-patients/insights/sedation-options-dental-implant-surgery,https://www.drantipov.com/_next/image?url=%2Fimages%2Fblog%2F2026-06-19%2Fsedation-options.png&w=3840&q=75&dpl=dpl_AocR8G927cD9b1EN7RTdG1PPiWAf,,"Варианты седации, подобранные под уровень комфорта каждого пациента при имплантации",True,,,200,OK,Root-Relative,//body/main/section[2]/div/article/div[2]/img,Content,HTML
Image,https://www.drantipov.com/ru/for-patients/insights,https://www.drantipov.com/_next/image?url=%2Fimages%2Fblog%2F2026-06-19%2Fsedation-options.png&w=3840&q=75&dpl=dpl_AocR8G927cD9b1EN7RTdG1PPiWAf,,Варианты седации при установке дентальных имплантов,True,,,200,OK,Root-Relative,//body/main/section[2]/div/div/div[31]/div/div[1]/img,Content,HTML
Image,https://www.drantipov.com/for-patients/insights,https://www.drantipov.com/_next/image?url=%2Fimages%2Fblog%2F2026-06-22%2Fcandidate-for-implants.png&w=3840&q=75&dpl=dpl_AocR8G927cD9b1EN7RTdG1PPiWAf,,Who Is a Candidate for Dental Implants? (And Who Is Not),True,,,200,OK,Root-Relative,//body/main/section[2]/div/div/div[54]/div/div[1]/img,Content,HTML
Image,https://www.drantipov.com/for-patients/insights/who-is-a-candidate-for-dental-implants,https://www.drantipov.com/_next/image?url=%2Fimages%2Fblog%2F2026-06-22%2Fcandidate-for-implants.png&w=3840&q=75&dpl=dpl_AocR8G927cD9b1EN7RTdG1PPiWAf,,Oral surgeon and patient reviewing dental implant candidacy on a screen,True,,,200,OK,Root-Relative,//body/main/section[2]/div/article/div[2]/img,Content,HTML
Image,https://www.drantipov.com/for-patients/insights/dental-implants-for-seniors-age-limit,https://www.drantipov.com/_next/image?url=%2Fimages%2Fblog%2F2026-06-22%2Fcandidate-for-implants.png&w=3840&q=75&dpl=dpl_AocR8G927cD9b1EN7RTdG1PPiWAf,,Who Is a Candidate for Dental Implants? (And Who Is Not),True,,,200,OK,Root-Relative,//body/main/section[3]/div/div[2]/div[2]/a/div[1]/img,Content,HTML
Image,https://www.drantipov.com/for-patients/insights/dental-implants-for-smokers,https://www.drantipov.com/_next/image?url=%2Fimages%2Fblog%2F2026-06-22%2Fcandidate-for-implants.png&w=3840&q=75&dpl=dpl_AocR8G927cD9b1EN7RTdG1PPiWAf,,Who Is a Candidate for Dental Implants? (And Who Is Not),True,,,200,OK,Root-Relative,//body/main/section[3]/div/div[2]/div[3]/a/div[1]/img,Content,HTML
Image,https://www.drantipov.com/for-patients/insights/dental-implants-with-osteoporosis-and-autoimmune-conditions,https://www.drantipov.com/_next/image?url=%2Fimages%2Fblog%2F2026-06-22%2Fcandidate-for-implants.png&w=3840&q=75&dpl=dpl_AocR8G927cD9b1EN7RTdG1PPiWAf,,Who Is a Candidate for Dental Implants? (And Who Is Not),True,,,200,OK,Root-Relative,//body/main/section[3]/div/div[2]/div[1]/a/div[1]/img,Content,HTML
Image,https://www.drantipov.com/ru/for-patients/insights/dental-implants-with-osteoporosis-and-autoimmune-conditions,https://www.drantipov.com/_next/image?url=%2Fimages%2Fblog%2F2026-06-22%2Fcandidate-for-implants.png&w=3840&q=75&dpl=dpl_AocR8G927cD9b1EN7RTdG1PPiWAf,,Who Is a Candidate for Dental Implants? (And Who Is Not),True,,,200,OK,Root-Relative,//body/main/section[3]/div/div[2]/div[1]/a/div[1]/img,Content,HTML
Image,https://www.drantipov.com/ru/for-patients/insights/dental-implants-for-smokers,https://www.drantipov.com/_next/image?url=%2Fimages%2Fblog%2F2026-06-22%2Fcandidate-for-implants.png&w=3840&q=75&dpl=dpl_AocR8G927cD9b1EN7RTdG1PPiWAf,,Who Is a Candidate for Dental Implants? (And Who Is Not),True,,,200,OK,Root-Relative,//body/main/section[3]/div/div[2]/div[3]/a/div[1]/img,Content,HTML
Image,https://www.drantipov.com/ru/for-patients/insights/who-is-a-candidate-for-dental-implants,https://www.drantipov.com/_next/image?url=%2Fimages%2Fblog%2F2026-06-22%2Fcandidate-for-implants.png&w=3840&q=75&dpl=dpl_AocR8G927cD9b1EN7RTdG1PPiWAf,,Челюстно-лицевой хирург и пациент изучают показания к имплантам на экране,True,,,200,OK,Root-Relative,//body/main/section[2]/div/article/div[2]/img,Content,HTML
Image,https://www.drantipov.com/ru/for-patients/insights,https://www.drantipov.com/_next/image?url=%2Fimages%2Fblog%2F2026-06-22%2Fcandidate-for-implants.png&w=3840&q=75&dpl=dpl_AocR8G927cD9b1EN7RTdG1PPiWAf,,Кому подходят импланты? (А кому нет),True,,,200,OK,Root-Relative,//body/main/section[2]/div/div/div[6]/div/div[1]/img,Content,HTML
Image,https://www.drantipov.com/ru/for-patients/insights/dental-implants-for-seniors-age-limit,https://www.drantipov.com/_next/image?url=%2Fimages%2Fblog%2F2026-06-22%2Fcandidate-for-implants.png&w=3840&q=75&dpl=dpl_AocR8G927cD9b1EN7RTdG1PPiWAf,,Who Is a Candidate for Dental Implants? (And Who Is Not),True,,,200,OK,Root-Relative,//body/main/section[3]/div/div[2]/div[2]/a/div[1]/img,Content,HTML
Image,https://www.drantipov.com/for-patients/insights,https://www.drantipov.com/_next/image?url=%2Fimages%2Fblog%2F2026-06-22%2Ffull-mouth-reconstruction-failed.png&w=3840&q=75&dpl=dpl_AocR8G927cD9b1EN7RTdG1PPiWAf,,Full-Mouth Reconstruction for Failed Dental Work: Steps,True,,,200,OK,Root-Relative,//body/main/section[2]/div/div/div[66]/div/div[1]/img,Content,HTML
Image,https://www.drantipov.com/for-patients/insights/can-a-loose-dental-implant-be-saved,https://www.drantipov.com/_next/image?url=%2Fimages%2Fblog%2F2026-06-22%2Ffull-mouth-reconstruction-failed.png&w=3840&q=75&dpl=dpl_AocR8G927cD9b1EN7RTdG1PPiWAf,,Full-Mouth Reconstruction for Failed Dental Work: Steps,True,,,200,OK,Root-Relative,//body/main/section[3]/div/div[2]/div[2]/a/div[1]/img,Content,HTML
Image,https://www.drantipov.com/for-patients/insights/replacing-old-failing-bridges-with-implants,https://www.drantipov.com/_next/image?url=%2Fimages%2Fblog%2F2026-06-22%2Ffull-mouth-reconstruction-failed.png&w=3840&q=75&dpl=dpl_AocR8G927cD9b1EN7RTdG1PPiWAf,,Full-Mouth Reconstruction for Failed Dental Work: Steps,True,,,200,OK,Root-Relative,//body/main/section[3]/div/div[2]/div[3]/a/div[1]/img,Content,HTML
Image,https://www.drantipov.com/for-patients/insights/repairing-a-broken-implant-crown-or-prosthesis,https://www.drantipov.com/_next/image?url=%2Fimages%2Fblog%2F2026-06-22%2Ffull-mouth-reconstruction-failed.png&w=3840&q=75&dpl=dpl_AocR8G927cD9b1EN7RTdG1PPiWAf,,Full-Mouth Reconstruction for Failed Dental Work: Steps,True,,,200,OK,Root-Relative,//body/main/section[3]/div/div[2]/div[1]/a/div[1]/img,Content,HTML
Image,https://www.drantipov.com/for-patients/insights/full-mouth-reconstruction-for-failed-dental-work,https://www.drantipov.com/_next/image?url=%2Fimages%2Fblog%2F2026-06-22%2Ffull-mouth-reconstruction-failed.png&w=3840&q=75&dpl=dpl_AocR8G927cD9b1EN7RTdG1PPiWAf,,Comprehensive dental treatment planning session with 3D jaw scans on screen,True,,,200,OK,Root-Relative,//body/main/section[2]/div/article/div[2]/img,Content,HTML
Image,https://www.drantipov.com/ru/for-patients/insights/can-a-loose-dental-implant-be-saved,https://www.drantipov.com/_next/image?url=%2Fimages%2Fblog%2F2026-06-22%2Ffull-mouth-reconstruction-failed.png&w=3840&q=75&dpl=dpl_AocR8G927cD9b1EN7RTdG1PPiWAf,,Full-Mouth Reconstruction for Failed Dental Work: Steps,True,,,200,OK,Root-Relative,//body/main/section[3]/div/div[2]/div[2]/a/div[1]/img,Content,HTML
Image,https://www.drantipov.com/ru/for-patients/insights/full-mouth-reconstruction-for-failed-dental-work,https://www.drantipov.com/_next/image?url=%2Fimages%2Fblog%2F2026-06-22%2Ffull-mouth-reconstruction-failed.png&w=3840&q=75&dpl=dpl_AocR8G927cD9b1EN7RTdG1PPiWAf,,Сеанс комплексного планирования лечения с 3D-сканами челюсти на экране,True,,,200,OK,Root-Relative,//body/main/section[2]/div/article/div[2]/img,Content,HTML
Image,https://www.drantipov.com/ru/for-patients/insights/replacing-old-failing-bridges-with-implants,https://www.drantipov.com/_next/image?url=%2Fimages%2Fblog%2F2026-06-22%2Ffull-mouth-reconstruction-failed.png&w=3840&q=75&dpl=dpl_AocR8G927cD9b1EN7RTdG1PPiWAf,,Full-Mouth Reconstruction for Failed Dental Work: Steps,True,,,200,OK,Root-Relative,//body/main/section[3]/div/div[2]/div[3]/a/div[1]/img,Content,HTML
Image,https://www.drantipov.com/ru/for-patients/insights/repairing-a-broken-implant-crown-or-prosthesis,https://www.drantipov.com/_next/image?url=%2Fimages%2Fblog%2F2026-06-22%2Ffull-mouth-reconstruction-failed.png&w=3840&q=75&dpl=dpl_AocR8G927cD9b1EN7RTdG1PPiWAf,,Full-Mouth Reconstruction for Failed Dental Work: Steps,True,,,200,OK,Root-Relative,//body/main/section[3]/div/div[2]/div[1]/a/div[1]/img,Content,HTML
Image,https://www.drantipov.com/ru/for-patients/insights,https://www.drantipov.com/_next/image?url=%2Fimages%2Fblog%2F2026-06-22%2Ffull-mouth-reconstruction-failed.png&w=3840&q=75&dpl=dpl_AocR8G927cD9b1EN7RTdG1PPiWAf,,Полная реконструкция зубов после неудачного лечения,True,,,200,OK,Root-Relative,//body/main/section[2]/div/div/div[18]/div/div[1]/img,Content,HTML
Image,https://www.drantipov.com/for-patients/insights,https://www.drantipov.com/_next/image?url=%2Fimages%2Fblog%2F2026-06-22%2Fsingle-implant-cost-norcal.png&w=3840&q=75&dpl=dpl_AocR8G927cD9b1EN7RTdG1PPiWAf,,Single Dental Implant Cost in Northern California,True,,,200,OK,Root-Relative,//body/main/section[2]/div/div/div[57]/div/div[1]/img,Content,HTML
Image,https://www.drantipov.com/for-patients/insights/who-is-a-candidate-for-dental-implants,https://www.drantipov.com/_next/image?url=%2Fimages%2Fblog%2F2026-06-22%2Fsingle-implant-cost-norcal.png&w=3840&q=75&dpl=dpl_AocR8G927cD9b1EN7RTdG1PPiWAf,,Single Dental Implant Cost in Northern California,True,,,200,OK,Root-Relative,//body/main/section[3]/div/div[2]/div[3]/a/div[1]/img,Content,HTML
Image,https://www.drantipov.com/for-patients/insights/titanium-vs-zirconia-dental-implants,https://www.drantipov.com/_next/image?url=%2Fimages%2Fblog%2F2026-06-22%2Fsingle-implant-cost-norcal.png&w=3840&q=75&dpl=dpl_AocR8G927cD9b1EN7RTdG1PPiWAf,,Single Dental Implant Cost in Northern California,True,,,200,OK,Root-Relative,//body/main/section[3]/div/div[2]/div[2]/a/div[1]/img,Content,HTML
Image,https://www.drantipov.com/for-patients/insights/single-dental-implant-cost-northern-california,https://www.drantipov.com/_next/image?url=%2Fimages%2Fblog%2F2026-06-22%2Fsingle-implant-cost-norcal.png&w=3840&q=75&dpl=dpl_AocR8G927cD9b1EN7RTdG1PPiWAf,,Patient reviewing a dental implant cost estimate with a treatment coordinator,True,,,200,OK,Root-Relative,//body/main/section[2]/div/article/div[2]/img,Content,HTML
Image,https://www.drantipov.com/for-patients/insights/can-dental-implants-get-cavities-or-gum-disease,https://www.drantipov.com/_next/image?url=%2Fimages%2Fblog%2F2026-06-22%2Fsingle-implant-cost-norcal.png&w=3840&q=75&dpl=dpl_AocR8G927cD9b1EN7RTdG1PPiWAf,,Single Dental Implant Cost in Northern California,True,,,200,OK,Root-Relative,//body/main/section[3]/div/div[2]/div[1]/a/div[1]/img,Content,HTML
Image,https://www.drantipov.com/ru/for-patients/insights/can-dental-implants-get-cavities-or-gum-disease,https://www.drantipov.com/_next/image?url=%2Fimages%2Fblog%2F2026-06-22%2Fsingle-implant-cost-norcal.png&w=3840&q=75&dpl=dpl_AocR8G927cD9b1EN7RTdG1PPiWAf,,Single Dental Implant Cost in Northern California,True,,,200,OK,Root-Relative,//body/main/section[3]/div/div[2]/div[1]/a/div[1]/img,Content,HTML
Image,https://www.drantipov.com/ru/for-patients/insights/titanium-vs-zirconia-dental-implants,https://www.drantipov.com/_next/image?url=%2Fimages%2Fblog%2F2026-06-22%2Fsingle-implant-cost-norcal.png&w=3840&q=75&dpl=dpl_AocR8G927cD9b1EN7RTdG1PPiWAf,,Single Dental Implant Cost in Northern California,True,,,200,OK,Root-Relative,//body/main/section[3]/div/div[2]/div[2]/a/div[1]/img,Content,HTML
Image,https://www.drantipov.com/ru/for-patients/insights/who-is-a-candidate-for-dental-implants,https://www.drantipov.com/_next/image?url=%2Fimages%2Fblog%2F2026-06-22%2Fsingle-implant-cost-norcal.png&w=3840&q=75&dpl=dpl_AocR8G927cD9b1EN7RTdG1PPiWAf,,Single Dental Implant Cost in Northern California,True,,,200,OK,Root-Relative,//body/main/section[3]/div/div[2]/div[3]/a/div[1]/img,Content,HTML
Image,https://www.drantipov.com/ru/for-patients/insights/single-dental-implant-cost-northern-california,https://www.drantipov.com/_next/image?url=%2Fimages%2Fblog%2F2026-06-22%2Fsingle-implant-cost-norcal.png&w=3840&q=75&dpl=dpl_AocR8G927cD9b1EN7RTdG1PPiWAf,,Пациент изучает смету на имплант с координатором лечения,True,,,200,OK,Root-Relative,//body/main/section[2]/div/article/div[2]/img,Content,HTML
Image,https://www.drantipov.com/ru/for-patients/insights,https://www.drantipov.com/_next/image?url=%2Fimages%2Fblog%2F2026-06-22%2Fsingle-implant-cost-norcal.png&w=3840&q=75&dpl=dpl_AocR8G927cD9b1EN7RTdG1PPiWAf,,Стоимость одного импланта в Северной Калифорнии,True,,,200,OK,Root-Relative,//body/main/section[2]/div/div/div[9]/div/div[1]/img,Content,HTML
Image,https://www.drantipov.com/for-patients/insights,https://www.drantipov.com/_next/image?url=%2Fimages%2Fblog%2F2026-07-14%2Fteeth-in-a-day-same-day-smile-restoration.png&w=3840&q=75&dpl=dpl_AocR8G927cD9b1EN7RTdG1PPiWAf,,Teeth in a Day: How Same-Day Full-Arch Smile Restoration Works,True,,,200,OK,Root-Relative,//body/main/section[2]/div/div/div[29]/div/div[1]/img,Content,HTML
Image,https://www.drantipov.com/for-patients/insights/same-day-dental-implant-process-step-by-step,https://www.drantipov.com/_next/image?url=%2Fimages%2Fblog%2F2026-07-14%2Fteeth-in-a-day-same-day-smile-restoration.png&w=3840&q=75&dpl=dpl_AocR8G927cD9b1EN7RTdG1PPiWAf,,Teeth in a Day: How Same-Day Full-Arch Smile Restoration Works,True,,,200,OK,Root-Relative,//body/main/section[3]/div/div[2]/div[2]/a/div[1]/img,Content,HTML
Image,https://www.drantipov.com/for-patients/insights/dental-implant-surgery-complete-guide,https://www.drantipov.com/_next/image?url=%2Fimages%2Fblog%2F2026-07-14%2Fteeth-in-a-day-same-day-smile-restoration.png&w=3840&q=75&dpl=dpl_AocR8G927cD9b1EN7RTdG1PPiWAf,,Teeth in a Day: How Same-Day Full-Arch Smile Restoration Works,True,,,200,OK,Root-Relative,//body/main/section[3]/div/div[2]/div[3]/a/div[1]/img,Content,HTML
Image,https://www.drantipov.com/for-patients/insights/teeth-in-a-day-same-day-smile-restoration,https://www.drantipov.com/_next/image?url=%2Fimages%2Fblog%2F2026-07-14%2Fteeth-in-a-day-same-day-smile-restoration.png&w=3840&q=75&dpl=dpl_AocR8G927cD9b1EN7RTdG1PPiWAf,,Oral surgeon reviewing a 3D CBCT jaw scan beside a full-arch dental prosthesis model,True,,,200,OK,Root-Relative,//body/main/section[2]/div/article/div[2]/img,Content,HTML
Image,https://www.drantipov.com/for-patients/insights/snap-in-dentures-complete-guide,https://www.drantipov.com/_next/image?url=%2Fimages%2Fblog%2F2026-07-14%2Fteeth-in-a-day-same-day-smile-restoration.png&w=3840&q=75&dpl=dpl_AocR8G927cD9b1EN7RTdG1PPiWAf,,Teeth in a Day: How Same-Day Full-Arch Smile Restoration Works,True,,,200,OK,Root-Relative,//body/main/section[3]/div/div[2]/div[1]/a/div[1]/img,Content,HTML
Image,https://www.drantipov.com/for-patients/insights,https://www.drantipov.com/_next/image?url=%2Fimages%2Fblog%2F2026-08-04%2Fhow-bone-loss-affects-dental-implants.png&w=3840&q=75&dpl=dpl_AocR8G927cD9b1EN7RTdG1PPiWAf,,"How Bone Loss Affects Dental Implants: Causes, Risks, and Modern Solutions",True,,,200,OK,Root-Relative,//body/main/section[2]/div/div/div[9]/div/div[1]/img,Content,HTML
Image,https://www.drantipov.com/for-patients/insights/all-on-4-dental-implants-san-francisco,https://www.drantipov.com/_next/image?url=%2Fimages%2Fblog%2F2026-08-04%2Fhow-bone-loss-affects-dental-implants.png&w=3840&q=75&dpl=dpl_AocR8G927cD9b1EN7RTdG1PPiWAf,,"How Bone Loss Affects Dental Implants: Causes, Risks, and Modern Solutions",True,,,200,OK,Root-Relative,//body/main/section[3]/div/div[2]/div[3]/a/div[1]/img,Content,HTML
Image,https://www.drantipov.com/for-patients/insights/types-of-permanent-dental-implants,https://www.drantipov.com/_next/image?url=%2Fimages%2Fblog%2F2026-08-04%2Fhow-bone-loss-affects-dental-implants.png&w=3840&q=75&dpl=dpl_AocR8G927cD9b1EN7RTdG1PPiWAf,,"How Bone Loss Affects Dental Implants: Causes, Risks, and Modern Solutions",True,,,200,OK,Root-Relative,//body/main/section[3]/div/div[2]/div[1]/a/div[1]/img,Content,HTML
Image,https://www.drantipov.com/for-patients/insights/full-fixed-arch-implant-cost,https://www.drantipov.com/_next/image?url=%2Fimages%2Fblog%2F2026-08-04%2Fhow-bone-loss-affects-dental-implants.png&w=3840&q=75&dpl=dpl_AocR8G927cD9b1EN7RTdG1PPiWAf,,"How Bone Loss Affects Dental Implants: Causes, Risks, and Modern Solutions",True,,,200,OK,Root-Relative,//body/main/section[3]/div/div[2]/div[2]/a/div[1]/img,Content,HTML
Image,https://www.drantipov.com/for-patients/insights/how-bone-loss-affects-dental-implants,https://www.drantipov.com/_next/image?url=%2Fimages%2Fblog%2F2026-08-04%2Fhow-bone-loss-affects-dental-implants.png&w=3840&q=75&dpl=dpl_AocR8G927cD9b1EN7RTdG1PPiWAf,,Oral surgeon reviewing a 3D CBCT cross-section showing jawbone density mapping around a planned dental implant position,True,,,200,OK,Root-Relative,//body/main/section[2]/div/article/div[2]/img,Content,HTML
Image,https://www.drantipov.com/for-patients/insights,https://www.drantipov.com/_next/image?url=%2Fimages%2Fblog%2F2026-07-02%2Fsingle-tooth-implant-vs-dental-bridge.png&w=3840&q=75&dpl=dpl_AocR8G927cD9b1EN7RTdG1PPiWAf,,Single Tooth Implant vs. Dental Bridge: Calculating the Real Cost,True,,,200,OK,Root-Relative,//body/main/section[2]/div/div/div[43]/div/div[1]/img,Content,HTML
Image,https://www.drantipov.com/for-patients/insights/told-no-to-dental-implants-why-specialists-say-yes,https://www.drantipov.com/_next/image?url=%2Fimages%2Fblog%2F2026-07-02%2Fsingle-tooth-implant-vs-dental-bridge.png&w=3840&q=75&dpl=dpl_AocR8G927cD9b1EN7RTdG1PPiWAf,,Single Tooth Implant vs. Dental Bridge: Calculating the Real Cost,True,,,200,OK,Root-Relative,//body/main/section[3]/div/div[2]/div[2]/a/div[1]/img,Content,HTML
Image,https://www.drantipov.com/for-patients/insights/best-full-arch-dental-implant-clinics-california-how-to-compare,https://www.drantipov.com/_next/image?url=%2Fimages%2Fblog%2F2026-07-02%2Fsingle-tooth-implant-vs-dental-bridge.png&w=3840&q=75&dpl=dpl_AocR8G927cD9b1EN7RTdG1PPiWAf,,Single Tooth Implant vs. Dental Bridge: Calculating the Real Cost,True,,,200,OK,Root-Relative,//body/main/section[3]/div/div[2]/div[3]/a/div[1]/img,Content,HTML
Image,https://www.drantipov.com/for-patients/insights/missing-front-tooth-replacement-options,https://www.drantipov.com/_next/image?url=%2Fimages%2Fblog%2F2026-07-02%2Fsingle-tooth-implant-vs-dental-bridge.png&w=3840&q=75&dpl=dpl_AocR8G927cD9b1EN7RTdG1PPiWAf,,Single Tooth Implant vs. Dental Bridge: Calculating the Real Cost,True,,,200,OK,Root-Relative,//body/main/section[3]/div/div[2]/div[1]/a/div[1]/img,Content,HTML
Image,https://www.drantipov.com/for-patients/insights/single-tooth-implant-vs-dental-bridge-real-cost,https://www.drantipov.com/_next/image?url=%2Fimages%2Fblog%2F2026-07-02%2Fsingle-tooth-implant-vs-dental-bridge.png&w=3840&q=75&dpl=dpl_AocR8G927cD9b1EN7RTdG1PPiWAf,,Side-by-side comparison of a single dental implant and a three-unit dental bridge anchored to neighboring teeth,True,,,200,OK,Root-Relative,//body/main/section[2]/div/article/div[2]/img,Content,HTML
Image,https://www.drantipov.com/for-patients/insights,https://www.drantipov.com/_next/image?url=%2Fimages%2Fblog%2F2026-07-27%2Fdental-implant-revision-surgery.png&w=3840&q=75&dpl=dpl_AocR8G927cD9b1EN7RTdG1PPiWAf,,"Dental Implant Revision Surgery: Rescuing a Failing Implant in Roseville, CA",True,,,200,OK,Root-Relative,//body/main/section[2]/div/div/div[19]/div/div[1]/img,Content,HTML
Image,https://www.drantipov.com/for-patients/insights/dental-implant-recovery-time,https://www.drantipov.com/_next/image?url=%2Fimages%2Fblog%2F2026-07-27%2Fdental-implant-revision-surgery.png&w=3840&q=75&dpl=dpl_AocR8G927cD9b1EN7RTdG1PPiWAf,,"Dental Implant Revision Surgery: Rescuing a Failing Implant in Roseville, CA",True,,,200,OK,Root-Relative,//body/main/section[3]/div/div[2]/div[1]/a/div[1]/img,Content,HTML
Image,https://www.drantipov.com/for-patients/insights/dental-implants-el-dorado-hills,https://www.drantipov.com/_next/image?url=%2Fimages%2Fblog%2F2026-07-27%2Fdental-implant-revision-surgery.png&w=3840&q=75&dpl=dpl_AocR8G927cD9b1EN7RTdG1PPiWAf,,"Dental Implant Revision Surgery: Rescuing a Failing Implant in Roseville, CA",True,,,200,OK,Root-Relative,//body/main/section[3]/div/div[2]/div[3]/a/div[1]/img,Content,HTML
Image,https://www.drantipov.com/for-patients/insights/dental-implant-revision-surgery,https://www.drantipov.com/_next/image?url=%2Fimages%2Fblog%2F2026-07-27%2Fdental-implant-revision-surgery.png&w=3840&q=75&dpl=dpl_AocR8G927cD9b1EN7RTdG1PPiWAf,,Oral surgeon reviewing a 3D CBCT scan on a monitor while planning a dental implant revision surgery,True,,,200,OK,Root-Relative,//body/main/section[2]/div/article/div[2]/img,Content,HTML
Image,https://www.drantipov.com/for-patients/insights/single-tooth-implant-cost-without-insurance,https://www.drantipov.com/_next/image?url=%2Fimages%2Fblog%2F2026-07-27%2Fdental-implant-revision-surgery.png&w=3840&q=75&dpl=dpl_AocR8G927cD9b1EN7RTdG1PPiWAf,,"Dental Implant Revision Surgery: Rescuing a Failing Implant in Roseville, CA",True,,,200,OK,Root-Relative,//body/main/section[3]/div/div[2]/div[2]/a/div[1]/img,Content,HTML
Image,https://www.drantipov.com/for-patients/insights,https://www.drantipov.com/_next/image?url=%2Fimages%2Fblog%2F2026-07-27%2Fsnap-in-dentures-el-dorado-hills.png&w=3840&q=75&dpl=dpl_AocR8G927cD9b1EN7RTdG1PPiWAf,,Snap-In Dentures in El Dorado Hills: Your 2026 Buying Guide,True,,,200,OK,Root-Relative,//body/main/section[2]/div/div/div[21]/div/div[1]/img,Content,HTML
Image,https://www.drantipov.com/for-patients/insights/dental-implant-recovery-time,https://www.drantipov.com/_next/image?url=%2Fimages%2Fblog%2F2026-07-27%2Fsnap-in-dentures-el-dorado-hills.png&w=3840&q=75&dpl=dpl_AocR8G927cD9b1EN7RTdG1PPiWAf,,Snap-In Dentures in El Dorado Hills: Your 2026 Buying Guide,True,,,200,OK,Root-Relative,//body/main/section[3]/div/div[2]/div[3]/a/div[1]/img,Content,HTML
Image,https://www.drantipov.com/for-patients/insights/snap-in-dentures-el-dorado-hills,https://www.drantipov.com/_next/image?url=%2Fimages%2Fblog%2F2026-07-27%2Fsnap-in-dentures-el-dorado-hills.png&w=3840&q=75&dpl=dpl_AocR8G927cD9b1EN7RTdG1PPiWAf,,Oral surgeon showing an El Dorado Hills couple a jaw model of a snap-in overdenture with implant locator attachments during a consultation,True,,,200,OK,Root-Relative,//body/main/section[2]/div/article/div[2]/img,Content,HTML
Image,https://www.drantipov.com/for-patients/insights/dental-implant-revision-surgery,https://www.drantipov.com/_next/image?url=%2Fimages%2Fblog%2F2026-07-27%2Fsnap-in-dentures-el-dorado-hills.png&w=3840&q=75&dpl=dpl_AocR8G927cD9b1EN7RTdG1PPiWAf,,Snap-In Dentures in El Dorado Hills: Your 2026 Buying Guide,True,,,200,OK,Root-Relative,//body/main/section[3]/div/div[2]/div[2]/a/div[1]/img,Content,HTML
Image,https://www.drantipov.com/for-patients/insights/benefits-of-all-on-4-dental-implants,https://www.drantipov.com/_next/image?url=%2Fimages%2Fblog%2F2026-07-27%2Fsnap-in-dentures-el-dorado-hills.png&w=3840&q=75&dpl=dpl_AocR8G927cD9b1EN7RTdG1PPiWAf,,Snap-In Dentures in El Dorado Hills: Your 2026 Buying Guide,True,,,200,OK,Root-Relative,//body/main/section[3]/div/div[2]/div[1]/a/div[1]/img,Content,HTML
Image,https://www.drantipov.com/for-patients/insights,https://www.drantipov.com/_next/image?url=%2Fimages%2Fblog%2F2026-06-19%2Fdental-implant-procedure.png&w=3840&q=75&dpl=dpl_AocR8G927cD9b1EN7RTdG1PPiWAf,,Dental Implant Procedure: Complete Step-by-Step Guide,True,,,200,OK,Root-Relative,//body/main/section[2]/div/div/div[72]/div/div[1]/img,Content,HTML
Image,https://www.drantipov.com/for-patients/insights/how-to-fix-an-overbite-treatment-options-and-cost,https://www.drantipov.com/_next/image?url=%2Fimages%2Fblog%2F2026-06-19%2Fdental-implant-procedure.png&w=3840&q=75&dpl=dpl_AocR8G927cD9b1EN7RTdG1PPiWAf,,Dental Implant Procedure: Complete Step-by-Step Guide,True,,,200,OK,Root-Relative,//body/main/section[3]/div/div[2]/div[2]/a/div[1]/img,Content,HTML
Image,https://www.drantipov.com/for-patients/insights/redoing-dental-implants-done-abroad-recovery-plan,https://www.drantipov.com/_next/image?url=%2Fimages%2Fblog%2F2026-06-19%2Fdental-implant-procedure.png&w=3840&q=75&dpl=dpl_AocR8G927cD9b1EN7RTdG1PPiWAf,,Dental Implant Procedure: Complete Step-by-Step Guide,True,,,200,OK,Root-Relative,//body/main/section[3]/div/div[2]/div[3]/a/div[1]/img,Content,HTML
Image,https://www.drantipov.com/for-patients/insights/can-you-fix-an-overbite-naturally,https://www.drantipov.com/_next/image?url=%2Fimages%2Fblog%2F2026-06-19%2Fdental-implant-procedure.png&w=3840&q=75&dpl=dpl_AocR8G927cD9b1EN7RTdG1PPiWAf,,Dental Implant Procedure: Complete Step-by-Step Guide,True,,,200,OK,Root-Relative,//body/main/section[3]/div/div[2]/div[1]/a/div[1]/img,Content,HTML
Image,https://www.drantipov.com/for-patients/insights/dental-implant-procedure-complete-guide,https://www.drantipov.com/_next/image?url=%2Fimages%2Fblog%2F2026-06-19%2Fdental-implant-procedure.png&w=3840&q=75&dpl=dpl_AocR8G927cD9b1EN7RTdG1PPiWAf,,Step-by-step dental implant procedure from consultation to final crown,True,,,200,OK,Root-Relative,//body/main/section[2]/div/article/div[2]/img,Content,HTML
Image,https://www.drantipov.com/ru/for-patients/insights/can-you-fix-an-overbite-naturally,https://www.drantipov.com/_next/image?url=%2Fimages%2Fblog%2F2026-06-19%2Fdental-implant-procedure.png&w=3840&q=75&dpl=dpl_AocR8G927cD9b1EN7RTdG1PPiWAf,,Dental Implant Procedure: Complete Step-by-Step Guide,True,,,200,OK,Root-Relative,//body/main/section[3]/div/div[2]/div[1]/a/div[1]/img,Content,HTML
Image,https://www.drantipov.com/ru/for-patients/insights/dental-implant-procedure-complete-guide,https://www.drantipov.com/_next/image?url=%2Fimages%2Fblog%2F2026-06-19%2Fdental-implant-procedure.png&w=3840&q=75&dpl=dpl_AocR8G927cD9b1EN7RTdG1PPiWAf,,Пошаговая процедура имплантации зуба — от консультации до финальной коронки,True,,,200,OK,Root-Relative,//body/main/section[2]/div/article/div[2]/img,Content,HTML
Image,https://www.drantipov.com/ru/for-patients/insights/how-to-fix-an-overbite-treatment-options-and-cost,https://www.drantipov.com/_next/image?url=%2Fimages%2Fblog%2F2026-06-19%2Fdental-implant-procedure.png&w=3840&q=75&dpl=dpl_AocR8G927cD9b1EN7RTdG1PPiWAf,,Dental Implant Procedure: Complete Step-by-Step Guide,True,,,200,OK,Root-Relative,//body/main/section[3]/div/div[2]/div[2]/a/div[1]/img,Content,HTML
Image,https://www.drantipov.com/ru/for-patients/insights/redoing-dental-implants-done-abroad-recovery-plan,https://www.drantipov.com/_next/image?url=%2Fimages%2Fblog%2F2026-06-19%2Fdental-implant-procedure.png&w=3840&q=75&dpl=dpl_AocR8G927cD9b1EN7RTdG1PPiWAf,,Dental Implant Procedure: Complete Step-by-Step Guide,True,,,200,OK,Root-Relative,//body/main/section[3]/div/div[2]/div[3]/a/div[1]/img,Content,HTML
Image,https://www.drantipov.com/ru/for-patients/insights,https://www.drantipov.com/_next/image?url=%2Fimages%2Fblog%2F2026-06-19%2Fdental-implant-procedure.png&w=3840&q=75&dpl=dpl_AocR8G927cD9b1EN7RTdG1PPiWAf,,Имплантация зуба: пошаговое руководство,True,,,200,OK,Root-Relative,//body/main/section[2]/div/div/div[24]/div/div[1]/img,Content,HTML
Image,https://www.drantipov.com/for-patients/insights,https://www.drantipov.com/_next/image?url=%2Fimages%2Fblog%2F2026-08-04%2Fdental-implants-for-missing-back-teeth.png&w=3840&q=75&dpl=dpl_AocR8G927cD9b1EN7RTdG1PPiWAf,,Dental Implants for Missing Back Teeth: Restoring Your Bite and Oral Health,True,,,200,OK,Root-Relative,//body/main/section[2]/div/div/div[3]/div/div[1]/img,Content,HTML
Image,https://www.drantipov.com/for-patients/insights/dental-implant-aftercare,https://www.drantipov.com/_next/image?url=%2Fimages%2Fblog%2F2026-08-04%2Fdental-implants-for-missing-back-teeth.png&w=3840&q=75&dpl=dpl_AocR8G927cD9b1EN7RTdG1PPiWAf,,Dental Implants for Missing Back Teeth: Restoring Your Bite and Oral Health,True,,,200,OK,Root-Relative,//body/main/section[3]/div/div[2]/div[3]/a/div[1]/img,Content,HTML
Image,https://www.drantipov.com/for-patients/insights/dental-implants-for-missing-back-teeth,https://www.drantipov.com/_next/image?url=%2Fimages%2Fblog%2F2026-08-04%2Fdental-implants-for-missing-back-teeth.png&w=3840&q=75&dpl=dpl_AocR8G927cD9b1EN7RTdG1PPiWAf,,Dental education model of a lower jaw cross-section with a titanium implant replacing a back molar next to natural teeth,True,,,200,OK,Root-Relative,//body/main/section[2]/div/article/div[2]/img,Content,HTML
Image,https://www.drantipov.com/for-patients/insights/single-tooth-implant-process-timeline,https://www.drantipov.com/_next/image?url=%2Fimages%2Fblog%2F2026-08-04%2Fdental-implants-for-missing-back-teeth.png&w=3840&q=75&dpl=dpl_AocR8G927cD9b1EN7RTdG1PPiWAf,,Dental Implants for Missing Back Teeth: Restoring Your Bite and Oral Health,True,,,200,OK,Root-Relative,//body/main/section[3]/div/div[2]/div[2]/a/div[1]/img,Content,HTML
Image,https://www.drantipov.com/for-patients/insights/fixed-dentures-on-implants,https://www.drantipov.com/_next/image?url=%2Fimages%2Fblog%2F2026-08-04%2Fdental-implants-for-missing-back-teeth.png&w=3840&q=75&dpl=dpl_AocR8G927cD9b1EN7RTdG1PPiWAf,,Dental Implants for Missing Back Teeth: Restoring Your Bite and Oral Health,True,,,200,OK,Root-Relative,//body/main/section[3]/div/div[2]/div[1]/a/div[1]/img,Content,HTML
Image,https://www.drantipov.com/ru/for-patients/insights/dental-implant-aftercare,https://www.drantipov.com/_next/image?url=%2Fimages%2Fblog%2F2026-08-04%2Fdental-implants-for-missing-back-teeth.png&w=3840&q=75&dpl=dpl_AocR8G927cD9b1EN7RTdG1PPiWAf,,Dental Implants for Missing Back Teeth: Restoring Your Bite and Oral Health,True,,,200,OK,Root-Relative,//body/main/section[3]/div/div[2]/div[3]/a/div[1]/img,Content,HTML
Image,https://www.drantipov.com/for-patients/insights,https://www.drantipov.com/_next/image?url=%2Fimages%2Fblog%2F2026-06-19%2Ffull-mouth-dental-implants.png&w=3840&q=75&dpl=dpl_AocR8G927cD9b1EN7RTdG1PPiWAf,,"Full Mouth Dental Implants in Roseville & Sacramento: Cost, Process, and What to Expect",True,,,200,OK,Root-Relative,//body/main/section[2]/div/div/div[82]/div/div[1]/img,Content,HTML
Image,https://www.drantipov.com/for-patients/insights/zirconia-arches,https://www.drantipov.com/_next/image?url=%2Fimages%2Fblog%2F2026-06-19%2Ffull-mouth-dental-implants.png&w=3840&q=75&dpl=dpl_AocR8G927cD9b1EN7RTdG1PPiWAf,,A natural-looking full-arch result with a zirconia prosthesis,True,,,200,OK,Root-Relative,//body/main/section[2]/div/article/div[3]/div[2]/img,Content,HTML
Image,https://www.drantipov.com/for-patients/insights/full-mouth-dental-implants-cost-process,https://www.drantipov.com/_next/image?url=%2Fimages%2Fblog%2F2026-06-19%2Ffull-mouth-dental-implants.png&w=3840&q=75&dpl=dpl_AocR8G927cD9b1EN7RTdG1PPiWAf,,"Full mouth dental implants restore a complete, confident smile",True,,,200,OK,Root-Relative,//body/main/section[2]/div/article/div[2]/img,Content,HTML
Image,https://www.drantipov.com/ru/for-patients/insights/full-mouth-dental-implants-cost-process,https://www.drantipov.com/_next/image?url=%2Fimages%2Fblog%2F2026-06-19%2Ffull-mouth-dental-implants.png&w=3840&q=75&dpl=dpl_AocR8G927cD9b1EN7RTdG1PPiWAf,,Импланты на всю челюсть возвращают полную и уверенную улыбку,True,,,200,OK,Root-Relative,//body/main/section[2]/div/article/div[2]/img,Content,HTML
Image,https://www.drantipov.com/ru/for-patients/insights/zirconia-arches,https://www.drantipov.com/_next/image?url=%2Fimages%2Fblog%2F2026-06-19%2Ffull-mouth-dental-implants.png&w=3840&q=75&dpl=dpl_AocR8G927cD9b1EN7RTdG1PPiWAf,,Естественный результат восстановления всей зубной дуги циркониевым протезом,True,,,200,OK,Root-Relative,//body/main/section[2]/div/article/div[3]/div[2]/img,Content,HTML
Image,https://www.drantipov.com/ru/for-patients/insights,https://www.drantipov.com/_next/image?url=%2Fimages%2Fblog%2F2026-06-19%2Ffull-mouth-dental-implants.png&w=3840&q=75&dpl=dpl_AocR8G927cD9b1EN7RTdG1PPiWAf,,Импланты на всю челюсть в Roseville и Сакраменто: стоимость и процесс,True,,,200,OK,Root-Relative,//body/main/section[2]/div/div/div[34]/div/div[1]/img,Content,HTML
Image,https://www.drantipov.com/for-patients/insights,https://www.drantipov.com/_next/image?url=%2Fimages%2Fblog%2F2026-07-13%2Fall-on-4-recovery.png&w=3840&q=75&dpl=dpl_AocR8G927cD9b1EN7RTdG1PPiWAf,,All-on-4 Dental Implants Recovery: A Week-by-Week Healing Timeline,True,,,200,OK,Root-Relative,//body/main/section[2]/div/div/div[36]/div/div[1]/img,Content,HTML
Image,https://www.drantipov.com/for-patients/insights/alternatives-to-dental-bridges,https://www.drantipov.com/_next/image?url=%2Fimages%2Fblog%2F2026-07-13%2Fall-on-4-recovery.png&w=3840&q=75&dpl=dpl_AocR8G927cD9b1EN7RTdG1PPiWAf,,All-on-4 Dental Implants Recovery: A Week-by-Week Healing Timeline,True,,,200,OK,Root-Relative,//body/main/section[3]/div/div[2]/div[3]/a/div[1]/img,Content,HTML
Image,https://www.drantipov.com/for-patients/insights/iv-sedation-dentistry-what-to-expect,https://www.drantipov.com/_next/image?url=%2Fimages%2Fblog%2F2026-07-13%2Fall-on-4-recovery.png&w=3840&q=75&dpl=dpl_AocR8G927cD9b1EN7RTdG1PPiWAf,,All-on-4 Dental Implants Recovery: A Week-by-Week Healing Timeline,True,,,200,OK,Root-Relative,//body/main/section[3]/div/div[2]/div[2]/a/div[1]/img,Content,HTML
Image,https://www.drantipov.com/for-patients/insights/all-on-4-dental-implants-recovery-timeline,https://www.drantipov.com/_next/image?url=%2Fimages%2Fblog%2F2026-07-13%2Fall-on-4-recovery.png&w=3840&q=75&dpl=dpl_AocR8G927cD9b1EN7RTdG1PPiWAf,,Patient resting comfortably at home with a wrapped cold compress during dental implant recovery,True,,,200,OK,Root-Relative,//body/main/section[2]/div/article/div[2]/img,Content,HTML
Image,https://www.drantipov.com/for-patients/insights/permanent-teeth-implants-complete-guide,https://www.drantipov.com/_next/image?url=%2Fimages%2Fblog%2F2026-07-13%2Fall-on-4-recovery.png&w=3840&q=75&dpl=dpl_AocR8G927cD9b1EN7RTdG1PPiWAf,,All-on-4 Dental Implants Recovery: A Week-by-Week Healing Timeline,True,,,200,OK,Root-Relative,//body/main/section[3]/div/div[2]/div[1]/a/div[1]/img,Content,HTML
Image,https://www.drantipov.com/for-patients/insights,https://www.drantipov.com/_next/image?url=%2Fimages%2Fblog%2F2026-07-13%2Fpermanent-dentures-fixed-vs-removable.png&w=3840&q=75&dpl=dpl_AocR8G927cD9b1EN7RTdG1PPiWAf,,Permanent Dentures: Fixed vs. Removable Implant Solutions Compared,True,,,200,OK,Root-Relative,//body/main/section[2]/div/div/div[37]/div/div[1]/img,Content,HTML
Image,https://www.drantipov.com/for-patients/insights/iv-sedation-dentistry-what-to-expect,https://www.drantipov.com/_next/image?url=%2Fimages%2Fblog%2F2026-07-13%2Fpermanent-dentures-fixed-vs-removable.png&w=3840&q=75&dpl=dpl_AocR8G927cD9b1EN7RTdG1PPiWAf,,Permanent Dentures: Fixed vs. Removable Implant Solutions Compared,True,,,200,OK,Root-Relative,//body/main/section[3]/div/div[2]/div[3]/a/div[1]/img,Content,HTML
Image,https://www.drantipov.com/for-patients/insights/all-on-4-dental-implants-recovery-timeline,https://www.drantipov.com/_next/image?url=%2Fimages%2Fblog%2F2026-07-13%2Fpermanent-dentures-fixed-vs-removable.png&w=3840&q=75&dpl=dpl_AocR8G927cD9b1EN7RTdG1PPiWAf,,Permanent Dentures: Fixed vs. Removable Implant Solutions Compared,True,,,200,OK,Root-Relative,//body/main/section[3]/div/div[2]/div[1]/a/div[1]/img,Content,HTML
Image,https://www.drantipov.com/for-patients/insights/permanent-dentures-fixed-vs-removable,https://www.drantipov.com/_next/image?url=%2Fimages%2Fblog%2F2026-07-13%2Fpermanent-dentures-fixed-vs-removable.png&w=3840&q=75&dpl=dpl_AocR8G927cD9b1EN7RTdG1PPiWAf,,Full-arch implant-supported dental prosthesis displayed in a modern dental clinic,True,,,200,OK,Root-Relative,//body/main/section[2]/div/article/div[2]/img,Content,HTML
Image,https://www.drantipov.com/for-patients/insights/permanent-teeth-implants-complete-guide,https://www.drantipov.com/_next/image?url=%2Fimages%2Fblog%2F2026-07-13%2Fpermanent-dentures-fixed-vs-removable.png&w=3840&q=75&dpl=dpl_AocR8G927cD9b1EN7RTdG1PPiWAf,,Permanent Dentures: Fixed vs. Removable Implant Solutions Compared,True,,,200,OK,Root-Relative,//body/main/section[3]/div/div[2]/div[2]/a/div[1]/img,Content,HTML
Image,https://www.drantipov.com/for-patients/insights,https://www.drantipov.com/_next/image?url=%2Fimages%2Fblog%2F2026-07-27%2Fdental-implants-el-dorado-hills.png&w=3840&q=75&dpl=dpl_AocR8G927cD9b1EN7RTdG1PPiWAf,,Dental Implants for El Dorado Hills: The Science of Osseointegration,True,,,200,OK,Root-Relative,//body/main/section[2]/div/div/div[16]/div/div[1]/img,Content,HTML
Image,https://www.drantipov.com/for-patients/insights/how-much-do-dental-implants-cost,https://www.drantipov.com/_next/image?url=%2Fimages%2Fblog%2F2026-07-27%2Fdental-implants-el-dorado-hills.png&w=3840&q=75&dpl=dpl_AocR8G927cD9b1EN7RTdG1PPiWAf,,Dental Implants for El Dorado Hills: The Science of Osseointegration,True,,,200,OK,Root-Relative,//body/main/section[3]/div/div[2]/div[1]/a/div[1]/img,Content,HTML
Image,https://www.drantipov.com/for-patients/insights/dental-implants-el-dorado-hills,https://www.drantipov.com/_next/image?url=%2Fimages%2Fblog%2F2026-07-27%2Fdental-implants-el-dorado-hills.png&w=3840&q=75&dpl=dpl_AocR8G927cD9b1EN7RTdG1PPiWAf,,Oral surgeon showing an El Dorado Hills patient a 3D model of a dental implant fusing with jawbone during a consultation,True,,,200,OK,Root-Relative,//body/main/section[2]/div/article/div[2]/img,Content,HTML
Image,https://www.drantipov.com/for-patients/insights/full-mouth-dental-implants-california,https://www.drantipov.com/_next/image?url=%2Fimages%2Fblog%2F2026-07-27%2Fdental-implants-el-dorado-hills.png&w=3840&q=75&dpl=dpl_AocR8G927cD9b1EN7RTdG1PPiWAf,,Dental Implants for El Dorado Hills: The Science of Osseointegration,True,,,200,OK,Root-Relative,//body/main/section[3]/div/div[2]/div[3]/a/div[1]/img,Content,HTML
Image,https://www.drantipov.com/for-patients/insights/same-day-teeth-roseville-ca,https://www.drantipov.com/_next/image?url=%2Fimages%2Fblog%2F2026-07-27%2Fdental-implants-el-dorado-hills.png&w=3840&q=75&dpl=dpl_AocR8G927cD9b1EN7RTdG1PPiWAf,,Dental Implants for El Dorado Hills: The Science of Osseointegration,True,,,200,OK,Root-Relative,//body/main/section[3]/div/div[2]/div[2]/a/div[1]/img,Content,HTML
Image,https://www.drantipov.com/for-patients/insights,https://www.drantipov.com/_next/image?url=%2Fimages%2Fblog%2F2026-07-20%2Fsnap-in-dentures-complete-guide.png&w=3840&q=75&dpl=dpl_AocR8G927cD9b1EN7RTdG1PPiWAf,,"Snap-In Dentures: The Complete 2026 Guide to Secure, Implant-Supported Smiles",True,,,200,OK,Root-Relative,//body/main/section[2]/div/div/div[28]/div/div[1]/img,Content,HTML
Image,https://www.drantipov.com/for-patients/insights/same-day-dental-implant-process-step-by-step,https://www.drantipov.com/_next/image?url=%2Fimages%2Fblog%2F2026-07-20%2Fsnap-in-dentures-complete-guide.png&w=3840&q=75&dpl=dpl_AocR8G927cD9b1EN7RTdG1PPiWAf,,"Snap-In Dentures: The Complete 2026 Guide to Secure, Implant-Supported Smiles",True,,,200,OK,Root-Relative,//body/main/section[3]/div/div[2]/div[1]/a/div[1]/img,Content,HTML
Image,https://www.drantipov.com/for-patients/insights/dental-implant-surgery-complete-guide,https://www.drantipov.com/_next/image?url=%2Fimages%2Fblog%2F2026-07-20%2Fsnap-in-dentures-complete-guide.png&w=3840&q=75&dpl=dpl_AocR8G927cD9b1EN7RTdG1PPiWAf,,"Snap-In Dentures: The Complete 2026 Guide to Secure, Implant-Supported Smiles",True,,,200,OK,Root-Relative,//body/main/section[3]/div/div[2]/div[2]/a/div[1]/img,Content,HTML
Image,https://www.drantipov.com/for-patients/insights/before-and-after-all-on-4-dental-implants,https://www.drantipov.com/_next/image?url=%2Fimages%2Fblog%2F2026-07-20%2Fsnap-in-dentures-complete-guide.png&w=3840&q=75&dpl=dpl_AocR8G927cD9b1EN7RTdG1PPiWAf,,"Snap-In Dentures: The Complete 2026 Guide to Secure, Implant-Supported Smiles",True,,,200,OK,Root-Relative,//body/main/section[3]/div/div[2]/div[3]/a/div[1]/img,Content,HTML
Image,https://www.drantipov.com/for-patients/insights/snap-in-dentures-complete-guide,https://www.drantipov.com/_next/image?url=%2Fimages%2Fblog%2F2026-07-20%2Fsnap-in-dentures-complete-guide.png&w=3840&q=75&dpl=dpl_AocR8G927cD9b1EN7RTdG1PPiWAf,,Oral surgeon demonstrating how a snap-in overdenture clicks onto implant locator attachments on a dental model,True,,,200,OK,Root-Relative,//body/main/section[2]/div/article/div[2]/img,Content,HTML
Image,https://www.drantipov.com/for-patients/insights,https://www.drantipov.com/_next/image?url=%2Fimages%2Fblog%2F2026-06-19%2Fsinus-lift.png&w=3840&q=75&dpl=dpl_AocR8G927cD9b1EN7RTdG1PPiWAf,,Understanding Sinus Lift for Dental Implants,True,,,200,OK,Root-Relative,//body/main/section[2]/div/div/div[74]/div/div[1]/img,Content,HTML
Image,https://www.drantipov.com/for-patients/insights/understanding-sinus-lift-for-dental-implants,https://www.drantipov.com/_next/image?url=%2Fimages%2Fblog%2F2026-06-19%2Fsinus-lift.png&w=3840&q=75&dpl=dpl_AocR8G927cD9b1EN7RTdG1PPiWAf,,Sinus lift procedure building bone in the upper jaw for dental implants,True,,,200,OK,Root-Relative,//body/main/section[2]/div/article/div[2]/img,Content,HTML
Image,https://www.drantipov.com/for-patients/insights/can-you-fix-an-overbite-naturally,https://www.drantipov.com/_next/image?url=%2Fimages%2Fblog%2F2026-06-19%2Fsinus-lift.png&w=3840&q=75&dpl=dpl_AocR8G927cD9b1EN7RTdG1PPiWAf,,Understanding Sinus Lift for Dental Implants,True,,,200,OK,Root-Relative,//body/main/section[3]/div/div[2]/div[3]/a/div[1]/img,Content,HTML
Image,https://www.drantipov.com/ru/for-patients/insights/can-you-fix-an-overbite-naturally,https://www.drantipov.com/_next/image?url=%2Fimages%2Fblog%2F2026-06-19%2Fsinus-lift.png&w=3840&q=75&dpl=dpl_AocR8G927cD9b1EN7RTdG1PPiWAf,,Understanding Sinus Lift for Dental Implants,True,,,200,OK,Root-Relative,//body/main/section[3]/div/div[2]/div[3]/a/div[1]/img,Content,HTML
Image,https://www.drantipov.com/ru/for-patients/insights/understanding-sinus-lift-for-dental-implants,https://www.drantipov.com/_next/image?url=%2Fimages%2Fblog%2F2026-06-19%2Fsinus-lift.png&w=3840&q=75&dpl=dpl_AocR8G927cD9b1EN7RTdG1PPiWAf,,Процедура синус-лифтинга: наращивание кости в верхней челюсти для дентальных имплантов,True,,,200,OK,Root-Relative,//body/main/section[2]/div/article/div[2]/img,Content,HTML
Image,https://www.drantipov.com/ru/for-patients/insights,https://www.drantipov.com/_next/image?url=%2Fimages%2Fblog%2F2026-06-19%2Fsinus-lift.png&w=3840&q=75&dpl=dpl_AocR8G927cD9b1EN7RTdG1PPiWAf,,Синус-лифтинг для дентальных имплантов: что это и зачем,True,,,200,OK,Root-Relative,//body/main/section[2]/div/div/div[26]/div/div[1]/img,Content,HTML
Image,https://www.drantipov.com/for-patients/insights,https://www.drantipov.com/_next/image?url=%2Fimages%2Fblog%2F2026-08-04%2Fimplant-supported-dentures-vs-traditional-dentures.png&w=3840&q=75&dpl=dpl_AocR8G927cD9b1EN7RTdG1PPiWAf,,Implant-Supported Dentures vs. Traditional Dentures: The 2026 Comparison Guide,True,,,200,OK,Root-Relative,//body/main/section[2]/div/div/div[5]/div/div[1]/img,Content,HTML
Image,https://www.drantipov.com/for-patients/insights/dental-implants-for-missing-back-teeth,https://www.drantipov.com/_next/image?url=%2Fimages%2Fblog%2F2026-08-04%2Fimplant-supported-dentures-vs-traditional-dentures.png&w=3840&q=75&dpl=dpl_AocR8G927cD9b1EN7RTdG1PPiWAf,,Implant-Supported Dentures vs. Traditional Dentures: The 2026 Comparison Guide,True,,,200,OK,Root-Relative,//body/main/section[3]/div/div[2]/div[2]/a/div[1]/img,Content,HTML
Image,https://www.drantipov.com/for-patients/insights/implant-supported-dentures-vs-traditional-dentures,https://www.drantipov.com/_next/image?url=%2Fimages%2Fblog%2F2026-08-04%2Fimplant-supported-dentures-vs-traditional-dentures.png&w=3840&q=75&dpl=dpl_AocR8G927cD9b1EN7RTdG1PPiWAf,,Side-by-side comparison of a traditional acrylic denture and an implant-supported denture next to a jaw model with titanium posts,True,,,200,OK,Root-Relative,//body/main/section[2]/div/article/div[2]/img,Content,HTML
Image,https://www.drantipov.com/for-patients/insights/fixed-dentures-on-implants,https://www.drantipov.com/_next/image?url=%2Fimages%2Fblog%2F2026-08-04%2Fimplant-supported-dentures-vs-traditional-dentures.png&w=3840&q=75&dpl=dpl_AocR8G927cD9b1EN7RTdG1PPiWAf,,Implant-Supported Dentures vs. Traditional Dentures: The 2026 Comparison Guide,True,,,200,OK,Root-Relative,//body/main/section[3]/div/div[2]/div[3]/a/div[1]/img,Content,HTML
Image,https://www.drantipov.com/for-patients/insights/board-certified-dental-implant-surgeon-california,https://www.drantipov.com/_next/image?url=%2Fimages%2Fblog%2F2026-08-04%2Fimplant-supported-dentures-vs-traditional-dentures.png&w=3840&q=75&dpl=dpl_AocR8G927cD9b1EN7RTdG1PPiWAf,,Implant-Supported Dentures vs. Traditional Dentures: The 2026 Comparison Guide,True,,,200,OK,Root-Relative,//body/main/section[3]/div/div[2]/div[1]/a/div[1]/img,Content,HTML
Image,https://www.drantipov.com/for-patients/insights,https://www.drantipov.com/_next/image?url=%2Fimages%2Fblog%2F2026-07-02%2Fprice-match-guarantee.png&w=3840&q=75&dpl=dpl_AocR8G927cD9b1EN7RTdG1PPiWAf,,Dental Implant Price-Match Guarantee: Board-Certified Care at a Fair Price,True,,,200,OK,Root-Relative,//body/main/section[2]/div/div/div[45]/div/div[1]/img,Content,HTML
Image,https://www.drantipov.com/for-patients/insights/dental-implant-price-match-guarantee,https://www.drantipov.com/_next/image?url=%2Fimages%2Fblog%2F2026-07-02%2Fprice-match-guarantee.png&w=3840&q=75&dpl=dpl_AocR8G927cD9b1EN7RTdG1PPiWAf,,Board-certified oral surgeon reviewing a written dental implant treatment plan beside a 3D CBCT scan,True,,,200,OK,Root-Relative,//body/main/section[2]/div/article/div[2]/img,Content,HTML
Image,https://www.drantipov.com/for-patients/insights/missing-front-tooth-replacement-options,https://www.drantipov.com/_next/image?url=%2Fimages%2Fblog%2F2026-07-02%2Fprice-match-guarantee.png&w=3840&q=75&dpl=dpl_AocR8G927cD9b1EN7RTdG1PPiWAf,,Dental Implant Price-Match Guarantee: Board-Certified Care at a Fair Price,True,,,200,OK,Root-Relative,//body/main/section[3]/div/div[2]/div[3]/a/div[1]/img,Content,HTML
Image,https://www.drantipov.com/for-patients/insights/single-tooth-implant-vs-dental-bridge-real-cost,https://www.drantipov.com/_next/image?url=%2Fimages%2Fblog%2F2026-07-02%2Fprice-match-guarantee.png&w=3840&q=75&dpl=dpl_AocR8G927cD9b1EN7RTdG1PPiWAf,,Dental Implant Price-Match Guarantee: Board-Certified Care at a Fair Price,True,,,200,OK,Root-Relative,//body/main/section[3]/div/div[2]/div[2]/a/div[1]/img,Content,HTML
Image,https://www.drantipov.com/for-patients/insights/clearchoice-alternatives-northern-california,https://www.drantipov.com/_next/image?url=%2Fimages%2Fblog%2F2026-07-02%2Fprice-match-guarantee.png&w=3840&q=75&dpl=dpl_AocR8G927cD9b1EN7RTdG1PPiWAf,,Dental Implant Price-Match Guarantee: Board-Certified Care at a Fair Price,True,,,200,OK,Root-Relative,//body/main/section[3]/div/div[2]/div[1]/a/div[1]/img,Content,HTML
Image,https://www.drantipov.com/for-patients/insights,https://www.drantipov.com/_next/image?url=%2Fimages%2Fblog%2F2026-06-19%2Fall-on-4-vs-all-on-6.png&w=3840&q=75&dpl=dpl_AocR8G927cD9b1EN7RTdG1PPiWAf,,All-on-4 vs All-on-6: Which Is Better?,True,,,200,OK,Root-Relative,//body/main/section[2]/div/div/div[83]/div/div[1]/img,Content,HTML
Image,https://www.drantipov.com/for-patients/insights/hybrid-dentures-vs-fixed-implant-bridges,https://www.drantipov.com/_next/image?url=%2Fimages%2Fblog%2F2026-06-19%2Fall-on-4-vs-all-on-6.png&w=3840&q=75&dpl=dpl_AocR8G927cD9b1EN7RTdG1PPiWAf,,Fixed full-arch implant bridge configurations,True,,,200,OK,Root-Relative,//body/main/section[2]/div/article/div[3]/div[1]/img,Content,HTML
Image,https://www.drantipov.com/for-patients/insights/all-on-4-dental-implants-explained-new-smile-in-one-day,https://www.drantipov.com/_next/image?url=%2Fimages%2Fblog%2F2026-06-19%2Fall-on-4-vs-all-on-6.png&w=3840&q=75&dpl=dpl_AocR8G927cD9b1EN7RTdG1PPiWAf,,Full-arch implant planning on a 3D jaw model,True,,,200,OK,Root-Relative,//body/main/section[2]/div/article/div[4]/div[3]/img,Content,HTML
Image,https://www.drantipov.com/for-patients/insights/all-on-4-vs-all-on-6,https://www.drantipov.com/_next/image?url=%2Fimages%2Fblog%2F2026-06-19%2Fall-on-4-vs-all-on-6.png&w=3840&q=75&dpl=dpl_AocR8G927cD9b1EN7RTdG1PPiWAf,,All-on-4 vs All-on-6 full-arch implant configurations compared,True,,,200,OK,Root-Relative,//body/main/section[2]/div/article/div[2]/img,Content,HTML
Image,https://www.drantipov.com/ru/for-patients/insights/all-on-4-vs-all-on-6,https://www.drantipov.com/_next/image?url=%2Fimages%2Fblog%2F2026-06-19%2Fall-on-4-vs-all-on-6.png&w=3840&q=75&dpl=dpl_AocR8G927cD9b1EN7RTdG1PPiWAf,,Сравнение конфигураций All-on-4 и All-on-6 на полную челюсть,True,,,200,OK,Root-Relative,//body/main/section[2]/div/article/div[2]/img,Content,HTML
Image,https://www.drantipov.com/ru/for-patients/insights/hybrid-dentures-vs-fixed-implant-bridges,https://www.drantipov.com/_next/image?url=%2Fimages%2Fblog%2F2026-06-19%2Fall-on-4-vs-all-on-6.png&w=3840&q=75&dpl=dpl_AocR8G927cD9b1EN7RTdG1PPiWAf,,Конфигурации несъёмных мостов на имплантах для всей челюсти,True,,,200,OK,Root-Relative,//body/main/section[2]/div/article/div[3]/div[1]/img,Content,HTML
Image,https://www.drantipov.com/ru/for-patients/insights,https://www.drantipov.com/_next/image?url=%2Fimages%2Fblog%2F2026-06-19%2Fall-on-4-vs-all-on-6.png&w=3840&q=75&dpl=dpl_AocR8G927cD9b1EN7RTdG1PPiWAf,,All-on-4 или All-on-6: что лучше?,True,,,200,OK,Root-Relative,//body/main/section[2]/div/div/div[35]/div/div[1]/img,Content,HTML
Image,https://www.drantipov.com/for-patients/insights,https://www.drantipov.com/_next/image?url=%2Fimages%2Fblog%2F2026-08-04%2Fboard-certified-dental-implant-surgeon-california.png&w=3840&q=75&dpl=dpl_AocR8G927cD9b1EN7RTdG1PPiWAf,,Choosing a Board-Certified Dental Implant Surgeon in California: The Patient Guide,True,,,200,OK,Root-Relative,//body/main/section[2]/div/div/div[4]/div/div[1]/img,Content,HTML
Image,https://www.drantipov.com/for-patients/insights/dental-implants-for-missing-back-teeth,https://www.drantipov.com/_next/image?url=%2Fimages%2Fblog%2F2026-08-04%2Fboard-certified-dental-implant-surgeon-california.png&w=3840&q=75&dpl=dpl_AocR8G927cD9b1EN7RTdG1PPiWAf,,Choosing a Board-Certified Dental Implant Surgeon in California: The Patient Guide,True,,,200,OK,Root-Relative,//body/main/section[3]/div/div[2]/div[1]/a/div[1]/img,Content,HTML
Image,https://www.drantipov.com/for-patients/insights/single-tooth-implant-process-timeline,https://www.drantipov.com/_next/image?url=%2Fimages%2Fblog%2F2026-08-04%2Fboard-certified-dental-implant-surgeon-california.png&w=3840&q=75&dpl=dpl_AocR8G927cD9b1EN7RTdG1PPiWAf,,Choosing a Board-Certified Dental Implant Surgeon in California: The Patient Guide,True,,,200,OK,Root-Relative,//body/main/section[3]/div/div[2]/div[3]/a/div[1]/img,Content,HTML
Image,https://www.drantipov.com/for-patients/insights/fixed-dentures-on-implants,https://www.drantipov.com/_next/image?url=%2Fimages%2Fblog%2F2026-08-04%2Fboard-certified-dental-implant-surgeon-california.png&w=3840&q=75&dpl=dpl_AocR8G927cD9b1EN7RTdG1PPiWAf,,Choosing a Board-Certified Dental Implant Surgeon in California: The Patient Guide,True,,,200,OK,Root-Relative,//body/main/section[3]/div/div[2]/div[2]/a/div[1]/img,Content,HTML
Image,https://www.drantipov.com/for-patients/insights/board-certified-dental-implant-surgeon-california,https://www.drantipov.com/_next/image?url=%2Fimages%2Fblog%2F2026-08-04%2Fboard-certified-dental-implant-surgeon-california.png&w=3840&q=75&dpl=dpl_AocR8G927cD9b1EN7RTdG1PPiWAf,,Framed board certification diploma on the wall of a modern surgical consultation office,True,,,200,OK,Root-Relative,//body/main/section[2]/div/article/div[2]/img,Content,HTML
Image,https://www.drantipov.com/for-patients/insights,https://www.drantipov.com/_next/image?url=%2Fimages%2Fblog%2F2026-06-22%2Fimplants-severe-bone-loss.png&w=3840&q=75&dpl=dpl_AocR8G927cD9b1EN7RTdG1PPiWAf,,Can You Get Dental Implants With Severe Bone Loss?,True,,,200,OK,Root-Relative,//body/main/section[2]/div/div/div[49]/div/div[1]/img,Content,HTML
Image,https://www.drantipov.com/for-patients/insights/dental-implants-with-severe-bone-loss-options,https://www.drantipov.com/_next/image?url=%2Fimages%2Fblog%2F2026-06-22%2Fimplants-severe-bone-loss.png&w=3840&q=75&dpl=dpl_AocR8G927cD9b1EN7RTdG1PPiWAf,,3D dental scan showing jaw bone volume during dental implant planning,True,,,200,OK,Root-Relative,//body/main/section[2]/div/article/div[2]/img,Content,HTML
Image,https://www.drantipov.com/ru/for-patients/insights/dental-implants-with-severe-bone-loss-options,https://www.drantipov.com/_next/image?url=%2Fimages%2Fblog%2F2026-06-22%2Fimplants-severe-bone-loss.png&w=3840&q=75&dpl=dpl_AocR8G927cD9b1EN7RTdG1PPiWAf,,"3D-снимок зубов, показывающий объём костной ткани челюсти при планировании имплантации",True,,,200,OK,Root-Relative,//body/main/section[2]/div/article/div[2]/img,Content,HTML
Image,https://www.drantipov.com/ru/for-patients/insights,https://www.drantipov.com/_next/image?url=%2Fimages%2Fblog%2F2026-06-22%2Fimplants-severe-bone-loss.png&w=3840&q=75&dpl=dpl_AocR8G927cD9b1EN7RTdG1PPiWAf,,Можно ли поставить импланты при выраженной убыли кости?,True,,,200,OK,Root-Relative,//body/main/section[2]/div/div/div[1]/div/div[1]/img,Content,HTML
Image,https://www.drantipov.com/for-patients/insights,https://www.drantipov.com/_next/image?url=%2Fimages%2Fblog%2F2026-06-19%2Fguided-implant-surgery.png&w=3840&q=75&dpl=dpl_AocR8G927cD9b1EN7RTdG1PPiWAf,,Guided Dental Implant Surgery: How 3D Planning Improves Accuracy,True,,,200,OK,Root-Relative,//body/main/section[2]/div/div/div[78]/div/div[1]/img,Content,HTML
Image,https://www.drantipov.com/for-patients/insights/guided-dental-implant-surgery-how-3d-planning-improves-accuracy,https://www.drantipov.com/_next/image?url=%2Fimages%2Fblog%2F2026-06-19%2Fguided-implant-surgery.png&w=3840&q=75&dpl=dpl_AocR8G927cD9b1EN7RTdG1PPiWAf,,Guided dental implant surgery using 3D planning and a custom surgical guide,True,,,200,OK,Root-Relative,//body/main/section[2]/div/article/div[2]/img,Content,HTML
Image,https://www.drantipov.com/ru/for-patients/insights/guided-dental-implant-surgery-how-3d-planning-improves-accuracy,https://www.drantipov.com/_next/image?url=%2Fimages%2Fblog%2F2026-06-19%2Fguided-implant-surgery.png&w=3840&q=75&dpl=dpl_AocR8G927cD9b1EN7RTdG1PPiWAf,,Имплантация по шаблону с 3D-планированием и индивидуальным хирургическим шаблоном,True,,,200,OK,Root-Relative,//body/main/section[2]/div/article/div[2]/img,Content,HTML
Image,https://www.drantipov.com/ru/for-patients/insights,https://www.drantipov.com/_next/image?url=%2Fimages%2Fblog%2F2026-06-19%2Fguided-implant-surgery.png&w=3840&q=75&dpl=dpl_AocR8G927cD9b1EN7RTdG1PPiWAf,,Имплантация по шаблону: 3D-планирование,True,,,200,OK,Root-Relative,//body/main/section[2]/div/div/div[30]/div/div[1]/img,Content,HTML
Image,https://www.drantipov.com/for-patients/insights,https://www.drantipov.com/_next/image?url=%2Fimages%2Fblog%2F2026-08-04%2Fhow-much-do-dental-implants-cost.png&w=3840&q=75&dpl=dpl_AocR8G927cD9b1EN7RTdG1PPiWAf,,How Much Do Dental Implants Cost? A 2026 Guide to Value and Quality,True,,,200,OK,Root-Relative,//body/main/section[2]/div/div/div[15]/div/div[1]/img,Content,HTML
Image,https://www.drantipov.com/for-patients/insights/how-much-do-dental-implants-cost,https://www.drantipov.com/_next/image?url=%2Fimages%2Fblog%2F2026-08-04%2Fhow-much-do-dental-implants-cost.png&w=3840&q=75&dpl=dpl_AocR8G927cD9b1EN7RTdG1PPiWAf,,Patient and treatment coordinator reviewing an itemized dental implant cost estimate with a 3D jaw scan on a tablet,True,,,200,OK,Root-Relative,//body/main/section[2]/div/article/div[2]/img,Content,HTML
Image,https://www.drantipov.com/for-patients/insights/snap-in-dentures-california,https://www.drantipov.com/_next/image?url=%2Fimages%2Fblog%2F2026-08-04%2Fhow-much-do-dental-implants-cost.png&w=3840&q=75&dpl=dpl_AocR8G927cD9b1EN7RTdG1PPiWAf,,How Much Do Dental Implants Cost? A 2026 Guide to Value and Quality,True,,,200,OK,Root-Relative,//body/main/section[3]/div/div[2]/div[3]/a/div[1]/img,Content,HTML
Image,https://www.drantipov.com/for-patients/insights/full-mouth-dental-implants-california,https://www.drantipov.com/_next/image?url=%2Fimages%2Fblog%2F2026-08-04%2Fhow-much-do-dental-implants-cost.png&w=3840&q=75&dpl=dpl_AocR8G927cD9b1EN7RTdG1PPiWAf,,How Much Do Dental Implants Cost? A 2026 Guide to Value and Quality,True,,,200,OK,Root-Relative,//body/main/section[3]/div/div[2]/div[2]/a/div[1]/img,Content,HTML
Image,https://www.drantipov.com/for-patients/insights/same-day-teeth-roseville-ca,https://www.drantipov.com/_next/image?url=%2Fimages%2Fblog%2F2026-08-04%2Fhow-much-do-dental-implants-cost.png&w=3840&q=75&dpl=dpl_AocR8G927cD9b1EN7RTdG1PPiWAf,,How Much Do Dental Implants Cost? A 2026 Guide to Value and Quality,True,,,200,OK,Root-Relative,//body/main/section[3]/div/div[2]/div[1]/a/div[1]/img,Content,HTML
Image,https://www.drantipov.com/for-patients/insights,https://www.drantipov.com/_next/image?url=%2Fimages%2Fblog%2F2026-06-22%2Fwhy-implants-expensive.png&w=3840&q=75&dpl=dpl_AocR8G927cD9b1EN7RTdG1PPiWAf,,Why Are Dental Implants So Expensive?,True,,,200,OK,Root-Relative,//body/main/section[2]/div/div/div[58]/div/div[1]/img,Content,HTML
Image,https://www.drantipov.com/for-patients/insights/why-are-dental-implants-so-expensive,https://www.drantipov.com/_next/image?url=%2Fimages%2Fblog%2F2026-06-22%2Fwhy-implants-expensive.png&w=3840&q=75&dpl=dpl_AocR8G927cD9b1EN7RTdG1PPiWAf,,Oral surgeon using 3D imaging technology to plan a dental implant,True,,,200,OK,Root-Relative,//body/main/section[2]/div/article/div[2]/img,Content,HTML
Image,https://www.drantipov.com/for-patients/insights/titanium-vs-zirconia-dental-implants,https://www.drantipov.com/_next/image?url=%2Fimages%2Fblog%2F2026-06-22%2Fwhy-implants-expensive.png&w=3840&q=75&dpl=dpl_AocR8G927cD9b1EN7RTdG1PPiWAf,,Why Are Dental Implants So Expensive?,True,,,200,OK,Root-Relative,//body/main/section[3]/div/div[2]/div[3]/a/div[1]/img,Content,HTML
Image,https://www.drantipov.com/for-patients/insights/single-dental-implant-cost-northern-california,https://www.drantipov.com/_next/image?url=%2Fimages%2Fblog%2F2026-06-22%2Fwhy-implants-expensive.png&w=3840&q=75&dpl=dpl_AocR8G927cD9b1EN7RTdG1PPiWAf,,Why Are Dental Implants So Expensive?,True,,,200,OK,Root-Relative,//body/main/section[3]/div/div[2]/div[1]/a/div[1]/img,Content,HTML
Image,https://www.drantipov.com/for-patients/insights/can-dental-implants-get-cavities-or-gum-disease,https://www.drantipov.com/_next/image?url=%2Fimages%2Fblog%2F2026-06-22%2Fwhy-implants-expensive.png&w=3840&q=75&dpl=dpl_AocR8G927cD9b1EN7RTdG1PPiWAf,,Why Are Dental Implants So Expensive?,True,,,200,OK,Root-Relative,//body/main/section[3]/div/div[2]/div[2]/a/div[1]/img,Content,HTML
Image,https://www.drantipov.com/ru/for-patients/insights/can-dental-implants-get-cavities-or-gum-disease,https://www.drantipov.com/_next/image?url=%2Fimages%2Fblog%2F2026-06-22%2Fwhy-implants-expensive.png&w=3840&q=75&dpl=dpl_AocR8G927cD9b1EN7RTdG1PPiWAf,,Why Are Dental Implants So Expensive?,True,,,200,OK,Root-Relative,//body/main/section[3]/div/div[2]/div[2]/a/div[1]/img,Content,HTML
Image,https://www.drantipov.com/ru/for-patients/insights/titanium-vs-zirconia-dental-implants,https://www.drantipov.com/_next/image?url=%2Fimages%2Fblog%2F2026-06-22%2Fwhy-implants-expensive.png&w=3840&q=75&dpl=dpl_AocR8G927cD9b1EN7RTdG1PPiWAf,,Why Are Dental Implants So Expensive?,True,,,200,OK,Root-Relative,//body/main/section[3]/div/div[2]/div[3]/a/div[1]/img,Content,HTML
Image,https://www.drantipov.com/ru/for-patients/insights/single-dental-implant-cost-northern-california,https://www.drantipov.com/_next/image?url=%2Fimages%2Fblog%2F2026-06-22%2Fwhy-implants-expensive.png&w=3840&q=75&dpl=dpl_AocR8G927cD9b1EN7RTdG1PPiWAf,,Why Are Dental Implants So Expensive?,True,,,200,OK,Root-Relative,//body/main/section[3]/div/div[2]/div[1]/a/div[1]/img,Content,HTML
Image,https://www.drantipov.com/ru/for-patients/insights/why-are-dental-implants-so-expensive,https://www.drantipov.com/_next/image?url=%2Fimages%2Fblog%2F2026-06-22%2Fwhy-implants-expensive.png&w=3840&q=75&dpl=dpl_AocR8G927cD9b1EN7RTdG1PPiWAf,,Челюстно-лицевой хирург использует 3D-визуализацию для планирования импланта,True,,,200,OK,Root-Relative,//body/main/section[2]/div/article/div[2]/img,Content,HTML
Image,https://www.drantipov.com/ru/for-patients/insights,https://www.drantipov.com/_next/image?url=%2Fimages%2Fblog%2F2026-06-22%2Fwhy-implants-expensive.png&w=3840&q=75&dpl=dpl_AocR8G927cD9b1EN7RTdG1PPiWAf,,Почему импланты такие дорогие?,True,,,200,OK,Root-Relative,//body/main/section[2]/div/div/div[10]/div/div[1]/img,Content,HTML
Image,https://www.drantipov.com/for-patients/insights,https://www.drantipov.com/_next/image?url=%2Fimages%2Fblog%2F2026-06-19%2Fall-on-x-cost.png&w=3840&q=75&dpl=dpl_AocR8G927cD9b1EN7RTdG1PPiWAf,,"All-on-X Dental Implants Cost Explained: 4, 6, or 8 Implants?",True,,,200,OK,Root-Relative,//body/main/section[2]/div/div/div[84]/div/div[1]/img,Content,HTML
Image,https://www.drantipov.com/for-patients/insights/all-on-x-dental-implants-cost,https://www.drantipov.com/_next/image?url=%2Fimages%2Fblog%2F2026-06-19%2Fall-on-x-cost.png&w=3840&q=75&dpl=dpl_AocR8G927cD9b1EN7RTdG1PPiWAf,,All-on-X full-arch dental implant cost by implant count,True,,,200,OK,Root-Relative,//body/main/section[2]/div/article/div[2]/img,Content,HTML
Image,https://www.drantipov.com/for-patients/insights/all-on-4-vs-all-on-6,https://www.drantipov.com/_next/image?url=%2Fimages%2Fblog%2F2026-06-19%2Fall-on-x-cost.png&w=3840&q=75&dpl=dpl_AocR8G927cD9b1EN7RTdG1PPiWAf,,Full-arch implant planning on a 3D jaw model,True,,,200,OK,Root-Relative,//body/main/section[2]/div/article/div[3]/div[3]/img,Content,HTML
Image,https://www.drantipov.com/for-patients/insights/full-mouth-dental-implants-cost-process,https://www.drantipov.com/_next/image?url=%2Fimages%2Fblog%2F2026-06-19%2Fall-on-x-cost.png&w=3840&q=75&dpl=dpl_AocR8G927cD9b1EN7RTdG1PPiWAf,,Treatment planning for a full-arch implant restoration,True,,,200,OK,Root-Relative,//body/main/section[2]/div/article/div[3]/div[2]/img,Content,HTML
Image,https://www.drantipov.com/ru/for-patients/insights/full-mouth-dental-implants-cost-process,https://www.drantipov.com/_next/image?url=%2Fimages%2Fblog%2F2026-06-19%2Fall-on-x-cost.png&w=3840&q=75&dpl=dpl_AocR8G927cD9b1EN7RTdG1PPiWAf,,Планирование лечения для полного восстановления зубов на имплантах,True,,,200,OK,Root-Relative,//body/main/section[2]/div/article/div[3]/div[1]/img,Content,HTML
Image,https://www.drantipov.com/ru/for-patients/insights/all-on-x-dental-implants-cost,https://www.drantipov.com/_next/image?url=%2Fimages%2Fblog%2F2026-06-19%2Fall-on-x-cost.png&w=3840&q=75&dpl=dpl_AocR8G927cD9b1EN7RTdG1PPiWAf,,Стоимость имплантов All-on-X для всей челюсти в зависимости от числа имплантов,True,,,200,OK,Root-Relative,//body/main/section[2]/div/article/div[2]/img,Content,HTML
Image,https://www.drantipov.com/ru/for-patients/insights/all-on-4-vs-all-on-6,https://www.drantipov.com/_next/image?url=%2Fimages%2Fblog%2F2026-06-19%2Fall-on-x-cost.png&w=3840&q=75&dpl=dpl_AocR8G927cD9b1EN7RTdG1PPiWAf,,Планирование имплантации на полную челюсть на 3D-модели,True,,,200,OK,Root-Relative,//body/main/section[2]/div/article/div[3]/div[2]/img,Content,HTML
Image,https://www.drantipov.com/ru/for-patients/insights,https://www.drantipov.com/_next/image?url=%2Fimages%2Fblog%2F2026-06-19%2Fall-on-x-cost.png&w=3840&q=75&dpl=dpl_AocR8G927cD9b1EN7RTdG1PPiWAf,,"Стоимость имплантов All-on-X: 4, 6 или 8 имплантов?",True,,,200,OK,Root-Relative,//body/main/section[2]/div/div/div[36]/div/div[1]/img,Content,HTML
Image,https://www.drantipov.com/for-patients/insights,https://www.drantipov.com/_next/image?url=%2Fimages%2Fblog%2F2026-07-27%2Fimplant-supported-dentures-monterey.png&w=3840&q=75&dpl=dpl_AocR8G927cD9b1EN7RTdG1PPiWAf,,Implant-Supported Dentures for Monterey Patients: Why the Drive to Roseville Pays Off,True,,,200,OK,Root-Relative,//body/main/section[2]/div/div/div[24]/div/div[1]/img,Content,HTML
Image,https://www.drantipov.com/for-patients/insights/dental-implant-price-match-guarantee-california,https://www.drantipov.com/_next/image?url=%2Fimages%2Fblog%2F2026-07-27%2Fimplant-supported-dentures-monterey.png&w=3840&q=75&dpl=dpl_AocR8G927cD9b1EN7RTdG1PPiWAf,,Implant-Supported Dentures for Monterey Patients: Why the Drive to Roseville Pays Off,True,,,200,OK,Root-Relative,//body/main/section[3]/div/div[2]/div[1]/a/div[1]/img,Content,HTML
Image,https://www.drantipov.com/for-patients/insights/implant-supported-dentures-monterey,https://www.drantipov.com/_next/image?url=%2Fimages%2Fblog%2F2026-07-27%2Fimplant-supported-dentures-monterey.png&w=3840&q=75&dpl=dpl_AocR8G927cD9b1EN7RTdG1PPiWAf,,Senior couple driving inland from the Monterey coast for an implant-supported denture consultation in Roseville,True,,,200,OK,Root-Relative,//body/main/section[2]/div/article/div[2]/img,Content,HTML
Image,https://www.drantipov.com/for-patients/insights/snap-in-dentures-el-dorado-hills,https://www.drantipov.com/_next/image?url=%2Fimages%2Fblog%2F2026-07-27%2Fimplant-supported-dentures-monterey.png&w=3840&q=75&dpl=dpl_AocR8G927cD9b1EN7RTdG1PPiWAf,,Implant-Supported Dentures for Monterey Patients: Why the Drive to Roseville Pays Off,True,,,200,OK,Root-Relative,//body/main/section[3]/div/div[2]/div[3]/a/div[1]/img,Content,HTML
Image,https://www.drantipov.com/for-patients/insights/how-to-fix-loose-dentures-permanently,https://www.drantipov.com/_next/image?url=%2Fimages%2Fblog%2F2026-07-27%2Fimplant-supported-dentures-monterey.png&w=3840&q=75&dpl=dpl_AocR8G927cD9b1EN7RTdG1PPiWAf,,Implant-Supported Dentures for Monterey Patients: Why the Drive to Roseville Pays Off,True,,,200,OK,Root-Relative,//body/main/section[3]/div/div[2]/div[2]/a/div[1]/img,Content,HTML
Image,https://www.drantipov.com/for-patients/insights,https://www.drantipov.com/_next/image?url=%2Fimages%2Fblog%2F2026-06-19%2Fhybrid-vs-fixed.png&w=3840&q=75&dpl=dpl_AocR8G927cD9b1EN7RTdG1PPiWAf,,Hybrid Dentures vs Fixed Implant Bridges,True,,,200,OK,Root-Relative,//body/main/section[2]/div/div/div[86]/div/div[1]/img,Content,HTML
Image,https://www.drantipov.com/for-patients/insights/hybrid-dentures-vs-fixed-implant-bridges,https://www.drantipov.com/_next/image?url=%2Fimages%2Fblog%2F2026-06-19%2Fhybrid-vs-fixed.png&w=3840&q=75&dpl=dpl_AocR8G927cD9b1EN7RTdG1PPiWAf,,Hybrid implant denture compared with a fixed implant bridge,True,,,200,OK,Root-Relative,//body/main/section[2]/div/article/div[2]/img,Content,HTML
Image,https://www.drantipov.com/ru/for-patients/insights/hybrid-dentures-vs-fixed-implant-bridges,https://www.drantipov.com/_next/image?url=%2Fimages%2Fblog%2F2026-06-19%2Fhybrid-vs-fixed.png&w=3840&q=75&dpl=dpl_AocR8G927cD9b1EN7RTdG1PPiWAf,,Гибридный протез на имплантах в сравнении с несъёмным мостом на имплантах,True,,,200,OK,Root-Relative,//body/main/section[2]/div/article/div[2]/img,Content,HTML
Image,https://www.drantipov.com/ru/for-patients/insights,https://www.drantipov.com/_next/image?url=%2Fimages%2Fblog%2F2026-06-19%2Fhybrid-vs-fixed.png&w=3840&q=75&dpl=dpl_AocR8G927cD9b1EN7RTdG1PPiWAf,,Гибридные протезы или несъёмные мосты на имплантах,True,,,200,OK,Root-Relative,//body/main/section[2]/div/div/div[38]/div/div[1]/img,Content,HTML
Image,https://www.drantipov.com/for-patients/insights,https://www.drantipov.com/_next/image?url=%2Fimages%2Fblog%2F2026-06-22%2Fimplants-osteoporosis-autoimmune.png&w=3840&q=75&dpl=dpl_AocR8G927cD9b1EN7RTdG1PPiWAf,,Dental Implants With Osteoporosis or Autoimmune Conditions,True,,,200,OK,Root-Relative,//body/main/section[2]/div/div/div[53]/div/div[1]/img,Content,HTML
Image,https://www.drantipov.com/for-patients/insights/dental-implants-for-diabetics,https://www.drantipov.com/_next/image?url=%2Fimages%2Fblog%2F2026-06-22%2Fimplants-osteoporosis-autoimmune.png&w=3840&q=75&dpl=dpl_AocR8G927cD9b1EN7RTdG1PPiWAf,,Dental Implants With Osteoporosis or Autoimmune Conditions,True,,,200,OK,Root-Relative,//body/main/section[3]/div/div[2]/div[3]/a/div[1]/img,Content,HTML
Image,https://www.drantipov.com/for-patients/insights/dental-implants-for-seniors-age-limit,https://www.drantipov.com/_next/image?url=%2Fimages%2Fblog%2F2026-06-22%2Fimplants-osteoporosis-autoimmune.png&w=3840&q=75&dpl=dpl_AocR8G927cD9b1EN7RTdG1PPiWAf,,Dental Implants With Osteoporosis or Autoimmune Conditions,True,,,200,OK,Root-Relative,//body/main/section[3]/div/div[2]/div[1]/a/div[1]/img,Content,HTML
Image,https://www.drantipov.com/for-patients/insights/dental-implants-for-smokers,https://www.drantipov.com/_next/image?url=%2Fimages%2Fblog%2F2026-06-22%2Fimplants-osteoporosis-autoimmune.png&w=3840&q=75&dpl=dpl_AocR8G927cD9b1EN7RTdG1PPiWAf,,Dental Implants With Osteoporosis or Autoimmune Conditions,True,,,200,OK,Root-Relative,//body/main/section[3]/div/div[2]/div[2]/a/div[1]/img,Content,HTML
Image,https://www.drantipov.com/for-patients/insights/dental-implants-with-osteoporosis-and-autoimmune-conditions,https://www.drantipov.com/_next/image?url=%2Fimages%2Fblog%2F2026-06-22%2Fimplants-osteoporosis-autoimmune.png&w=3840&q=75&dpl=dpl_AocR8G927cD9b1EN7RTdG1PPiWAf,,Physician and oral surgeon coordinating on a patient medical history,True,,,200,OK,Root-Relative,//body/main/section[2]/div/article/div[2]/img,Content,HTML
Image,https://www.drantipov.com/ru/for-patients/insights/dental-implants-with-osteoporosis-and-autoimmune-conditions,https://www.drantipov.com/_next/image?url=%2Fimages%2Fblog%2F2026-06-22%2Fimplants-osteoporosis-autoimmune.png&w=3840&q=75&dpl=dpl_AocR8G927cD9b1EN7RTdG1PPiWAf,,Терапевт и челюстно-лицевой хирург согласуют историю болезни пациента,True,,,200,OK,Root-Relative,//body/main/section[2]/div/article/div[2]/img,Content,HTML
Image,https://www.drantipov.com/ru/for-patients/insights/dental-implants-for-smokers,https://www.drantipov.com/_next/image?url=%2Fimages%2Fblog%2F2026-06-22%2Fimplants-osteoporosis-autoimmune.png&w=3840&q=75&dpl=dpl_AocR8G927cD9b1EN7RTdG1PPiWAf,,Dental Implants With Osteoporosis or Autoimmune Conditions,True,,,200,OK,Root-Relative,//body/main/section[3]/div/div[2]/div[2]/a/div[1]/img,Content,HTML
Image,https://www.drantipov.com/ru/for-patients/insights/dental-implants-for-diabetics,https://www.drantipov.com/_next/image?url=%2Fimages%2Fblog%2F2026-06-22%2Fimplants-osteoporosis-autoimmune.png&w=3840&q=75&dpl=dpl_AocR8G927cD9b1EN7RTdG1PPiWAf,,Dental Implants With Osteoporosis or Autoimmune Conditions,True,,,200,OK,Root-Relative,//body/main/section[3]/div/div[2]/div[3]/a/div[1]/img,Content,HTML
Image,https://www.drantipov.com/ru/for-patients/insights,https://www.drantipov.com/_next/image?url=%2Fimages%2Fblog%2F2026-06-22%2Fimplants-osteoporosis-autoimmune.png&w=3840&q=75&dpl=dpl_AocR8G927cD9b1EN7RTdG1PPiWAf,,Импланты при остеопорозе или аутоиммунных заболеваниях,True,,,200,OK,Root-Relative,//body/main/section[2]/div/div/div[5]/div/div[1]/img,Content,HTML
Image,https://www.drantipov.com/ru/for-patients/insights/dental-implants-for-seniors-age-limit,https://www.drantipov.com/_next/image?url=%2Fimages%2Fblog%2F2026-06-22%2Fimplants-osteoporosis-autoimmune.png&w=3840&q=75&dpl=dpl_AocR8G927cD9b1EN7RTdG1PPiWAf,,Dental Implants With Osteoporosis or Autoimmune Conditions,True,,,200,OK,Root-Relative,//body/main/section[3]/div/div[2]/div[1]/a/div[1]/img,Content,HTML
Image,https://www.drantipov.com/for-patients/insights,https://www.drantipov.com/_next/image?url=%2Fimages%2Fblog%2F2026-06-22%2Floose-dental-implant.png&w=3840&q=75&dpl=dpl_AocR8G927cD9b1EN7RTdG1PPiWAf,,Can a Loose Dental Implant Be Saved?,True,,,200,OK,Root-Relative,//body/main/section[2]/div/div/div[64]/div/div[1]/img,Content,HTML
Image,https://www.drantipov.com/for-patients/insights/fixing-a-failed-all-on-4-revision-options,https://www.drantipov.com/_next/image?url=%2Fimages%2Fblog%2F2026-06-22%2Floose-dental-implant.png&w=3840&q=75&dpl=dpl_AocR8G927cD9b1EN7RTdG1PPiWAf,,Can a Loose Dental Implant Be Saved?,True,,,200,OK,Root-Relative,//body/main/section[3]/div/div[2]/div[3]/a/div[1]/img,Content,HTML
Image,https://www.drantipov.com/for-patients/insights/can-a-loose-dental-implant-be-saved,https://www.drantipov.com/_next/image?url=%2Fimages%2Fblog%2F2026-06-22%2Floose-dental-implant.png&w=3840&q=75&dpl=dpl_AocR8G927cD9b1EN7RTdG1PPiWAf,,Dentist carefully examining a patient's tooth to check a loose implant,True,,,200,OK,Root-Relative,//body/main/section[2]/div/article/div[2]/img,Content,HTML
Image,https://www.drantipov.com/for-patients/insights/replacing-old-failing-bridges-with-implants,https://www.drantipov.com/_next/image?url=%2Fimages%2Fblog%2F2026-06-22%2Floose-dental-implant.png&w=3840&q=75&dpl=dpl_AocR8G927cD9b1EN7RTdG1PPiWAf,,Can a Loose Dental Implant Be Saved?,True,,,200,OK,Root-Relative,//body/main/section[3]/div/div[2]/div[1]/a/div[1]/img,Content,HTML
Image,https://www.drantipov.com/for-patients/insights/correcting-bite-problems-after-implant-work,https://www.drantipov.com/_next/image?url=%2Fimages%2Fblog%2F2026-06-22%2Floose-dental-implant.png&w=3840&q=75&dpl=dpl_AocR8G927cD9b1EN7RTdG1PPiWAf,,Can a Loose Dental Implant Be Saved?,True,,,200,OK,Root-Relative,//body/main/section[3]/div/div[2]/div[2]/a/div[1]/img,Content,HTML
Image,https://www.drantipov.com/ru/for-patients/insights/can-a-loose-dental-implant-be-saved,https://www.drantipov.com/_next/image?url=%2Fimages%2Fblog%2F2026-06-22%2Floose-dental-implant.png&w=3840&q=75&dpl=dpl_AocR8G927cD9b1EN7RTdG1PPiWAf,,"Стоматолог осторожно осматривает зуб пациента, проверяя подвижность импланта",True,,,200,OK,Root-Relative,//body/main/section[2]/div/article/div[2]/img,Content,HTML
Image,https://www.drantipov.com/ru/for-patients/insights/replacing-old-failing-bridges-with-implants,https://www.drantipov.com/_next/image?url=%2Fimages%2Fblog%2F2026-06-22%2Floose-dental-implant.png&w=3840&q=75&dpl=dpl_AocR8G927cD9b1EN7RTdG1PPiWAf,,Can a Loose Dental Implant Be Saved?,True,,,200,OK,Root-Relative,//body/main/section[3]/div/div[2]/div[1]/a/div[1]/img,Content,HTML
Image,https://www.drantipov.com/ru/for-patients/insights/correcting-bite-problems-after-implant-work,https://www.drantipov.com/_next/image?url=%2Fimages%2Fblog%2F2026-06-22%2Floose-dental-implant.png&w=3840&q=75&dpl=dpl_AocR8G927cD9b1EN7RTdG1PPiWAf,,Can a Loose Dental Implant Be Saved?,True,,,200,OK,Root-Relative,//body/main/section[3]/div/div[2]/div[2]/a/div[1]/img,Content,HTML
Image,https://www.drantipov.com/ru/for-patients/insights/fixing-a-failed-all-on-4-revision-options,https://www.drantipov.com/_next/image?url=%2Fimages%2Fblog%2F2026-06-22%2Floose-dental-implant.png&w=3840&q=75&dpl=dpl_AocR8G927cD9b1EN7RTdG1PPiWAf,,Can a Loose Dental Implant Be Saved?,True,,,200,OK,Root-Relative,//body/main/section[3]/div/div[2]/div[3]/a/div[1]/img,Content,HTML
Image,https://www.drantipov.com/ru/for-patients/insights,https://www.drantipov.com/_next/image?url=%2Fimages%2Fblog%2F2026-06-22%2Floose-dental-implant.png&w=3840&q=75&dpl=dpl_AocR8G927cD9b1EN7RTdG1PPiWAf,,Можно ли спасти подвижный имплант?,True,,,200,OK,Root-Relative,//body/main/section[2]/div/div/div[16]/div/div[1]/img,Content,HTML
Image,https://www.drantipov.com/for-patients/insights,https://www.drantipov.com/_next/image?url=%2Fimages%2Fblog%2F2026-06-19%2Fbone-grafting.png&w=3840&q=75&dpl=dpl_AocR8G927cD9b1EN7RTdG1PPiWAf,,Bone Grafting for Dental Implants Explained,True,,,200,OK,Root-Relative,//body/main/section[2]/div/div/div[73]/div/div[1]/img,Content,HTML
Image,https://www.drantipov.com/for-patients/insights/bone-grafting-for-dental-implants-explained,https://www.drantipov.com/_next/image?url=%2Fimages%2Fblog%2F2026-06-19%2Fbone-grafting.png&w=3840&q=75&dpl=dpl_AocR8G927cD9b1EN7RTdG1PPiWAf,,Bone grafting to rebuild jawbone volume for dental implants,True,,,200,OK,Root-Relative,//body/main/section[2]/div/article/div[2]/img,Content,HTML
Image,https://www.drantipov.com/for-patients/insights/how-to-fix-an-overbite-treatment-options-and-cost,https://www.drantipov.com/_next/image?url=%2Fimages%2Fblog%2F2026-06-19%2Fbone-grafting.png&w=3840&q=75&dpl=dpl_AocR8G927cD9b1EN7RTdG1PPiWAf,,Bone Grafting for Dental Implants Explained,True,,,200,OK,Root-Relative,//body/main/section[3]/div/div[2]/div[3]/a/div[1]/img,Content,HTML
Image,https://www.drantipov.com/for-patients/insights/can-you-fix-an-overbite-naturally,https://www.drantipov.com/_next/image?url=%2Fimages%2Fblog%2F2026-06-19%2Fbone-grafting.png&w=3840&q=75&dpl=dpl_AocR8G927cD9b1EN7RTdG1PPiWAf,,Bone Grafting for Dental Implants Explained,True,,,200,OK,Root-Relative,//body/main/section[3]/div/div[2]/div[2]/a/div[1]/img,Content,HTML
Image,https://www.drantipov.com/ru/for-patients/insights/can-you-fix-an-overbite-naturally,https://www.drantipov.com/_next/image?url=%2Fimages%2Fblog%2F2026-06-19%2Fbone-grafting.png&w=3840&q=75&dpl=dpl_AocR8G927cD9b1EN7RTdG1PPiWAf,,Bone Grafting for Dental Implants Explained,True,,,200,OK,Root-Relative,//body/main/section[3]/div/div[2]/div[2]/a/div[1]/img,Content,HTML
Image,https://www.drantipov.com/ru/for-patients/insights/how-to-fix-an-overbite-treatment-options-and-cost,https://www.drantipov.com/_next/image?url=%2Fimages%2Fblog%2F2026-06-19%2Fbone-grafting.png&w=3840&q=75&dpl=dpl_AocR8G927cD9b1EN7RTdG1PPiWAf,,Bone Grafting for Dental Implants Explained,True,,,200,OK,Root-Relative,//body/main/section[3]/div/div[2]/div[3]/a/div[1]/img,Content,HTML
Image,https://www.drantipov.com/ru/for-patients/insights/bone-grafting-for-dental-implants-explained,https://www.drantipov.com/_next/image?url=%2Fimages%2Fblog%2F2026-06-19%2Fbone-grafting.png&w=3840&q=75&dpl=dpl_AocR8G927cD9b1EN7RTdG1PPiWAf,,Костная пластика — восстановление объёма челюстной кости под дентальные импланты,True,,,200,OK,Root-Relative,//body/main/section[2]/div/article/div[2]/img,Content,HTML
Image,https://www.drantipov.com/ru/for-patients/insights,https://www.drantipov.com/_next/image?url=%2Fimages%2Fblog%2F2026-06-19%2Fbone-grafting.png&w=3840&q=75&dpl=dpl_AocR8G927cD9b1EN7RTdG1PPiWAf,,Костная пластика для имплантов простыми словами,True,,,200,OK,Root-Relative,//body/main/section[2]/div/div/div[25]/div/div[1]/img,Content,HTML
Image,https://www.drantipov.com/for-patients/insights,https://www.drantipov.com/_next/image?url=%2Fimages%2Fblog%2F2026-08-04%2Fsingle-tooth-implant-process-timeline.png&w=3840&q=75&dpl=dpl_AocR8G927cD9b1EN7RTdG1PPiWAf,,The Single Tooth Implant Process: From 3D Consultation to Final Crown,True,,,200,OK,Root-Relative,//body/main/section[2]/div/div/div[1]/div/div[1]/img,Content,HTML
Image,https://www.drantipov.com/for-patients/insights/dental-implant-complications,https://www.drantipov.com/_next/image?url=%2Fimages%2Fblog%2F2026-08-04%2Fsingle-tooth-implant-process-timeline.png&w=3840&q=75&dpl=dpl_AocR8G927cD9b1EN7RTdG1PPiWAf,,The Single Tooth Implant Process: From 3D Consultation to Final Crown,True,,,200,OK,Root-Relative,//body/main/section[3]/div/div[2]/div[2]/a/div[1]/img,Content,HTML
Image,https://www.drantipov.com/for-patients/insights/dental-implant-aftercare,https://www.drantipov.com/_next/image?url=%2Fimages%2Fblog%2F2026-08-04%2Fsingle-tooth-implant-process-timeline.png&w=3840&q=75&dpl=dpl_AocR8G927cD9b1EN7RTdG1PPiWAf,,The Single Tooth Implant Process: From 3D Consultation to Final Crown,True,,,200,OK,Root-Relative,//body/main/section[3]/div/div[2]/div[1]/a/div[1]/img,Content,HTML
Image,https://www.drantipov.com/for-patients/insights/single-tooth-implant-process-timeline,https://www.drantipov.com/_next/image?url=%2Fimages%2Fblog%2F2026-08-04%2Fsingle-tooth-implant-process-timeline.png&w=3840&q=75&dpl=dpl_AocR8G927cD9b1EN7RTdG1PPiWAf,,"Model of a single dental implant showing the titanium post, abutment, and crown as three separate components",True,,,200,OK,Root-Relative,//body/main/section[2]/div/article/div[2]/img,Content,HTML
Image,https://www.drantipov.com/for-patients/insights/poor-oral-health-systemic-diseases,https://www.drantipov.com/_next/image?url=%2Fimages%2Fblog%2F2026-08-04%2Fsingle-tooth-implant-process-timeline.png&w=3840&q=75&dpl=dpl_AocR8G927cD9b1EN7RTdG1PPiWAf,,The Single Tooth Implant Process: From 3D Consultation to Final Crown,True,,,200,OK,Root-Relative,//body/main/section[3]/div/div[2]/div[3]/a/div[1]/img,Content,HTML
Image,https://www.drantipov.com/ru/for-patients/insights/poor-oral-health-systemic-diseases,https://www.drantipov.com/_next/image?url=%2Fimages%2Fblog%2F2026-08-04%2Fsingle-tooth-implant-process-timeline.png&w=3840&q=75&dpl=dpl_AocR8G927cD9b1EN7RTdG1PPiWAf,,The Single Tooth Implant Process: From 3D Consultation to Final Crown,True,,,200,OK,Root-Relative,//body/main/section[3]/div/div[2]/div[3]/a/div[1]/img,Content,HTML
Image,https://www.drantipov.com/ru/for-patients/insights/dental-implant-aftercare,https://www.drantipov.com/_next/image?url=%2Fimages%2Fblog%2F2026-08-04%2Fsingle-tooth-implant-process-timeline.png&w=3840&q=75&dpl=dpl_AocR8G927cD9b1EN7RTdG1PPiWAf,,The Single Tooth Implant Process: From 3D Consultation to Final Crown,True,,,200,OK,Root-Relative,//body/main/section[3]/div/div[2]/div[1]/a/div[1]/img,Content,HTML
Image,https://www.drantipov.com/ru/for-patients/insights/dental-implant-complications,https://www.drantipov.com/_next/image?url=%2Fimages%2Fblog%2F2026-08-04%2Fsingle-tooth-implant-process-timeline.png&w=3840&q=75&dpl=dpl_AocR8G927cD9b1EN7RTdG1PPiWAf,,The Single Tooth Implant Process: From 3D Consultation to Final Crown,True,,,200,OK,Root-Relative,//body/main/section[3]/div/div[2]/div[2]/a/div[1]/img,Content,HTML
Image,https://www.drantipov.com/for-patients/insights,https://www.drantipov.com/_next/image?url=%2Fimages%2Fblog%2F2026-08-04%2Ffull-fixed-arch-implant-cost.png&w=3840&q=75&dpl=dpl_AocR8G927cD9b1EN7RTdG1PPiWAf,,Full Fixed Arch Implant Cost: What a Complete Quote Should Include in 2026,True,,,200,OK,Root-Relative,//body/main/section[2]/div/div/div[7]/div/div[1]/img,Content,HTML
Image,https://www.drantipov.com/for-patients/insights/all-on-4-dental-implants-san-francisco,https://www.drantipov.com/_next/image?url=%2Fimages%2Fblog%2F2026-08-04%2Ffull-fixed-arch-implant-cost.png&w=3840&q=75&dpl=dpl_AocR8G927cD9b1EN7RTdG1PPiWAf,,Full Fixed Arch Implant Cost: What a Complete Quote Should Include in 2026,True,,,200,OK,Root-Relative,//body/main/section[3]/div/div[2]/div[1]/a/div[1]/img,Content,HTML
Image,https://www.drantipov.com/for-patients/insights/implant-supported-dentures-vs-traditional-dentures,https://www.drantipov.com/_next/image?url=%2Fimages%2Fblog%2F2026-08-04%2Ffull-fixed-arch-implant-cost.png&w=3840&q=75&dpl=dpl_AocR8G927cD9b1EN7RTdG1PPiWAf,,Full Fixed Arch Implant Cost: What a Complete Quote Should Include in 2026,True,,,200,OK,Root-Relative,//body/main/section[3]/div/div[2]/div[2]/a/div[1]/img,Content,HTML
Image,https://www.drantipov.com/for-patients/insights/full-fixed-arch-implant-cost,https://www.drantipov.com/_next/image?url=%2Fimages%2Fblog%2F2026-08-04%2Ffull-fixed-arch-implant-cost.png&w=3840&q=75&dpl=dpl_AocR8G927cD9b1EN7RTdG1PPiWAf,,Itemized full-arch implant treatment plan on a desk beside a zirconia bridge model and jaw model with implant posts,True,,,200,OK,Root-Relative,//body/main/section[2]/div/article/div[2]/img,Content,HTML
Image,https://www.drantipov.com/for-patients/insights/board-certified-dental-implant-surgeon-california,https://www.drantipov.com/_next/image?url=%2Fimages%2Fblog%2F2026-08-04%2Ffull-fixed-arch-implant-cost.png&w=3840&q=75&dpl=dpl_AocR8G927cD9b1EN7RTdG1PPiWAf,,Full Fixed Arch Implant Cost: What a Complete Quote Should Include in 2026,True,,,200,OK,Root-Relative,//body/main/section[3]/div/div[2]/div[3]/a/div[1]/img,Content,HTML
Image,https://www.drantipov.com/for-patients/insights,https://www.drantipov.com/_next/image?url=%2Fimages%2Fblog%2F2026-06-19%2Fzirconia-arches.png&w=3840&q=75&dpl=dpl_AocR8G927cD9b1EN7RTdG1PPiWAf,,"What Are Zirconia Arches? Benefits, Cost & Lifespan",True,,,200,OK,Root-Relative,//body/main/section[2]/div/div/div[85]/div/div[1]/img,Content,HTML
Image,https://www.drantipov.com/for-patients/insights/zirconia-arches,https://www.drantipov.com/_next/image?url=%2Fimages%2Fblog%2F2026-06-19%2Fzirconia-arches.png&w=3840&q=75&dpl=dpl_AocR8G927cD9b1EN7RTdG1PPiWAf,,A polished zirconia full-arch dental prosthesis,True,,,200,OK,Root-Relative,//body/main/section[2]/div/article/div[2]/img,Content,HTML
Image,https://www.drantipov.com/for-patients/insights/all-on-x-dental-implants-cost,https://www.drantipov.com/_next/image?url=%2Fimages%2Fblog%2F2026-06-19%2Fzirconia-arches.png&w=3840&q=75&dpl=dpl_AocR8G927cD9b1EN7RTdG1PPiWAf,,"A zirconia full-arch prosthesis, the most common final restoration",True,,,200,OK,Root-Relative,//body/main/section[2]/div/article/div[3]/div[2]/img,Content,HTML
Image,https://www.drantipov.com/ru/for-patients/insights/zirconia-arches,https://www.drantipov.com/_next/image?url=%2Fimages%2Fblog%2F2026-06-19%2Fzirconia-arches.png&w=3840&q=75&dpl=dpl_AocR8G927cD9b1EN7RTdG1PPiWAf,,Отполированный циркониевый протез на всю зубную дугу,True,,,200,OK,Root-Relative,//body/main/section[2]/div/article/div[2]/img,Content,HTML
Image,https://www.drantipov.com/ru/for-patients/insights/all-on-x-dental-implants-cost,https://www.drantipov.com/_next/image?url=%2Fimages%2Fblog%2F2026-06-19%2Fzirconia-arches.png&w=3840&q=75&dpl=dpl_AocR8G927cD9b1EN7RTdG1PPiWAf,,Циркониевый протез на всю челюсть — самый частый вариант финальной реставрации,True,,,200,OK,Root-Relative,//body/main/section[2]/div/article/div[3]/div[2]/img,Content,HTML
Image,https://www.drantipov.com/ru/for-patients/insights,https://www.drantipov.com/_next/image?url=%2Fimages%2Fblog%2F2026-06-19%2Fzirconia-arches.png&w=3840&q=75&dpl=dpl_AocR8G927cD9b1EN7RTdG1PPiWAf,,"Что такое циркониевые зубные дуги? Плюсы, цена и срок службы",True,,,200,OK,Root-Relative,//body/main/section[2]/div/div/div[37]/div/div[1]/img,Content,HTML
Image,https://www.drantipov.com/for-patients/insights,https://www.drantipov.com/_next/image?url=%2Fimages%2Fblog%2F2026-07-14%2Fspecialist-for-complex-dental-implants.png&w=3840&q=75&dpl=dpl_AocR8G927cD9b1EN7RTdG1PPiWAf,,Choosing a Specialist for Complex Dental Implants: What Actually Matters,True,,,200,OK,Root-Relative,//body/main/section[2]/div/div/div[32]/div/div[1]/img,Content,HTML
Image,https://www.drantipov.com/for-patients/insights/full-mouth-dental-implants-cost-2026-guide,https://www.drantipov.com/_next/image?url=%2Fimages%2Fblog%2F2026-07-14%2Fspecialist-for-complex-dental-implants.png&w=3840&q=75&dpl=dpl_AocR8G927cD9b1EN7RTdG1PPiWAf,,Choosing a Specialist for Complex Dental Implants: What Actually Matters,True,,,200,OK,Root-Relative,//body/main/section[3]/div/div[2]/div[2]/a/div[1]/img,Content,HTML
Image,https://www.drantipov.com/for-patients/insights/teeth-in-a-day-same-day-smile-restoration,https://www.drantipov.com/_next/image?url=%2Fimages%2Fblog%2F2026-07-14%2Fspecialist-for-complex-dental-implants.png&w=3840&q=75&dpl=dpl_AocR8G927cD9b1EN7RTdG1PPiWAf,,Choosing a Specialist for Complex Dental Implants: What Actually Matters,True,,,200,OK,Root-Relative,//body/main/section[3]/div/div[2]/div[3]/a/div[1]/img,Content,HTML
Image,https://www.drantipov.com/for-patients/insights/specialist-for-complex-dental-implants,https://www.drantipov.com/_next/image?url=%2Fimages%2Fblog%2F2026-07-14%2Fspecialist-for-complex-dental-implants.png&w=3840&q=75&dpl=dpl_AocR8G927cD9b1EN7RTdG1PPiWAf,,Oral surgeon reviewing a 3D CBCT jaw scan on monitors while planning a complex dental implant case,True,,,200,OK,Root-Relative,//body/main/section[2]/div/article/div[2]/img,Content,HTML
Image,https://www.drantipov.com/for-patients/insights/denture-alternatives-that-work,https://www.drantipov.com/_next/image?url=%2Fimages%2Fblog%2F2026-07-14%2Fspecialist-for-complex-dental-implants.png&w=3840&q=75&dpl=dpl_AocR8G927cD9b1EN7RTdG1PPiWAf,,Choosing a Specialist for Complex Dental Implants: What Actually Matters,True,,,200,OK,Root-Relative,//body/main/section[3]/div/div[2]/div[1]/a/div[1]/img,Content,HTML
Image,https://www.drantipov.com/for-patients/insights,https://www.drantipov.com/_next/image?url=%2Fimages%2Fblog%2F2026-06-22%2Ffailing-bridge-to-implants.png&w=3840&q=75&dpl=dpl_AocR8G927cD9b1EN7RTdG1PPiWAf,,Replacing Old Failing Bridges With Implants: Key Steps,True,,,200,OK,Root-Relative,//body/main/section[2]/div/div/div[63]/div/div[1]/img,Content,HTML
Image,https://www.drantipov.com/for-patients/insights/fixing-a-failed-all-on-4-revision-options,https://www.drantipov.com/_next/image?url=%2Fimages%2Fblog%2F2026-06-22%2Ffailing-bridge-to-implants.png&w=3840&q=75&dpl=dpl_AocR8G927cD9b1EN7RTdG1PPiWAf,,Replacing Old Failing Bridges With Implants: Key Steps,True,,,200,OK,Root-Relative,//body/main/section[3]/div/div[2]/div[2]/a/div[1]/img,Content,HTML
Image,https://www.drantipov.com/for-patients/insights/replacing-old-failing-bridges-with-implants,https://www.drantipov.com/_next/image?url=%2Fimages%2Fblog%2F2026-06-22%2Ffailing-bridge-to-implants.png&w=3840&q=75&dpl=dpl_AocR8G927cD9b1EN7RTdG1PPiWAf,,A dental implant model beside a traditional dental bridge model,True,,,200,OK,Root-Relative,//body/main/section[2]/div/article/div[2]/img,Content,HTML
Image,https://www.drantipov.com/for-patients/insights/replacing-a-failed-dental-implant-what-to-expect,https://www.drantipov.com/_next/image?url=%2Fimages%2Fblog%2F2026-06-22%2Ffailing-bridge-to-implants.png&w=3840&q=75&dpl=dpl_AocR8G927cD9b1EN7RTdG1PPiWAf,,Replacing Old Failing Bridges With Implants: Key Steps,True,,,200,OK,Root-Relative,//body/main/section[3]/div/div[2]/div[3]/a/div[1]/img,Content,HTML
Image,https://www.drantipov.com/for-patients/insights/correcting-bite-problems-after-implant-work,https://www.drantipov.com/_next/image?url=%2Fimages%2Fblog%2F2026-06-22%2Ffailing-bridge-to-implants.png&w=3840&q=75&dpl=dpl_AocR8G927cD9b1EN7RTdG1PPiWAf,,Replacing Old Failing Bridges With Implants: Key Steps,True,,,200,OK,Root-Relative,//body/main/section[3]/div/div[2]/div[1]/a/div[1]/img,Content,HTML
Image,https://www.drantipov.com/ru/for-patients/insights/replacing-old-failing-bridges-with-implants,https://www.drantipov.com/_next/image?url=%2Fimages%2Fblog%2F2026-06-22%2Ffailing-bridge-to-implants.png&w=3840&q=75&dpl=dpl_AocR8G927cD9b1EN7RTdG1PPiWAf,,Модель дентального импланта рядом с моделью традиционного зубного моста,True,,,200,OK,Root-Relative,//body/main/section[2]/div/article/div[2]/img,Content,HTML
Image,https://www.drantipov.com/ru/for-patients/insights/replacing-a-failed-dental-implant-what-to-expect,https://www.drantipov.com/_next/image?url=%2Fimages%2Fblog%2F2026-06-22%2Ffailing-bridge-to-implants.png&w=3840&q=75&dpl=dpl_AocR8G927cD9b1EN7RTdG1PPiWAf,,Replacing Old Failing Bridges With Implants: Key Steps,True,,,200,OK,Root-Relative,//body/main/section[3]/div/div[2]/div[3]/a/div[1]/img,Content,HTML
Image,https://www.drantipov.com/ru/for-patients/insights/correcting-bite-problems-after-implant-work,https://www.drantipov.com/_next/image?url=%2Fimages%2Fblog%2F2026-06-22%2Ffailing-bridge-to-implants.png&w=3840&q=75&dpl=dpl_AocR8G927cD9b1EN7RTdG1PPiWAf,,Replacing Old Failing Bridges With Implants: Key Steps,True,,,200,OK,Root-Relative,//body/main/section[3]/div/div[2]/div[1]/a/div[1]/img,Content,HTML
Image,https://www.drantipov.com/ru/for-patients/insights/fixing-a-failed-all-on-4-revision-options,https://www.drantipov.com/_next/image?url=%2Fimages%2Fblog%2F2026-06-22%2Ffailing-bridge-to-implants.png&w=3840&q=75&dpl=dpl_AocR8G927cD9b1EN7RTdG1PPiWAf,,Replacing Old Failing Bridges With Implants: Key Steps,True,,,200,OK,Root-Relative,//body/main/section[3]/div/div[2]/div[2]/a/div[1]/img,Content,HTML
Image,https://www.drantipov.com/ru/for-patients/insights,https://www.drantipov.com/_next/image?url=%2Fimages%2Fblog%2F2026-06-22%2Ffailing-bridge-to-implants.png&w=3840&q=75&dpl=dpl_AocR8G927cD9b1EN7RTdG1PPiWAf,,Замена старых изношенных мостов на импланты,True,,,200,OK,Root-Relative,//body/main/section[2]/div/div/div[15]/div/div[1]/img,Content,HTML
Image,https://www.drantipov.com/for-patients/insights,https://www.drantipov.com/_next/image?url=%2Fimages%2Fblog%2F2026-07-07%2Fbest-full-arch-clinics-california.png&w=3840&q=75&dpl=dpl_AocR8G927cD9b1EN7RTdG1PPiWAf,,Best Full-Arch Dental Implant Clinics in California: How to Actually Compare Them,True,,,200,OK,Root-Relative,//body/main/section[2]/div/div/div[40]/div/div[1]/img,Content,HTML
Image,https://www.drantipov.com/for-patients/insights/zirconia-dental-implants-california,https://www.drantipov.com/_next/image?url=%2Fimages%2Fblog%2F2026-07-07%2Fbest-full-arch-clinics-california.png&w=3840&q=75&dpl=dpl_AocR8G927cD9b1EN7RTdG1PPiWAf,,Best Full-Arch Dental Implant Clinics in California: How to Actually Compare Them,True,,,200,OK,Root-Relative,//body/main/section[3]/div/div[2]/div[1]/a/div[1]/img,Content,HTML
Image,https://www.drantipov.com/for-patients/insights/best-full-arch-dental-implant-clinics-california-how-to-compare,https://www.drantipov.com/_next/image?url=%2Fimages%2Fblog%2F2026-07-07%2Fbest-full-arch-clinics-california.png&w=3840&q=75&dpl=dpl_AocR8G927cD9b1EN7RTdG1PPiWAf,,Modern full-arch dental implant clinic operatory with 3D CBCT imaging technology in California,True,,,200,OK,Root-Relative,//body/main/section[2]/div/article/div[2]/img,Content,HTML
Image,https://www.drantipov.com/for-patients/insights/dental-implant-financing-options,https://www.drantipov.com/_next/image?url=%2Fimages%2Fblog%2F2026-07-07%2Fbest-full-arch-clinics-california.png&w=3840&q=75&dpl=dpl_AocR8G927cD9b1EN7RTdG1PPiWAf,,Best Full-Arch Dental Implant Clinics in California: How to Actually Compare Them,True,,,200,OK,Root-Relative,//body/main/section[3]/div/div[2]/div[2]/a/div[1]/img,Content,HTML
Image,https://www.drantipov.com/for-patients/insights/permanent-dentures-fixed-vs-removable,https://www.drantipov.com/_next/image?url=%2Fimages%2Fblog%2F2026-07-07%2Fbest-full-arch-clinics-california.png&w=3840&q=75&dpl=dpl_AocR8G927cD9b1EN7RTdG1PPiWAf,,Best Full-Arch Dental Implant Clinics in California: How to Actually Compare Them,True,,,200,OK,Root-Relative,//body/main/section[3]/div/div[2]/div[3]/a/div[1]/img,Content,HTML
Image,https://www.drantipov.com/for-patients/insights,https://www.drantipov.com/_next/image?url=%2Fimages%2Fblog%2F2026-06-22%2Ftitanium-vs-zirconia.png&w=3840&q=75&dpl=dpl_AocR8G927cD9b1EN7RTdG1PPiWAf,,Titanium vs Zirconia Dental Implants: Which Is Better?,True,,,200,OK,Root-Relative,//body/main/section[2]/div/div/div[55]/div/div[1]/img,Content,HTML
Image,https://www.drantipov.com/for-patients/insights/who-is-a-candidate-for-dental-implants,https://www.drantipov.com/_next/image?url=%2Fimages%2Fblog%2F2026-06-22%2Ftitanium-vs-zirconia.png&w=3840&q=75&dpl=dpl_AocR8G927cD9b1EN7RTdG1PPiWAf,,Titanium vs Zirconia Dental Implants: Which Is Better?,True,,,200,OK,Root-Relative,//body/main/section[3]/div/div[2]/div[1]/a/div[1]/img,Content,HTML
Image,https://www.drantipov.com/for-patients/insights/titanium-vs-zirconia-dental-implants,https://www.drantipov.com/_next/image?url=%2Fimages%2Fblog%2F2026-06-22%2Ftitanium-vs-zirconia.png&w=3840&q=75&dpl=dpl_AocR8G927cD9b1EN7RTdG1PPiWAf,,Titanium and zirconia dental implant fixtures shown side by side,True,,,200,OK,Root-Relative,//body/main/section[2]/div/article/div[2]/img,Content,HTML
Image,https://www.drantipov.com/for-patients/insights/dental-implants-for-seniors-age-limit,https://www.drantipov.com/_next/image?url=%2Fimages%2Fblog%2F2026-06-22%2Ftitanium-vs-zirconia.png&w=3840&q=75&dpl=dpl_AocR8G927cD9b1EN7RTdG1PPiWAf,,Titanium vs Zirconia Dental Implants: Which Is Better?,True,,,200,OK,Root-Relative,//body/main/section[3]/div/div[2]/div[3]/a/div[1]/img,Content,HTML
Image,https://www.drantipov.com/for-patients/insights/dental-implants-with-osteoporosis-and-autoimmune-conditions,https://www.drantipov.com/_next/image?url=%2Fimages%2Fblog%2F2026-06-22%2Ftitanium-vs-zirconia.png&w=3840&q=75&dpl=dpl_AocR8G927cD9b1EN7RTdG1PPiWAf,,Titanium vs Zirconia Dental Implants: Which Is Better?,True,,,200,OK,Root-Relative,//body/main/section[3]/div/div[2]/div[2]/a/div[1]/img,Content,HTML
Image,https://www.drantipov.com/ru/for-patients/insights/dental-implants-with-osteoporosis-and-autoimmune-conditions,https://www.drantipov.com/_next/image?url=%2Fimages%2Fblog%2F2026-06-22%2Ftitanium-vs-zirconia.png&w=3840&q=75&dpl=dpl_AocR8G927cD9b1EN7RTdG1PPiWAf,,Titanium vs Zirconia Dental Implants: Which Is Better?,True,,,200,OK,Root-Relative,//body/main/section[3]/div/div[2]/div[2]/a/div[1]/img,Content,HTML
Image,https://www.drantipov.com/ru/for-patients/insights/titanium-vs-zirconia-dental-implants,https://www.drantipov.com/_next/image?url=%2Fimages%2Fblog%2F2026-06-22%2Ftitanium-vs-zirconia.png&w=3840&q=75&dpl=dpl_AocR8G927cD9b1EN7RTdG1PPiWAf,,Титановый имплант и имплант из диоксида циркония показаны рядом,True,,,200,OK,Root-Relative,//body/main/section[2]/div/article/div[2]/img,Content,HTML
Image,https://www.drantipov.com/ru/for-patients/insights/who-is-a-candidate-for-dental-implants,https://www.drantipov.com/_next/image?url=%2Fimages%2Fblog%2F2026-06-22%2Ftitanium-vs-zirconia.png&w=3840&q=75&dpl=dpl_AocR8G927cD9b1EN7RTdG1PPiWAf,,Titanium vs Zirconia Dental Implants: Which Is Better?,True,,,200,OK,Root-Relative,//body/main/section[3]/div/div[2]/div[1]/a/div[1]/img,Content,HTML
Image,https://www.drantipov.com/ru/for-patients/insights,https://www.drantipov.com/_next/image?url=%2Fimages%2Fblog%2F2026-06-22%2Ftitanium-vs-zirconia.png&w=3840&q=75&dpl=dpl_AocR8G927cD9b1EN7RTdG1PPiWAf,,Титан против диоксида циркония: что лучше для имплантов?,True,,,200,OK,Root-Relative,//body/main/section[2]/div/div/div[7]/div/div[1]/img,Content,HTML
Image,https://www.drantipov.com/ru/for-patients/insights/dental-implants-for-seniors-age-limit,https://www.drantipov.com/_next/image?url=%2Fimages%2Fblog%2F2026-06-22%2Ftitanium-vs-zirconia.png&w=3840&q=75&dpl=dpl_AocR8G927cD9b1EN7RTdG1PPiWAf,,Titanium vs Zirconia Dental Implants: Which Is Better?,True,,,200,OK,Root-Relative,//body/main/section[3]/div/div[2]/div[3]/a/div[1]/img,Content,HTML
Image,https://www.drantipov.com/for-patients/insights,https://www.drantipov.com/_next/image?url=%2Fimages%2Fblog%2F2026-06-22%2Freplacing-failed-implant.png&w=3840&q=75&dpl=dpl_AocR8G927cD9b1EN7RTdG1PPiWAf,,Replacing a Failed Dental Implant: What to Expect & Process,True,,,200,OK,Root-Relative,//body/main/section[2]/div/div/div[60]/div/div[1]/img,Content,HTML
Image,https://www.drantipov.com/for-patients/insights/why-are-dental-implants-so-expensive,https://www.drantipov.com/_next/image?url=%2Fimages%2Fblog%2F2026-06-22%2Freplacing-failed-implant.png&w=3840&q=75&dpl=dpl_AocR8G927cD9b1EN7RTdG1PPiWAf,,Replacing a Failed Dental Implant: What to Expect & Process,True,,,200,OK,Root-Relative,//body/main/section[3]/div/div[2]/div[2]/a/div[1]/img,Content,HTML
Image,https://www.drantipov.com/for-patients/insights/replacing-a-failed-dental-implant-what-to-expect,https://www.drantipov.com/_next/image?url=%2Fimages%2Fblog%2F2026-06-22%2Freplacing-failed-implant.png&w=3840&q=75&dpl=dpl_AocR8G927cD9b1EN7RTdG1PPiWAf,,Oral surgeon reviewing a 3D dental scan to plan replacing a failed implant,True,,,200,OK,Root-Relative,//body/main/section[2]/div/article/div[2]/img,Content,HTML
Image,https://www.drantipov.com/for-patients/insights/normal-healing-vs-infection-after-dental-implant-surgery,https://www.drantipov.com/_next/image?url=%2Fimages%2Fblog%2F2026-06-22%2Freplacing-failed-implant.png&w=3840&q=75&dpl=dpl_AocR8G927cD9b1EN7RTdG1PPiWAf,,Replacing a Failed Dental Implant: What to Expect & Process,True,,,200,OK,Root-Relative,//body/main/section[3]/div/div[2]/div[1]/a/div[1]/img,Content,HTML
Image,https://www.drantipov.com/for-patients/insights/single-dental-implant-cost-northern-california,https://www.drantipov.com/_next/image?url=%2Fimages%2Fblog%2F2026-06-22%2Freplacing-failed-implant.png&w=3840&q=75&dpl=dpl_AocR8G927cD9b1EN7RTdG1PPiWAf,,Replacing a Failed Dental Implant: What to Expect & Process,True,,,200,OK,Root-Relative,//body/main/section[3]/div/div[2]/div[3]/a/div[1]/img,Content,HTML
Image,https://www.drantipov.com/ru/for-patients/insights/normal-healing-vs-infection-after-dental-implant-surgery,https://www.drantipov.com/_next/image?url=%2Fimages%2Fblog%2F2026-06-22%2Freplacing-failed-implant.png&w=3840&q=75&dpl=dpl_AocR8G927cD9b1EN7RTdG1PPiWAf,,Replacing a Failed Dental Implant: What to Expect & Process,True,,,200,OK,Root-Relative,//body/main/section[3]/div/div[2]/div[1]/a/div[1]/img,Content,HTML
Image,https://www.drantipov.com/ru/for-patients/insights/replacing-a-failed-dental-implant-what-to-expect,https://www.drantipov.com/_next/image?url=%2Fimages%2Fblog%2F2026-06-22%2Freplacing-failed-implant.png&w=3840&q=75&dpl=dpl_AocR8G927cD9b1EN7RTdG1PPiWAf,,"Челюстно-лицевой хирург изучает 3D-скан челюсти, планируя замену несостоятельного импланта",True,,,200,OK,Root-Relative,//body/main/section[2]/div/article/div[2]/img,Content,HTML
Image,https://www.drantipov.com/ru/for-patients/insights/single-dental-implant-cost-northern-california,https://www.drantipov.com/_next/image?url=%2Fimages%2Fblog%2F2026-06-22%2Freplacing-failed-implant.png&w=3840&q=75&dpl=dpl_AocR8G927cD9b1EN7RTdG1PPiWAf,,Replacing a Failed Dental Implant: What to Expect & Process,True,,,200,OK,Root-Relative,//body/main/section[3]/div/div[2]/div[3]/a/div[1]/img,Content,HTML
Image,https://www.drantipov.com/ru/for-patients/insights/why-are-dental-implants-so-expensive,https://www.drantipov.com/_next/image?url=%2Fimages%2Fblog%2F2026-06-22%2Freplacing-failed-implant.png&w=3840&q=75&dpl=dpl_AocR8G927cD9b1EN7RTdG1PPiWAf,,Replacing a Failed Dental Implant: What to Expect & Process,True,,,200,OK,Root-Relative,//body/main/section[3]/div/div[2]/div[2]/a/div[1]/img,Content,HTML
Image,https://www.drantipov.com/ru/for-patients/insights,https://www.drantipov.com/_next/image?url=%2Fimages%2Fblog%2F2026-06-22%2Freplacing-failed-implant.png&w=3840&q=75&dpl=dpl_AocR8G927cD9b1EN7RTdG1PPiWAf,,Замена несостоятельного импланта: чего ожидать,True,,,200,OK,Root-Relative,//body/main/section[2]/div/div/div[12]/div/div[1]/img,Content,HTML
Image,https://www.drantipov.com/for-patients/insights,https://www.drantipov.com/_next/image?url=%2Fimages%2Fblog%2F2026-06-22%2Fimplants-for-diabetics.png&w=3840&q=75&dpl=dpl_AocR8G927cD9b1EN7RTdG1PPiWAf,,Can Diabetics Safely Get Dental Implants?,True,,,200,OK,Root-Relative,//body/main/section[2]/div/div/div[50]/div/div[1]/img,Content,HTML
Image,https://www.drantipov.com/for-patients/insights/dental-implants-with-severe-bone-loss-options,https://www.drantipov.com/_next/image?url=%2Fimages%2Fblog%2F2026-06-22%2Fimplants-for-diabetics.png&w=3840&q=75&dpl=dpl_AocR8G927cD9b1EN7RTdG1PPiWAf,,Can Diabetics Safely Get Dental Implants?,True,,,200,OK,Root-Relative,//body/main/section[3]/div/div[2]/div[1]/a/div[1]/img,Content,HTML
Image,https://www.drantipov.com/for-patients/insights/dental-implants-for-diabetics,https://www.drantipov.com/_next/image?url=%2Fimages%2Fblog%2F2026-06-22%2Fimplants-for-diabetics.png&w=3840&q=75&dpl=dpl_AocR8G927cD9b1EN7RTdG1PPiWAf,,Patient and oral surgeon reviewing a treatment plan during a consultation,True,,,200,OK,Root-Relative,//body/main/section[2]/div/article/div[2]/img,Content,HTML
Image,https://www.drantipov.com/ru/for-patients/insights/dental-implants-for-diabetics,https://www.drantipov.com/_next/image?url=%2Fimages%2Fblog%2F2026-06-22%2Fimplants-for-diabetics.png&w=3840&q=75&dpl=dpl_AocR8G927cD9b1EN7RTdG1PPiWAf,,Пациент и челюстно-лицевой хирург разбирают план лечения на консультации,True,,,200,OK,Root-Relative,//body/main/section[2]/div/article/div[2]/img,Content,HTML
Image,https://www.drantipov.com/ru/for-patients/insights/dental-implants-with-severe-bone-loss-options,https://www.drantipov.com/_next/image?url=%2Fimages%2Fblog%2F2026-06-22%2Fimplants-for-diabetics.png&w=3840&q=75&dpl=dpl_AocR8G927cD9b1EN7RTdG1PPiWAf,,Can Diabetics Safely Get Dental Implants?,True,,,200,OK,Root-Relative,//body/main/section[3]/div/div[2]/div[1]/a/div[1]/img,Content,HTML
Image,https://www.drantipov.com/ru/for-patients/insights,https://www.drantipov.com/_next/image?url=%2Fimages%2Fblog%2F2026-06-22%2Fimplants-for-diabetics.png&w=3840&q=75&dpl=dpl_AocR8G927cD9b1EN7RTdG1PPiWAf,,Можно ли безопасно ставить импланты при диабете?,True,,,200,OK,Root-Relative,//body/main/section[2]/div/div/div[2]/div/div[1]/img,Content,HTML
Image,https://www.drantipov.com/for-patients/insights,https://www.drantipov.com/_next/image?url=%2Fimages%2Fblog%2F2026-04-28%2Fsame-day-implants.jpg&w=3840&q=75&dpl=dpl_AocR8G927cD9b1EN7RTdG1PPiWAf,,All-on-4® Dental Implants Explained: A New Smile in One Day,True,,,200,OK,Root-Relative,//body/main/section[2]/div/div/div[48]/div/div[1]/img,Content,HTML
Image,https://www.drantipov.com/for-patients/insights,https://www.drantipov.com/_next/image?url=%2Fimages%2Fblog%2F2026-04-28%2Fsame-day-implants.jpg&w=3840&q=75&dpl=dpl_AocR8G927cD9b1EN7RTdG1PPiWAf,,Same-Day Dental Implants (Immediate Load) — Myth or Reality?,True,,,200,OK,Root-Relative,//body/main/section[2]/div/div/div[88]/div/div[1]/img,Content,HTML
Image,https://www.drantipov.com/for-patients/insights/same-day-implants,https://www.drantipov.com/_next/image?url=%2Fimages%2Fblog%2F2026-04-28%2Fsame-day-implants.jpg&w=3840&q=75&dpl=dpl_AocR8G927cD9b1EN7RTdG1PPiWAf,,Same-day dental implants — All-on-4 final result,True,,,200,OK,Root-Relative,//body/main/section[2]/div/article/div[2]/img,Content,HTML
Image,https://www.drantipov.com/for-patients/insights/all-on-4-dental-implants-explained-new-smile-in-one-day,https://www.drantipov.com/_next/image?url=%2Fimages%2Fblog%2F2026-04-28%2Fsame-day-implants.jpg&w=3840&q=75&dpl=dpl_AocR8G927cD9b1EN7RTdG1PPiWAf,,Patient smiling after same-day All-on-4 full-arch dental implant restoration,True,,,200,OK,Root-Relative,//body/main/section[2]/div/article/div[2]/img,Content,HTML
Image,https://www.drantipov.com/for-patients/insights/dental-implant-price-match-guarantee,https://www.drantipov.com/_next/image?url=%2Fimages%2Fblog%2F2026-04-28%2Fsame-day-implants.jpg&w=3840&q=75&dpl=dpl_AocR8G927cD9b1EN7RTdG1PPiWAf,,All-on-4® Dental Implants Explained: A New Smile in One Day,True,,,200,OK,Root-Relative,//body/main/section[3]/div/div[2]/div[3]/a/div[1]/img,Content,HTML
Image,https://www.drantipov.com/for-patients/insights/zygomatic-implants,https://www.drantipov.com/_next/image?url=%2Fimages%2Fblog%2F2026-04-28%2Fsame-day-implants.jpg&w=3840&q=75&dpl=dpl_AocR8G927cD9b1EN7RTdG1PPiWAf,,Same-Day Dental Implants (Immediate Load) — Myth or Reality?,True,,,200,OK,Root-Relative,//body/main/section[3]/div/div[2]/div[1]/a/div[1]/img,Content,HTML
Image,https://www.drantipov.com/ru/for-patients/insights/zygomatic-implants,https://www.drantipov.com/_next/image?url=%2Fimages%2Fblog%2F2026-04-28%2Fsame-day-implants.jpg&w=3840&q=75&dpl=dpl_AocR8G927cD9b1EN7RTdG1PPiWAf,,Same-Day Dental Implants (Immediate Load) — Myth or Reality?,True,,,200,OK,Root-Relative,//body/main/section[3]/div/div[2]/div[1]/a/div[1]/img,Content,HTML
Image,https://www.drantipov.com/ru/for-patients/insights/same-day-implants,https://www.drantipov.com/_next/image?url=%2Fimages%2Fblog%2F2026-04-28%2Fsame-day-implants.jpg&w=3840&q=75&dpl=dpl_AocR8G927cD9b1EN7RTdG1PPiWAf,,Импланты за один день — результат All-on-4,True,,,200,OK,Root-Relative,//body/main/section[2]/div/article/div[2]/img,Content,HTML
Image,https://www.drantipov.com/ru/for-patients/insights,https://www.drantipov.com/_next/image?url=%2Fimages%2Fblog%2F2026-04-28%2Fsame-day-implants.jpg&w=3840&q=75&dpl=dpl_AocR8G927cD9b1EN7RTdG1PPiWAf,,Импланты за один день — миф или реальность?,True,,,200,OK,Root-Relative,//body/main/section[2]/div/div/div[40]/div/div[1]/img,Content,HTML
Image,https://www.drantipov.com/for-patients/insights,https://www.drantipov.com/_next/image?url=%2Fimages%2Fblog%2F2026-06-22%2Fredoing-implants-abroad.png&w=3840&q=75&dpl=dpl_AocR8G927cD9b1EN7RTdG1PPiWAf,,Redoing Dental Implants Done Abroad: A Plan,True,,,200,OK,Root-Relative,//body/main/section[2]/div/div/div[69]/div/div[1]/img,Content,HTML
Image,https://www.drantipov.com/for-patients/insights/redoing-dental-implants-done-abroad-recovery-plan,https://www.drantipov.com/_next/image?url=%2Fimages%2Fblog%2F2026-06-22%2Fredoing-implants-abroad.png&w=3840&q=75&dpl=dpl_AocR8G927cD9b1EN7RTdG1PPiWAf,,Oral surgeon reviewing dental records and a panoramic x-ray with a patient,True,,,200,OK,Root-Relative,//body/main/section[2]/div/article/div[2]/img,Content,HTML
Image,https://www.drantipov.com/for-patients/insights/second-opinion-on-failed-dental-implants,https://www.drantipov.com/_next/image?url=%2Fimages%2Fblog%2F2026-06-22%2Fredoing-implants-abroad.png&w=3840&q=75&dpl=dpl_AocR8G927cD9b1EN7RTdG1PPiWAf,,Redoing Dental Implants Done Abroad: A Plan,True,,,200,OK,Root-Relative,//body/main/section[3]/div/div[2]/div[1]/a/div[1]/img,Content,HTML
Image,https://www.drantipov.com/for-patients/insights/full-mouth-reconstruction-for-failed-dental-work,https://www.drantipov.com/_next/image?url=%2Fimages%2Fblog%2F2026-06-22%2Fredoing-implants-abroad.png&w=3840&q=75&dpl=dpl_AocR8G927cD9b1EN7RTdG1PPiWAf,,Redoing Dental Implants Done Abroad: A Plan,True,,,200,OK,Root-Relative,//body/main/section[3]/div/div[2]/div[3]/a/div[1]/img,Content,HTML
Image,https://www.drantipov.com/for-patients/insights/implant-revision-after-bone-loss,https://www.drantipov.com/_next/image?url=%2Fimages%2Fblog%2F2026-06-22%2Fredoing-implants-abroad.png&w=3840&q=75&dpl=dpl_AocR8G927cD9b1EN7RTdG1PPiWAf,,Redoing Dental Implants Done Abroad: A Plan,True,,,200,OK,Root-Relative,//body/main/section[3]/div/div[2]/div[2]/a/div[1]/img,Content,HTML
Image,https://www.drantipov.com/ru/for-patients/insights/second-opinion-on-failed-dental-implants,https://www.drantipov.com/_next/image?url=%2Fimages%2Fblog%2F2026-06-22%2Fredoing-implants-abroad.png&w=3840&q=75&dpl=dpl_AocR8G927cD9b1EN7RTdG1PPiWAf,,Redoing Dental Implants Done Abroad: A Plan,True,,,200,OK,Root-Relative,//body/main/section[3]/div/div[2]/div[1]/a/div[1]/img,Content,HTML
Image,https://www.drantipov.com/ru/for-patients/insights/full-mouth-reconstruction-for-failed-dental-work,https://www.drantipov.com/_next/image?url=%2Fimages%2Fblog%2F2026-06-22%2Fredoing-implants-abroad.png&w=3840&q=75&dpl=dpl_AocR8G927cD9b1EN7RTdG1PPiWAf,,Redoing Dental Implants Done Abroad: A Plan,True,,,200,OK,Root-Relative,//body/main/section[3]/div/div[2]/div[3]/a/div[1]/img,Content,HTML
Image,https://www.drantipov.com/ru/for-patients/insights/redoing-dental-implants-done-abroad-recovery-plan,https://www.drantipov.com/_next/image?url=%2Fimages%2Fblog%2F2026-06-22%2Fredoing-implants-abroad.png&w=3840&q=75&dpl=dpl_AocR8G927cD9b1EN7RTdG1PPiWAf,,Челюстно-лицевой хирург разбирает медицинские документы и панорамный снимок с пациентом,True,,,200,OK,Root-Relative,//body/main/section[2]/div/article/div[2]/img,Content,HTML
Image,https://www.drantipov.com/ru/for-patients/insights/implant-revision-after-bone-loss,https://www.drantipov.com/_next/image?url=%2Fimages%2Fblog%2F2026-06-22%2Fredoing-implants-abroad.png&w=3840&q=75&dpl=dpl_AocR8G927cD9b1EN7RTdG1PPiWAf,,Redoing Dental Implants Done Abroad: A Plan,True,,,200,OK,Root-Relative,//body/main/section[3]/div/div[2]/div[2]/a/div[1]/img,Content,HTML
Image,https://www.drantipov.com/ru/for-patients/insights,https://www.drantipov.com/_next/image?url=%2Fimages%2Fblog%2F2026-06-22%2Fredoing-implants-abroad.png&w=3840&q=75&dpl=dpl_AocR8G927cD9b1EN7RTdG1PPiWAf,,"Переделка имплантов, поставленных за рубежом: план",True,,,200,OK,Root-Relative,//body/main/section[2]/div/div/div[21]/div/div[1]/img,Content,HTML
Image,https://www.drantipov.com/for-patients/insights,https://www.drantipov.com/_next/image?url=%2Fimages%2Fblog%2F2026-08-04%2Ffixed-dentures-on-implants.png&w=3840&q=75&dpl=dpl_AocR8G927cD9b1EN7RTdG1PPiWAf,,Fixed Dentures on Implants: The Complete Guide to Permanent Full-Arch Restoration,True,,,200,OK,Root-Relative,//body/main/section[2]/div/div/div[2]/div/div[1]/img,Content,HTML
Image,https://www.drantipov.com/for-patients/insights/dental-implant-complications,https://www.drantipov.com/_next/image?url=%2Fimages%2Fblog%2F2026-08-04%2Ffixed-dentures-on-implants.png&w=3840&q=75&dpl=dpl_AocR8G927cD9b1EN7RTdG1PPiWAf,,Fixed Dentures on Implants: The Complete Guide to Permanent Full-Arch Restoration,True,,,200,OK,Root-Relative,//body/main/section[3]/div/div[2]/div[3]/a/div[1]/img,Content,HTML
Image,https://www.drantipov.com/for-patients/insights/dental-implant-aftercare,https://www.drantipov.com/_next/image?url=%2Fimages%2Fblog%2F2026-08-04%2Ffixed-dentures-on-implants.png&w=3840&q=75&dpl=dpl_AocR8G927cD9b1EN7RTdG1PPiWAf,,Fixed Dentures on Implants: The Complete Guide to Permanent Full-Arch Restoration,True,,,200,OK,Root-Relative,//body/main/section[3]/div/div[2]/div[2]/a/div[1]/img,Content,HTML
Image,https://www.drantipov.com/for-patients/insights/single-tooth-implant-process-timeline,https://www.drantipov.com/_next/image?url=%2Fimages%2Fblog%2F2026-08-04%2Ffixed-dentures-on-implants.png&w=3840&q=75&dpl=dpl_AocR8G927cD9b1EN7RTdG1PPiWAf,,Fixed Dentures on Implants: The Complete Guide to Permanent Full-Arch Restoration,True,,,200,OK,Root-Relative,//body/main/section[3]/div/div[2]/div[1]/a/div[1]/img,Content,HTML
Image,https://www.drantipov.com/for-patients/insights/fixed-dentures-on-implants,https://www.drantipov.com/_next/image?url=%2Fimages%2Fblog%2F2026-08-04%2Ffixed-dentures-on-implants.png&w=3840&q=75&dpl=dpl_AocR8G927cD9b1EN7RTdG1PPiWAf,,Full-arch fixed implant bridge model positioned above a lower jaw model with four titanium implant posts,True,,,200,OK,Root-Relative,//body/main/section[2]/div/article/div[2]/img,Content,HTML
Image,https://www.drantipov.com/ru/for-patients/insights/dental-implant-aftercare,https://www.drantipov.com/_next/image?url=%2Fimages%2Fblog%2F2026-08-04%2Ffixed-dentures-on-implants.png&w=3840&q=75&dpl=dpl_AocR8G927cD9b1EN7RTdG1PPiWAf,,Fixed Dentures on Implants: The Complete Guide to Permanent Full-Arch Restoration,True,,,200,OK,Root-Relative,//body/main/section[3]/div/div[2]/div[2]/a/div[1]/img,Content,HTML
Image,https://www.drantipov.com/ru/for-patients/insights/dental-implant-complications,https://www.drantipov.com/_next/image?url=%2Fimages%2Fblog%2F2026-08-04%2Ffixed-dentures-on-implants.png&w=3840&q=75&dpl=dpl_AocR8G927cD9b1EN7RTdG1PPiWAf,,Fixed Dentures on Implants: The Complete Guide to Permanent Full-Arch Restoration,True,,,200,OK,Root-Relative,//body/main/section[3]/div/div[2]/div[3]/a/div[1]/img,Content,HTML
Image,https://www.drantipov.com/for-patients/insights,https://www.drantipov.com/_next/image?url=%2Fimages%2Fblog%2F2026-06-22%2Fhow-to-fix-an-overbite.png&w=3840&q=75&dpl=dpl_AocR8G927cD9b1EN7RTdG1PPiWAf,,"How to Fix an Overbite: Treatment Options, Surgery & Cost",True,,,200,OK,Root-Relative,//body/main/section[2]/div/div/div[70]/div/div[1]/img,Content,HTML
Image,https://www.drantipov.com/for-patients/insights/how-to-fix-an-overbite-treatment-options-and-cost,https://www.drantipov.com/_next/image?url=%2Fimages%2Fblog%2F2026-06-22%2Fhow-to-fix-an-overbite.png&w=3840&q=75&dpl=dpl_AocR8G927cD9b1EN7RTdG1PPiWAf,,"How to fix an overbite — clear aligners, braces, and jaw surgery options",True,,,200,OK,Root-Relative,//body/main/section[2]/div/article/div[2]/img,Content,HTML
Image,https://www.drantipov.com/for-patients/insights/redoing-dental-implants-done-abroad-recovery-plan,https://www.drantipov.com/_next/image?url=%2Fimages%2Fblog%2F2026-06-22%2Fhow-to-fix-an-overbite.png&w=3840&q=75&dpl=dpl_AocR8G927cD9b1EN7RTdG1PPiWAf,,"How to Fix an Overbite: Treatment Options, Surgery & Cost",True,,,200,OK,Root-Relative,//body/main/section[3]/div/div[2]/div[1]/a/div[1]/img,Content,HTML
Image,https://www.drantipov.com/for-patients/insights/second-opinion-on-failed-dental-implants,https://www.drantipov.com/_next/image?url=%2Fimages%2Fblog%2F2026-06-22%2Fhow-to-fix-an-overbite.png&w=3840&q=75&dpl=dpl_AocR8G927cD9b1EN7RTdG1PPiWAf,,"How to Fix an Overbite: Treatment Options, Surgery & Cost",True,,,200,OK,Root-Relative,//body/main/section[3]/div/div[2]/div[2]/a/div[1]/img,Content,HTML
Image,https://www.drantipov.com/for-patients/insights/implant-revision-after-bone-loss,https://www.drantipov.com/_next/image?url=%2Fimages%2Fblog%2F2026-06-22%2Fhow-to-fix-an-overbite.png&w=3840&q=75&dpl=dpl_AocR8G927cD9b1EN7RTdG1PPiWAf,,"How to Fix an Overbite: Treatment Options, Surgery & Cost",True,,,200,OK,Root-Relative,//body/main/section[3]/div/div[2]/div[3]/a/div[1]/img,Content,HTML
Image,https://www.drantipov.com/ru/for-patients/insights/second-opinion-on-failed-dental-implants,https://www.drantipov.com/_next/image?url=%2Fimages%2Fblog%2F2026-06-22%2Fhow-to-fix-an-overbite.png&w=3840&q=75&dpl=dpl_AocR8G927cD9b1EN7RTdG1PPiWAf,,"How to Fix an Overbite: Treatment Options, Surgery & Cost",True,,,200,OK,Root-Relative,//body/main/section[3]/div/div[2]/div[2]/a/div[1]/img,Content,HTML
Image,https://www.drantipov.com/ru/for-patients/insights/how-to-fix-an-overbite-treatment-options-and-cost,https://www.drantipov.com/_next/image?url=%2Fimages%2Fblog%2F2026-06-22%2Fhow-to-fix-an-overbite.png&w=3840&q=75&dpl=dpl_AocR8G927cD9b1EN7RTdG1PPiWAf,,"Как исправить глубокий прикус — прозрачные элайнеры, брекеты и операция на челюсти",True,,,200,OK,Root-Relative,//body/main/section[2]/div/article/div[2]/img,Content,HTML
Image,https://www.drantipov.com/ru/for-patients/insights/redoing-dental-implants-done-abroad-recovery-plan,https://www.drantipov.com/_next/image?url=%2Fimages%2Fblog%2F2026-06-22%2Fhow-to-fix-an-overbite.png&w=3840&q=75&dpl=dpl_AocR8G927cD9b1EN7RTdG1PPiWAf,,"How to Fix an Overbite: Treatment Options, Surgery & Cost",True,,,200,OK,Root-Relative,//body/main/section[3]/div/div[2]/div[1]/a/div[1]/img,Content,HTML
Image,https://www.drantipov.com/ru/for-patients/insights/implant-revision-after-bone-loss,https://www.drantipov.com/_next/image?url=%2Fimages%2Fblog%2F2026-06-22%2Fhow-to-fix-an-overbite.png&w=3840&q=75&dpl=dpl_AocR8G927cD9b1EN7RTdG1PPiWAf,,"How to Fix an Overbite: Treatment Options, Surgery & Cost",True,,,200,OK,Root-Relative,//body/main/section[3]/div/div[2]/div[3]/a/div[1]/img,Content,HTML
Image,https://www.drantipov.com/ru/for-patients/insights,https://www.drantipov.com/_next/image?url=%2Fimages%2Fblog%2F2026-06-22%2Fhow-to-fix-an-overbite.png&w=3840&q=75&dpl=dpl_AocR8G927cD9b1EN7RTdG1PPiWAf,,"Как исправить глубокий прикус: варианты лечения, операция и стоимость",True,,,200,OK,Root-Relative,//body/main/section[2]/div/div/div[22]/div/div[1]/img,Content,HTML
Image,https://www.drantipov.com/for-patients/insights,https://www.drantipov.com/_next/image?url=%2Fimages%2Fblog%2F2026-07-13%2Fiv-sedation-dentistry.png&w=3840&q=75&dpl=dpl_AocR8G927cD9b1EN7RTdG1PPiWAf,,"IV Sedation Dentistry: What to Expect Before, During, and After Oral Surgery",True,,,200,OK,Root-Relative,//body/main/section[2]/div/div/div[34]/div/div[1]/img,Content,HTML
Image,https://www.drantipov.com/for-patients/insights/alternatives-to-dental-bridges,https://www.drantipov.com/_next/image?url=%2Fimages%2Fblog%2F2026-07-13%2Fiv-sedation-dentistry.png&w=3840&q=75&dpl=dpl_AocR8G927cD9b1EN7RTdG1PPiWAf,,"IV Sedation Dentistry: What to Expect Before, During, and After Oral Surgery",True,,,200,OK,Root-Relative,//body/main/section[3]/div/div[2]/div[1]/a/div[1]/img,Content,HTML
Image,https://www.drantipov.com/for-patients/insights/iv-sedation-dentistry-what-to-expect,https://www.drantipov.com/_next/image?url=%2Fimages%2Fblog%2F2026-07-13%2Fiv-sedation-dentistry.png&w=3840&q=75&dpl=dpl_AocR8G927cD9b1EN7RTdG1PPiWAf,,Relaxed patient under IV sedation in a modern oral surgery suite with a vital-signs monitor in the background,True,,,200,OK,Root-Relative,//body/main/section[2]/div/article/div[2]/img,Content,HTML
Image,https://www.drantipov.com/for-patients/insights/specialist-for-complex-dental-implants,https://www.drantipov.com/_next/image?url=%2Fimages%2Fblog%2F2026-07-13%2Fiv-sedation-dentistry.png&w=3840&q=75&dpl=dpl_AocR8G927cD9b1EN7RTdG1PPiWAf,,"IV Sedation Dentistry: What to Expect Before, During, and After Oral Surgery",True,,,200,OK,Root-Relative,//body/main/section[3]/div/div[2]/div[2]/a/div[1]/img,Content,HTML
Image,https://www.drantipov.com/for-patients/insights/denture-alternatives-that-work,https://www.drantipov.com/_next/image?url=%2Fimages%2Fblog%2F2026-07-13%2Fiv-sedation-dentistry.png&w=3840&q=75&dpl=dpl_AocR8G927cD9b1EN7RTdG1PPiWAf,,"IV Sedation Dentistry: What to Expect Before, During, and After Oral Surgery",True,,,200,OK,Root-Relative,//body/main/section[3]/div/div[2]/div[3]/a/div[1]/img,Content,HTML
Image,https://www.drantipov.com/for-patients/insights,https://www.drantipov.com/_next/image?url=%2Fimages%2Fblog%2F2026-08-04%2Fall-on-4-dental-implants-san-francisco.png&w=3840&q=75&dpl=dpl_AocR8G927cD9b1EN7RTdG1PPiWAf,,All-on-4 Dental Implants for San Francisco Patients: Full-Arch Restoration Worth the Drive,True,,,200,OK,Root-Relative,//body/main/section[2]/div/div/div[6]/div/div[1]/img,Content,HTML
Image,https://www.drantipov.com/for-patients/insights/all-on-4-dental-implants-san-francisco,https://www.drantipov.com/_next/image?url=%2Fimages%2Fblog%2F2026-08-04%2Fall-on-4-dental-implants-san-francisco.png&w=3840&q=75&dpl=dpl_AocR8G927cD9b1EN7RTdG1PPiWAf,,Patient reviewing a 3D CBCT scan showing four tilted implants supporting a full-arch bridge during an All-on-4 consultation,True,,,200,OK,Root-Relative,//body/main/section[2]/div/article/div[2]/img,Content,HTML
Image,https://www.drantipov.com/for-patients/insights/dental-implants-for-missing-back-teeth,https://www.drantipov.com/_next/image?url=%2Fimages%2Fblog%2F2026-08-04%2Fall-on-4-dental-implants-san-francisco.png&w=3840&q=75&dpl=dpl_AocR8G927cD9b1EN7RTdG1PPiWAf,,All-on-4 Dental Implants for San Francisco Patients: Full-Arch Restoration Worth the Drive,True,,,200,OK,Root-Relative,//body/main/section[3]/div/div[2]/div[3]/a/div[1]/img,Content,HTML
Image,https://www.drantipov.com/for-patients/insights/implant-supported-dentures-vs-traditional-dentures,https://www.drantipov.com/_next/image?url=%2Fimages%2Fblog%2F2026-08-04%2Fall-on-4-dental-implants-san-francisco.png&w=3840&q=75&dpl=dpl_AocR8G927cD9b1EN7RTdG1PPiWAf,,All-on-4 Dental Implants for San Francisco Patients: Full-Arch Restoration Worth the Drive,True,,,200,OK,Root-Relative,//body/main/section[3]/div/div[2]/div[1]/a/div[1]/img,Content,HTML
Image,https://www.drantipov.com/for-patients/insights/board-certified-dental-implant-surgeon-california,https://www.drantipov.com/_next/image?url=%2Fimages%2Fblog%2F2026-08-04%2Fall-on-4-dental-implants-san-francisco.png&w=3840&q=75&dpl=dpl_AocR8G927cD9b1EN7RTdG1PPiWAf,,All-on-4 Dental Implants for San Francisco Patients: Full-Arch Restoration Worth the Drive,True,,,200,OK,Root-Relative,//body/main/section[3]/div/div[2]/div[2]/a/div[1]/img,Content,HTML
Image,https://www.drantipov.com/for-patients/insights,https://www.drantipov.com/_next/image?url=%2Fimages%2Fblog%2F2026-07-07%2Ftold-no-implants-second-opinion.png&w=3840&q=75&dpl=dpl_AocR8G927cD9b1EN7RTdG1PPiWAf,,Told No to Dental Implants? Why a Specialist Second Opinion Often Says Yes,True,,,200,OK,Root-Relative,//body/main/section[2]/div/div/div[41]/div/div[1]/img,Content,HTML
Image,https://www.drantipov.com/for-patients/insights/zirconia-dental-implants-california,https://www.drantipov.com/_next/image?url=%2Fimages%2Fblog%2F2026-07-07%2Ftold-no-implants-second-opinion.png&w=3840&q=75&dpl=dpl_AocR8G927cD9b1EN7RTdG1PPiWAf,,Told No to Dental Implants? Why a Specialist Second Opinion Often Says Yes,True,,,200,OK,Root-Relative,//body/main/section[3]/div/div[2]/div[2]/a/div[1]/img,Content,HTML
Image,https://www.drantipov.com/for-patients/insights/told-no-to-dental-implants-why-specialists-say-yes,https://www.drantipov.com/_next/image?url=%2Fimages%2Fblog%2F2026-07-07%2Ftold-no-implants-second-opinion.png&w=3840&q=75&dpl=dpl_AocR8G927cD9b1EN7RTdG1PPiWAf,,Oral surgeon comparing a 3D CBCT jaw scan on a monitor with a traditional flat 2D dental X-ray,True,,,200,OK,Root-Relative,//body/main/section[2]/div/article/div[2]/img,Content,HTML
Image,https://www.drantipov.com/for-patients/insights/best-full-arch-dental-implant-clinics-california-how-to-compare,https://www.drantipov.com/_next/image?url=%2Fimages%2Fblog%2F2026-07-07%2Ftold-no-implants-second-opinion.png&w=3840&q=75&dpl=dpl_AocR8G927cD9b1EN7RTdG1PPiWAf,,Told No to Dental Implants? Why a Specialist Second Opinion Often Says Yes,True,,,200,OK,Root-Relative,//body/main/section[3]/div/div[2]/div[1]/a/div[1]/img,Content,HTML
Image,https://www.drantipov.com/for-patients/insights/dental-implant-financing-options,https://www.drantipov.com/_next/image?url=%2Fimages%2Fblog%2F2026-07-07%2Ftold-no-implants-second-opinion.png&w=3840&q=75&dpl=dpl_AocR8G927cD9b1EN7RTdG1PPiWAf,,Told No to Dental Implants? Why a Specialist Second Opinion Often Says Yes,True,,,200,OK,Root-Relative,//body/main/section[3]/div/div[2]/div[3]/a/div[1]/img,Content,HTML
Image,https://www.drantipov.com/for-patients/insights,https://www.drantipov.com/_next/image?url=%2Fimages%2Fblog%2F2026-08-04%2Fsame-day-teeth-roseville-ca.png&w=3840&q=75&dpl=dpl_AocR8G927cD9b1EN7RTdG1PPiWAf,,"Same Day Teeth in Roseville, CA: The Complete Guide to Immediate Smile Restoration",True,,,200,OK,Root-Relative,//body/main/section[2]/div/div/div[14]/div/div[1]/img,Content,HTML
Image,https://www.drantipov.com/for-patients/insights/dental-implant-payment-plans,https://www.drantipov.com/_next/image?url=%2Fimages%2Fblog%2F2026-08-04%2Fsame-day-teeth-roseville-ca.png&w=3840&q=75&dpl=dpl_AocR8G927cD9b1EN7RTdG1PPiWAf,,"Same Day Teeth in Roseville, CA: The Complete Guide to Immediate Smile Restoration",True,,,200,OK,Root-Relative,//body/main/section[3]/div/div[2]/div[3]/a/div[1]/img,Content,HTML
Image,https://www.drantipov.com/for-patients/insights/snap-in-dentures-california,https://www.drantipov.com/_next/image?url=%2Fimages%2Fblog%2F2026-08-04%2Fsame-day-teeth-roseville-ca.png&w=3840&q=75&dpl=dpl_AocR8G927cD9b1EN7RTdG1PPiWAf,,"Same Day Teeth in Roseville, CA: The Complete Guide to Immediate Smile Restoration",True,,,200,OK,Root-Relative,//body/main/section[3]/div/div[2]/div[2]/a/div[1]/img,Content,HTML
Image,https://www.drantipov.com/for-patients/insights/full-mouth-dental-implants-california,https://www.drantipov.com/_next/image?url=%2Fimages%2Fblog%2F2026-08-04%2Fsame-day-teeth-roseville-ca.png&w=3840&q=75&dpl=dpl_AocR8G927cD9b1EN7RTdG1PPiWAf,,"Same Day Teeth in Roseville, CA: The Complete Guide to Immediate Smile Restoration",True,,,200,OK,Root-Relative,//body/main/section[3]/div/div[2]/div[1]/a/div[1]/img,Content,HTML
Image,https://www.drantipov.com/for-patients/insights/same-day-teeth-roseville-ca,https://www.drantipov.com/_next/image?url=%2Fimages%2Fblog%2F2026-08-04%2Fsame-day-teeth-roseville-ca.png&w=3840&q=75&dpl=dpl_AocR8G927cD9b1EN7RTdG1PPiWAf,,Oral surgeon showing a patient a 3D jaw scan with a digital implant placement plan in a modern Roseville surgical suite,True,,,200,OK,Root-Relative,//body/main/section[2]/div/article/div[2]/img,Content,HTML
Image,https://www.drantipov.com/for-patients/insights,https://www.drantipov.com/_next/image?url=%2Fimages%2Fblog%2F2026-06-22%2Fsecond-opinion-failed-implants.png&w=3840&q=75&dpl=dpl_AocR8G927cD9b1EN7RTdG1PPiWAf,,Second Opinion on Failed Implants: Revision Options,True,,,200,OK,Root-Relative,//body/main/section[2]/div/div/div[68]/div/div[1]/img,Content,HTML
Image,https://www.drantipov.com/for-patients/insights/repairing-a-broken-implant-crown-or-prosthesis,https://www.drantipov.com/_next/image?url=%2Fimages%2Fblog%2F2026-06-22%2Fsecond-opinion-failed-implants.png&w=3840&q=75&dpl=dpl_AocR8G927cD9b1EN7RTdG1PPiWAf,,Second Opinion on Failed Implants: Revision Options,True,,,200,OK,Root-Relative,//body/main/section[3]/div/div[2]/div[3]/a/div[1]/img,Content,HTML
Image,https://www.drantipov.com/for-patients/insights/second-opinion-on-failed-dental-implants,https://www.drantipov.com/_next/image?url=%2Fimages%2Fblog%2F2026-06-22%2Fsecond-opinion-failed-implants.png&w=3840&q=75&dpl=dpl_AocR8G927cD9b1EN7RTdG1PPiWAf,,Oral surgeon reviewing dental x-rays with a patient during a second-opinion consultation,True,,,200,OK,Root-Relative,//body/main/section[2]/div/article/div[2]/img,Content,HTML
Image,https://www.drantipov.com/for-patients/insights/full-mouth-reconstruction-for-failed-dental-work,https://www.drantipov.com/_next/image?url=%2Fimages%2Fblog%2F2026-06-22%2Fsecond-opinion-failed-implants.png&w=3840&q=75&dpl=dpl_AocR8G927cD9b1EN7RTdG1PPiWAf,,Second Opinion on Failed Implants: Revision Options,True,,,200,OK,Root-Relative,//body/main/section[3]/div/div[2]/div[2]/a/div[1]/img,Content,HTML
Image,https://www.drantipov.com/for-patients/insights/implant-revision-after-bone-loss,https://www.drantipov.com/_next/image?url=%2Fimages%2Fblog%2F2026-06-22%2Fsecond-opinion-failed-implants.png&w=3840&q=75&dpl=dpl_AocR8G927cD9b1EN7RTdG1PPiWAf,,Second Opinion on Failed Implants: Revision Options,True,,,200,OK,Root-Relative,//body/main/section[3]/div/div[2]/div[1]/a/div[1]/img,Content,HTML
Image,https://www.drantipov.com/ru/for-patients/insights/second-opinion-on-failed-dental-implants,https://www.drantipov.com/_next/image?url=%2Fimages%2Fblog%2F2026-06-22%2Fsecond-opinion-failed-implants.png&w=3840&q=75&dpl=dpl_AocR8G927cD9b1EN7RTdG1PPiWAf,,Челюстно-лицевой хирург разбирает рентгеновские снимки с пациентом на консультации для второго мнения,True,,,200,OK,Root-Relative,//body/main/section[2]/div/article/div[2]/img,Content,HTML
Image,https://www.drantipov.com/ru/for-patients/insights/full-mouth-reconstruction-for-failed-dental-work,https://www.drantipov.com/_next/image?url=%2Fimages%2Fblog%2F2026-06-22%2Fsecond-opinion-failed-implants.png&w=3840&q=75&dpl=dpl_AocR8G927cD9b1EN7RTdG1PPiWAf,,Second Opinion on Failed Implants: Revision Options,True,,,200,OK,Root-Relative,//body/main/section[3]/div/div[2]/div[2]/a/div[1]/img,Content,HTML
Image,https://www.drantipov.com/ru/for-patients/insights/repairing-a-broken-implant-crown-or-prosthesis,https://www.drantipov.com/_next/image?url=%2Fimages%2Fblog%2F2026-06-22%2Fsecond-opinion-failed-implants.png&w=3840&q=75&dpl=dpl_AocR8G927cD9b1EN7RTdG1PPiWAf,,Second Opinion on Failed Implants: Revision Options,True,,,200,OK,Root-Relative,//body/main/section[3]/div/div[2]/div[3]/a/div[1]/img,Content,HTML
Image,https://www.drantipov.com/ru/for-patients/insights/implant-revision-after-bone-loss,https://www.drantipov.com/_next/image?url=%2Fimages%2Fblog%2F2026-06-22%2Fsecond-opinion-failed-implants.png&w=3840&q=75&dpl=dpl_AocR8G927cD9b1EN7RTdG1PPiWAf,,Second Opinion on Failed Implants: Revision Options,True,,,200,OK,Root-Relative,//body/main/section[3]/div/div[2]/div[1]/a/div[1]/img,Content,HTML
Image,https://www.drantipov.com/ru/for-patients/insights,https://www.drantipov.com/_next/image?url=%2Fimages%2Fblog%2F2026-06-22%2Fsecond-opinion-failed-implants.png&w=3840&q=75&dpl=dpl_AocR8G927cD9b1EN7RTdG1PPiWAf,,Второе мнение о несостоятельных имплантах,True,,,200,OK,Root-Relative,//body/main/section[2]/div/div/div[20]/div/div[1]/img,Content,HTML
Image,https://www.drantipov.com/for-patients/insights,https://www.drantipov.com/_next/image?url=%2Fimages%2Fblog%2F2026-07-07%2Fdental-implant-financing-options.png&w=3840&q=75&dpl=dpl_AocR8G927cD9b1EN7RTdG1PPiWAf,,Dental Implant Financing in California: A Guide to Affordable Payment Plans in 2026,True,,,200,OK,Root-Relative,//body/main/section[2]/div/div/div[38]/div/div[1]/img,Content,HTML
Image,https://www.drantipov.com/for-patients/insights/all-on-4-dental-implants-recovery-timeline,https://www.drantipov.com/_next/image?url=%2Fimages%2Fblog%2F2026-07-07%2Fdental-implant-financing-options.png&w=3840&q=75&dpl=dpl_AocR8G927cD9b1EN7RTdG1PPiWAf,,Dental Implant Financing in California: A Guide to Affordable Payment Plans in 2026,True,,,200,OK,Root-Relative,//body/main/section[3]/div/div[2]/div[2]/a/div[1]/img,Content,HTML
Image,https://www.drantipov.com/for-patients/insights/dental-implant-financing-options,https://www.drantipov.com/_next/image?url=%2Fimages%2Fblog%2F2026-07-07%2Fdental-implant-financing-options.png&w=3840&q=75&dpl=dpl_AocR8G927cD9b1EN7RTdG1PPiWAf,,Patient reviewing a dental implant financing plan with a treatment coordinator at a dental office,True,,,200,OK,Root-Relative,//body/main/section[2]/div/article/div[2]/img,Content,HTML
Image,https://www.drantipov.com/for-patients/insights/permanent-dentures-fixed-vs-removable,https://www.drantipov.com/_next/image?url=%2Fimages%2Fblog%2F2026-07-07%2Fdental-implant-financing-options.png&w=3840&q=75&dpl=dpl_AocR8G927cD9b1EN7RTdG1PPiWAf,,Dental Implant Financing in California: A Guide to Affordable Payment Plans in 2026,True,,,200,OK,Root-Relative,//body/main/section[3]/div/div[2]/div[1]/a/div[1]/img,Content,HTML
Image,https://www.drantipov.com/for-patients/insights/permanent-teeth-implants-complete-guide,https://www.drantipov.com/_next/image?url=%2Fimages%2Fblog%2F2026-07-07%2Fdental-implant-financing-options.png&w=3840&q=75&dpl=dpl_AocR8G927cD9b1EN7RTdG1PPiWAf,,Dental Implant Financing in California: A Guide to Affordable Payment Plans in 2026,True,,,200,OK,Root-Relative,//body/main/section[3]/div/div[2]/div[3]/a/div[1]/img,Content,HTML
Image,https://www.drantipov.com/for-patients/insights,https://www.drantipov.com/_next/image?url=%2Fimages%2Fblog%2F2026-06-19%2Fzygomatic-vs-grafting.png&w=3840&q=75&dpl=dpl_AocR8G927cD9b1EN7RTdG1PPiWAf,,Zygomatic Implants vs Bone Grafting for Severe Bone Loss,True,,,200,OK,Root-Relative,//body/main/section[2]/div/div/div[75]/div/div[1]/img,Content,HTML
Image,https://www.drantipov.com/for-patients/insights/zygomatic-implants-vs-bone-grafting-for-severe-bone-loss,https://www.drantipov.com/_next/image?url=%2Fimages%2Fblog%2F2026-06-19%2Fzygomatic-vs-grafting.png&w=3840&q=75&dpl=dpl_AocR8G927cD9b1EN7RTdG1PPiWAf,,Zygomatic implants versus bone grafting for severe jawbone loss,True,,,200,OK,Root-Relative,//body/main/section[2]/div/article/div[2]/img,Content,HTML
Image,https://www.drantipov.com/ru/for-patients/insights/zygomatic-implants-vs-bone-grafting-for-severe-bone-loss,https://www.drantipov.com/_next/image?url=%2Fimages%2Fblog%2F2026-06-19%2Fzygomatic-vs-grafting.png&w=3840&q=75&dpl=dpl_AocR8G927cD9b1EN7RTdG1PPiWAf,,Скуловые импланты или костная пластика при выраженной убыли кости челюсти,True,,,200,OK,Root-Relative,//body/main/section[2]/div/article/div[2]/img,Content,HTML
Image,https://www.drantipov.com/ru/for-patients/insights,https://www.drantipov.com/_next/image?url=%2Fimages%2Fblog%2F2026-06-19%2Fzygomatic-vs-grafting.png&w=3840&q=75&dpl=dpl_AocR8G927cD9b1EN7RTdG1PPiWAf,,Скуловые импланты или костная пластика,True,,,200,OK,Root-Relative,//body/main/section[2]/div/div/div[27]/div/div[1]/img,Content,HTML
Image,https://www.drantipov.com/for-patients/insights,https://www.drantipov.com/_next/image?url=%2Fimages%2Fblog%2F2026-06-22%2Fimplant-gum-disease.png&w=3840&q=75&dpl=dpl_AocR8G927cD9b1EN7RTdG1PPiWAf,,Can Dental Implants Get Cavities or Gum Disease? Facts,True,,,200,OK,Root-Relative,//body/main/section[2]/div/div/div[56]/div/div[1]/img,Content,HTML
Image,https://www.drantipov.com/for-patients/insights/who-is-a-candidate-for-dental-implants,https://www.drantipov.com/_next/image?url=%2Fimages%2Fblog%2F2026-06-22%2Fimplant-gum-disease.png&w=3840&q=75&dpl=dpl_AocR8G927cD9b1EN7RTdG1PPiWAf,,Can Dental Implants Get Cavities or Gum Disease? Facts,True,,,200,OK,Root-Relative,//body/main/section[3]/div/div[2]/div[2]/a/div[1]/img,Content,HTML
Image,https://www.drantipov.com/for-patients/insights/titanium-vs-zirconia-dental-implants,https://www.drantipov.com/_next/image?url=%2Fimages%2Fblog%2F2026-06-22%2Fimplant-gum-disease.png&w=3840&q=75&dpl=dpl_AocR8G927cD9b1EN7RTdG1PPiWAf,,Can Dental Implants Get Cavities or Gum Disease? Facts,True,,,200,OK,Root-Relative,//body/main/section[3]/div/div[2]/div[1]/a/div[1]/img,Content,HTML
Image,https://www.drantipov.com/for-patients/insights/dental-implants-with-osteoporosis-and-autoimmune-conditions,https://www.drantipov.com/_next/image?url=%2Fimages%2Fblog%2F2026-06-22%2Fimplant-gum-disease.png&w=3840&q=75&dpl=dpl_AocR8G927cD9b1EN7RTdG1PPiWAf,,Can Dental Implants Get Cavities or Gum Disease? Facts,True,,,200,OK,Root-Relative,//body/main/section[3]/div/div[2]/div[3]/a/div[1]/img,Content,HTML
Image,https://www.drantipov.com/for-patients/insights/can-dental-implants-get-cavities-or-gum-disease,https://www.drantipov.com/_next/image?url=%2Fimages%2Fblog%2F2026-06-22%2Fimplant-gum-disease.png&w=3840&q=75&dpl=dpl_AocR8G927cD9b1EN7RTdG1PPiWAf,,Close-up of healthy gum tissue around a dental implant during a checkup,True,,,200,OK,Root-Relative,//body/main/section[2]/div/article/div[2]/img,Content,HTML
Image,https://www.drantipov.com/ru/for-patients/insights/can-dental-implants-get-cavities-or-gum-disease,https://www.drantipov.com/_next/image?url=%2Fimages%2Fblog%2F2026-06-22%2Fimplant-gum-disease.png&w=3840&q=75&dpl=dpl_AocR8G927cD9b1EN7RTdG1PPiWAf,,Крупный план здоровой ткани дёсен вокруг импланта на осмотре,True,,,200,OK,Root-Relative,//body/main/section[2]/div/article/div[2]/img,Content,HTML
Image,https://www.drantipov.com/ru/for-patients/insights/dental-implants-with-osteoporosis-and-autoimmune-conditions,https://www.drantipov.com/_next/image?url=%2Fimages%2Fblog%2F2026-06-22%2Fimplant-gum-disease.png&w=3840&q=75&dpl=dpl_AocR8G927cD9b1EN7RTdG1PPiWAf,,Can Dental Implants Get Cavities or Gum Disease? Facts,True,,,200,OK,Root-Relative,//body/main/section[3]/div/div[2]/div[3]/a/div[1]/img,Content,HTML
Image,https://www.drantipov.com/ru/for-patients/insights/titanium-vs-zirconia-dental-implants,https://www.drantipov.com/_next/image?url=%2Fimages%2Fblog%2F2026-06-22%2Fimplant-gum-disease.png&w=3840&q=75&dpl=dpl_AocR8G927cD9b1EN7RTdG1PPiWAf,,Can Dental Implants Get Cavities or Gum Disease? Facts,True,,,200,OK,Root-Relative,//body/main/section[3]/div/div[2]/div[1]/a/div[1]/img,Content,HTML
Image,https://www.drantipov.com/ru/for-patients/insights/who-is-a-candidate-for-dental-implants,https://www.drantipov.com/_next/image?url=%2Fimages%2Fblog%2F2026-06-22%2Fimplant-gum-disease.png&w=3840&q=75&dpl=dpl_AocR8G927cD9b1EN7RTdG1PPiWAf,,Can Dental Implants Get Cavities or Gum Disease? Facts,True,,,200,OK,Root-Relative,//body/main/section[3]/div/div[2]/div[2]/a/div[1]/img,Content,HTML
Image,https://www.drantipov.com/ru/for-patients/insights,https://www.drantipov.com/_next/image?url=%2Fimages%2Fblog%2F2026-06-22%2Fimplant-gum-disease.png&w=3840&q=75&dpl=dpl_AocR8G927cD9b1EN7RTdG1PPiWAf,,Может ли на имплантах появиться кариес или заболевание дёсен?,True,,,200,OK,Root-Relative,//body/main/section[2]/div/div/div[8]/div/div[1]/img,Content,HTML
Image,https://www.drantipov.com/for-patients/insights,https://www.drantipov.com/_next/image?url=%2Fimages%2Fblog%2F2026-07-21%2Fsame-day-dental-implant-process-step-by-step.png&w=3840&q=75&dpl=dpl_AocR8G927cD9b1EN7RTdG1PPiWAf,,The Same-Day Dental Implant Process: Your 2026 Step-by-Step Guide,True,,,200,OK,Root-Relative,//body/main/section[2]/div/div/div[27]/div/div[1]/img,Content,HTML
Image,https://www.drantipov.com/for-patients/insights/same-day-dental-implant-process-step-by-step,https://www.drantipov.com/_next/image?url=%2Fimages%2Fblog%2F2026-07-21%2Fsame-day-dental-implant-process-step-by-step.png&w=3840&q=75&dpl=dpl_AocR8G927cD9b1EN7RTdG1PPiWAf,,Board-certified oral surgeon explaining the four stages of the same-day dental implant process using a 3D jaw model and digital scan,True,,,200,OK,Root-Relative,//body/main/section[2]/div/article/div[2]/img,Content,HTML
Image,https://www.drantipov.com/for-patients/insights/implant-supported-dentures-monterey,https://www.drantipov.com/_next/image?url=%2Fimages%2Fblog%2F2026-07-21%2Fsame-day-dental-implant-process-step-by-step.png&w=3840&q=75&dpl=dpl_AocR8G927cD9b1EN7RTdG1PPiWAf,,The Same-Day Dental Implant Process: Your 2026 Step-by-Step Guide,True,,,200,OK,Root-Relative,//body/main/section[3]/div/div[2]/div[3]/a/div[1]/img,Content,HTML
Image,https://www.drantipov.com/for-patients/insights/dental-implant-surgery-complete-guide,https://www.drantipov.com/_next/image?url=%2Fimages%2Fblog%2F2026-07-21%2Fsame-day-dental-implant-process-step-by-step.png&w=3840&q=75&dpl=dpl_AocR8G927cD9b1EN7RTdG1PPiWAf,,The Same-Day Dental Implant Process: Your 2026 Step-by-Step Guide,True,,,200,OK,Root-Relative,//body/main/section[3]/div/div[2]/div[1]/a/div[1]/img,Content,HTML
Image,https://www.drantipov.com/for-patients/insights/before-and-after-all-on-4-dental-implants,https://www.drantipov.com/_next/image?url=%2Fimages%2Fblog%2F2026-07-21%2Fsame-day-dental-implant-process-step-by-step.png&w=3840&q=75&dpl=dpl_AocR8G927cD9b1EN7RTdG1PPiWAf,,The Same-Day Dental Implant Process: Your 2026 Step-by-Step Guide,True,,,200,OK,Root-Relative,//body/main/section[3]/div/div[2]/div[2]/a/div[1]/img,Content,HTML
Image,https://www.drantipov.com/our-team,https://www.drantipov.com/_next/image?url=%2Fimages%2Flanding-pages%2Fdental-implants%2Fart%2Fslider03-00325586.jpg&w=3840&q=75&dpl=dpl_AocR8G927cD9b1EN7RTdG1PPiWAf,,,True,,,200,OK,Root-Relative,//body/main/section[1]/div[1]/img,Content,HTML
Image,https://www.drantipov.com/ru/our-team,https://www.drantipov.com/_next/image?url=%2Fimages%2Flanding-pages%2Fdental-implants%2Fart%2Fslider03-00325586.jpg&w=3840&q=75&dpl=dpl_AocR8G927cD9b1EN7RTdG1PPiWAf,,,True,,,200,OK,Root-Relative,//body/main/div/main/section[1]/div[1]/img,Content,HTML
Image,https://www.drantipov.com/full-arch-dental-implants,https://www.drantipov.com/_next/image?url=%2Fimages%2Ffullarch%2F01-before-damaged.jpeg&w=3840&q=75&dpl=dpl_AocR8G927cD9b1EN7RTdG1PPiWAf,,Full-arch implant case before treatment,True,,,200,OK,Root-Relative,//body/main/div/main/section[5]/div/div[2]/div[1]/div[1]/img,Content,HTML
Image,https://www.drantipov.com/ru/full-arch-dental-implants,https://www.drantipov.com/_next/image?url=%2Fimages%2Ffullarch%2F01-before-damaged.jpeg&w=3840&q=75&dpl=dpl_AocR8G927cD9b1EN7RTdG1PPiWAf,,Full-arch implant case before treatment,True,,,200,OK,Root-Relative,//body/main/div/main/section[5]/div/div[2]/div[1]/div[1]/img,Content,HTML
Image,https://www.drantipov.com/full-arch-dental-implants,https://www.drantipov.com/_next/image?url=%2Fimages%2Ffullarch%2F07-implants-abutments.jpeg&w=3840&q=75&dpl=dpl_AocR8G927cD9b1EN7RTdG1PPiWAf,,Full-arch implant abutments during treatment,True,,,200,OK,Root-Relative,//body/main/div/main/section[5]/div/div[2]/div[2]/div[1]/img,Content,HTML
Image,https://www.drantipov.com/ru/full-arch-dental-implants,https://www.drantipov.com/_next/image?url=%2Fimages%2Ffullarch%2F07-implants-abutments.jpeg&w=3840&q=75&dpl=dpl_AocR8G927cD9b1EN7RTdG1PPiWAf,,Full-arch implant abutments during treatment,True,,,200,OK,Root-Relative,//body/main/div/main/section[5]/div/div[2]/div[2]/div[1]/img,Content,HTML
Image,https://www.drantipov.com/full-arch-dental-implants,https://www.drantipov.com/_next/image?url=%2Fimages%2Fmeetdrantipov.png&w=1920&q=75&dpl=dpl_AocR8G927cD9b1EN7RTdG1PPiWAf,,Dr. Alexander Antipov with a smiling dental implant patient,True,,,200,OK,Root-Relative,//body/main/div/main/section[7]/div/div[1]/img,Content,HTML
Image,https://www.drantipov.com/ru/full-arch-dental-implants,https://www.drantipov.com/_next/image?url=%2Fimages%2Fmeetdrantipov.png&w=1920&q=75&dpl=dpl_AocR8G927cD9b1EN7RTdG1PPiWAf,,Доктор Александр Антипов с улыбающимся пациентом после имплантации,True,,,200,OK,Root-Relative,//body/main/div/main/section[7]/div/div[1]/img,Content,HTML
Image,https://www.drantipov.com/full-arch-dental-implants,https://www.drantipov.com/_next/image?url=%2Fimages%2Fdr-antipov-work.png&w=3840&q=75&dpl=dpl_AocR8G927cD9b1EN7RTdG1PPiWAf,,Dr. Alexander Antipov performing implant surgery,True,,,200,OK,Root-Relative,//body/main/div/main/section[1]/img,Content,HTML
Image,https://www.drantipov.com/ru/full-arch-dental-implants,https://www.drantipov.com/_next/image?url=%2Fimages%2Fdr-antipov-work.png&w=3840&q=75&dpl=dpl_AocR8G927cD9b1EN7RTdG1PPiWAf,,Dr. Alexander Antipov performing implant surgery,True,,,200,OK,Root-Relative,//body/main/div/main/section[1]/img,Content,HTML
Image,https://www.drantipov.com/expertise/single-tooth,https://www.drantipov.com/_next/image?url=%2Fimages%2Fhero%2F09-final-crown.jpeg&w=3840&q=75&dpl=dpl_AocR8G927cD9b1EN7RTdG1PPiWAf,,,True,,,200,OK,Root-Relative,//body/main/section[1]/div[1]/img,Content,HTML
Image,https://www.drantipov.com/for-dentists/education/courses,https://www.drantipov.com/_next/image?url=%2Fimages%2Fblog%2F2017-06-12%2F2017-bscoso-summer-course%402x-da40cb05.jpg&w=3840&q=85&dpl=dpl_AocR8G927cD9b1EN7RTdG1PPiWAf,,,True,,,200,OK,Root-Relative,//body/main/section[1]/div[1]/img,Content,HTML
Image,https://www.drantipov.com/insurance,https://www.drantipov.com/_next/image?url=%2Fimages%2Fforpatients-hero.jpg&w=3840&q=85&dpl=dpl_AocR8G927cD9b1EN7RTdG1PPiWAf,,,True,,,200,OK,Root-Relative,//body/main/section[1]/div[1]/img,Content,HTML
Image,https://www.drantipov.com/expertise/sleep-apnea,https://www.drantipov.com/_next/image?url=%2Fimages%2Fsleep-apnea-mma-surgery.jpg&w=3840&q=75&dpl=dpl_AocR8G927cD9b1EN7RTdG1PPiWAf,,,True,,,200,OK,Root-Relative,//body/main/section[1]/div[1]/img,Content,HTML
Image,https://www.drantipov.com/expertise/bone-grafting,https://www.drantipov.com/_next/image?url=%2Fimages%2Fhero%2F04-bone-graft-healing.jpg&w=3840&q=75&dpl=dpl_AocR8G927cD9b1EN7RTdG1PPiWAf,,,True,,,200,OK,Root-Relative,//body/main/section[1]/div[1]/img,Content,HTML
Image,https://www.drantipov.com/for-patients/insights/implants-vs-dentures,https://www.drantipov.com/_next/image?url=%2Fimages%2Fdoctor-hand3-cutout.png&w=3840&q=75&dpl=dpl_AocR8G927cD9b1EN7RTdG1PPiWAf,,"Dr. Alexander V. Antipov, DDS",True,,,200,OK,Root-Relative,//body/main/section[2]/div/article/div[4]/div/div[1]/img,Content,HTML
Image,https://www.drantipov.com/for-patients/insights/same-day-implants,https://www.drantipov.com/_next/image?url=%2Fimages%2Fdoctor-hand3-cutout.png&w=3840&q=75&dpl=dpl_AocR8G927cD9b1EN7RTdG1PPiWAf,,"Dr. Alexander V. Antipov, DDS",True,,,200,OK,Root-Relative,//body/main/section[2]/div/article/div[4]/div/div[1]/img,Content,HTML
Image,https://www.drantipov.com/for-patients/insights/dental-implant-complications,https://www.drantipov.com/_next/image?url=%2Fimages%2Fdoctor-hand3-cutout.png&w=3840&q=75&dpl=dpl_AocR8G927cD9b1EN7RTdG1PPiWAf,,"Dr. Alexander V. Antipov, DDS",True,,,200,OK,Root-Relative,//body/main/section[2]/div/article/div[4]/div/div[1]/img,Content,HTML
Image,https://www.drantipov.com/for-patients/insights/dental-implant-aftercare,https://www.drantipov.com/_next/image?url=%2Fimages%2Fdoctor-hand3-cutout.png&w=3840&q=75&dpl=dpl_AocR8G927cD9b1EN7RTdG1PPiWAf,,"Dr. Alexander V. Antipov, DDS",True,,,200,OK,Root-Relative,//body/main/section[2]/div/article/div[4]/div/div[1]/img,Content,HTML
Image,https://www.drantipov.com/for-patients/insights/bone-grafting-for-dental-implants-explained,https://www.drantipov.com/_next/image?url=%2Fimages%2Fdoctor-hand3-cutout.png&w=3840&q=75&dpl=dpl_AocR8G927cD9b1EN7RTdG1PPiWAf,,"Dr. Alexander V. Antipov, DDS",True,,,200,OK,Root-Relative,//body/main/section[2]/div/article/div[4]/div/div[1]/img,Content,HTML
Image,https://www.drantipov.com/for-patients/insights/hybrid-dentures-vs-fixed-implant-bridges,https://www.drantipov.com/_next/image?url=%2Fimages%2Fdoctor-hand3-cutout.png&w=3840&q=75&dpl=dpl_AocR8G927cD9b1EN7RTdG1PPiWAf,,"Dr. Alexander V. Antipov, DDS",True,,,200,OK,Root-Relative,//body/main/section[2]/div/article/div[4]/div/div[1]/img,Content,HTML
Image,https://www.drantipov.com/for-patients/insights/zirconia-arches,https://www.drantipov.com/_next/image?url=%2Fimages%2Fdoctor-hand3-cutout.png&w=3840&q=75&dpl=dpl_AocR8G927cD9b1EN7RTdG1PPiWAf,,"Dr. Alexander V. Antipov, DDS",True,,,200,OK,Root-Relative,//body/main/section[2]/div/article/div[4]/div/div[1]/img,Content,HTML
Image,https://www.drantipov.com/for-patients/insights/all-on-4-dental-implants-explained-new-smile-in-one-day,https://www.drantipov.com/_next/image?url=%2Fimages%2Fdoctor-hand3-cutout.png&w=3840&q=75&dpl=dpl_AocR8G927cD9b1EN7RTdG1PPiWAf,,"Dr. Alexander V. Antipov, DDS",True,,,200,OK,Root-Relative,//body/main/section[2]/div/article/div[5]/div/div[1]/img,Content,HTML
Image,https://www.drantipov.com/for-patients/insights/understanding-sinus-lift-for-dental-implants,https://www.drantipov.com/_next/image?url=%2Fimages%2Fdoctor-hand3-cutout.png&w=3840&q=75&dpl=dpl_AocR8G927cD9b1EN7RTdG1PPiWAf,,"Dr. Alexander V. Antipov, DDS",True,,,200,OK,Root-Relative,//body/main/section[2]/div/article/div[4]/div/div[1]/img,Content,HTML
Image,https://www.drantipov.com/for-patients/insights/zygomatic-implants,https://www.drantipov.com/_next/image?url=%2Fimages%2Fdoctor-hand3-cutout.png&w=3840&q=75&dpl=dpl_AocR8G927cD9b1EN7RTdG1PPiWAf,,"Dr. Alexander V. Antipov, DDS",True,,,200,OK,Root-Relative,//body/main/section[2]/div/article/div[4]/div/div[1]/img,Content,HTML
Image,https://www.drantipov.com/for-patients/insights/all-on-x-dental-implants-cost,https://www.drantipov.com/_next/image?url=%2Fimages%2Fdoctor-hand3-cutout.png&w=3840&q=75&dpl=dpl_AocR8G927cD9b1EN7RTdG1PPiWAf,,"Dr. Alexander V. Antipov, DDS",True,,,200,OK,Root-Relative,//body/main/section[2]/div/article/div[4]/div/div[1]/img,Content,HTML
Image,https://www.drantipov.com/for-patients/insights/guided-dental-implant-surgery-how-3d-planning-improves-accuracy,https://www.drantipov.com/_next/image?url=%2Fimages%2Fdoctor-hand3-cutout.png&w=3840&q=75&dpl=dpl_AocR8G927cD9b1EN7RTdG1PPiWAf,,"Dr. Alexander V. Antipov, DDS",True,,,200,OK,Root-Relative,//body/main/section[2]/div/article/div[4]/div/div[1]/img,Content,HTML
Image,https://www.drantipov.com/for-patients/insights/all-on-4-vs-all-on-6,https://www.drantipov.com/_next/image?url=%2Fimages%2Fdoctor-hand3-cutout.png&w=3840&q=75&dpl=dpl_AocR8G927cD9b1EN7RTdG1PPiWAf,,"Dr. Alexander V. Antipov, DDS",True,,,200,OK,Root-Relative,//body/main/section[2]/div/article/div[4]/div/div[1]/img,Content,HTML
Image,https://www.drantipov.com/for-patients/insights/severe-overbite-when-jaw-surgery-is-needed,https://www.drantipov.com/_next/image?url=%2Fimages%2Fdoctor-hand3-cutout.png&w=3840&q=75&dpl=dpl_AocR8G927cD9b1EN7RTdG1PPiWAf,,"Dr. Alexander V. Antipov, DDS",True,,,200,OK,Root-Relative,//body/main/section[2]/div/article/div[4]/div/div[1]/img,Content,HTML
Image,https://www.drantipov.com/for-patients/insights/zygomatic-dental-implants-when-traditional-implants-not-possible,https://www.drantipov.com/_next/image?url=%2Fimages%2Fdoctor-hand3-cutout.png&w=3840&q=75&dpl=dpl_AocR8G927cD9b1EN7RTdG1PPiWAf,,"Dr. Alexander V. Antipov, DDS",True,,,200,OK,Root-Relative,//body/main/section[2]/div/article/div[4]/div/div[1]/img,Content,HTML
Image,https://www.drantipov.com/for-patients/insights/sedation-options-dental-implant-surgery,https://www.drantipov.com/_next/image?url=%2Fimages%2Fdoctor-hand3-cutout.png&w=3840&q=75&dpl=dpl_AocR8G927cD9b1EN7RTdG1PPiWAf,,"Dr. Alexander V. Antipov, DDS",True,,,200,OK,Root-Relative,//body/main/section[2]/div/article/div[4]/div/div[1]/img,Content,HTML
Image,https://www.drantipov.com/for-patients/insights/tooth-lost-emotional-toll,https://www.drantipov.com/_next/image?url=%2Fimages%2Fdoctor-hand3-cutout.png&w=3840&q=75&dpl=dpl_AocR8G927cD9b1EN7RTdG1PPiWAf,,"Dr. Alexander V. Antipov, DDS",True,,,200,OK,Root-Relative,//body/main/section[2]/div/article/div[4]/div/div[1]/img,Content,HTML
Image,https://www.drantipov.com/for-patients/insights/what-is-an-oral-surgeon-and-what-do-they-do,https://www.drantipov.com/_next/image?url=%2Fimages%2Fdoctor-hand3-cutout.png&w=3840&q=75&dpl=dpl_AocR8G927cD9b1EN7RTdG1PPiWAf,,"Dr. Alexander V. Antipov, DDS",True,,,200,OK,Root-Relative,//body/main/section[2]/div/article/div[4]/div/div[1]/img,Content,HTML
Image,https://www.drantipov.com/for-patients/insights/dental-implants-after-tooth-extraction-timing-healing-and-options,https://www.drantipov.com/_next/image?url=%2Fimages%2Fdoctor-hand3-cutout.png&w=3840&q=75&dpl=dpl_AocR8G927cD9b1EN7RTdG1PPiWAf,,"Dr. Alexander V. Antipov, DDS",True,,,200,OK,Root-Relative,//body/main/section[2]/div/article/div[4]/div/div[1]/img,Content,HTML
Image,https://www.drantipov.com/for-patients/insights/single-tooth-implant-roseville,https://www.drantipov.com/_next/image?url=%2Fimages%2Fdoctor-hand3-cutout.png&w=3840&q=75&dpl=dpl_AocR8G927cD9b1EN7RTdG1PPiWAf,,"Dr. Alexander V. Antipov, DDS",True,,,200,OK,Root-Relative,//body/main/section[2]/div/article/div[4]/div/div[1]/img,Content,HTML
Image,https://www.drantipov.com/for-patients/insights/zygomatic-implants-vs-bone-grafting-for-severe-bone-loss,https://www.drantipov.com/_next/image?url=%2Fimages%2Fdoctor-hand3-cutout.png&w=3840&q=75&dpl=dpl_AocR8G927cD9b1EN7RTdG1PPiWAf,,"Dr. Alexander V. Antipov, DDS",True,,,200,OK,Root-Relative,//body/main/section[2]/div/article/div[4]/div/div[1]/img,Content,HTML
Image,https://www.drantipov.com/for-patients/insights/poor-oral-health-systemic-diseases,https://www.drantipov.com/_next/image?url=%2Fimages%2Fdoctor-hand3-cutout.png&w=3840&q=75&dpl=dpl_AocR8G927cD9b1EN7RTdG1PPiWAf,,"Dr. Alexander V. Antipov, DDS",True,,,200,OK,Root-Relative,//body/main/section[2]/div/article/div[4]/div/div[1]/img,Content,HTML
Image,https://www.drantipov.com/for-patients/insights/full-mouth-dental-implants-cost-process,https://www.drantipov.com/_next/image?url=%2Fimages%2Fdoctor-hand3-cutout.png&w=3840&q=75&dpl=dpl_AocR8G927cD9b1EN7RTdG1PPiWAf,,"Dr. Alexander V. Antipov, DDS",True,,,200,OK,Root-Relative,//body/main/section[2]/div/article/div[4]/div/div[1]/img,Content,HTML
Image,https://www.drantipov.com/for-patients/insights/surgical-wisdom-tooth-removal-tooth-sectioning-explained,https://www.drantipov.com/_next/image?url=%2Fimages%2Fdoctor-hand3-cutout.png&w=3840&q=75&dpl=dpl_AocR8G927cD9b1EN7RTdG1PPiWAf,,"Dr. Alexander V. Antipov, DDS",True,,,200,OK,Root-Relative,//body/main/section[2]/div/article/div[5]/div/div[1]/img,Content,HTML
Image,https://www.drantipov.com/for-patients/insights/dental-implant-procedure-complete-guide,https://www.drantipov.com/_next/image?url=%2Fimages%2Fdoctor-hand3-cutout.png&w=3840&q=75&dpl=dpl_AocR8G927cD9b1EN7RTdG1PPiWAf,,"Dr. Alexander V. Antipov, DDS",True,,,200,OK,Root-Relative,//body/main/section[2]/div/article/div[4]/div/div[1]/img,Content,HTML
Image,https://www.drantipov.com/ru/for-patients/insights/dental-implants-after-tooth-extraction-timing-healing-and-options,https://www.drantipov.com/_next/image?url=%2Fimages%2Fdoctor-hand3-cutout.png&w=3840&q=75&dpl=dpl_AocR8G927cD9b1EN7RTdG1PPiWAf,,"Доктор Александр В. Антипов, DDS",True,,,200,OK,Root-Relative,//body/main/section[2]/div/article/div[4]/div/div[1]/img,Content,HTML
Image,https://www.drantipov.com/ru/for-patients/insights/full-mouth-dental-implants-cost-process,https://www.drantipov.com/_next/image?url=%2Fimages%2Fdoctor-hand3-cutout.png&w=3840&q=75&dpl=dpl_AocR8G927cD9b1EN7RTdG1PPiWAf,,"Доктор Александр В. Антипов, DDS",True,,,200,OK,Root-Relative,//body/main/section[2]/div/article/div[4]/div/div[1]/img,Content,HTML
Image,https://www.drantipov.com/ru/for-patients/insights/dental-implant-procedure-complete-guide,https://www.drantipov.com/_next/image?url=%2Fimages%2Fdoctor-hand3-cutout.png&w=3840&q=75&dpl=dpl_AocR8G927cD9b1EN7RTdG1PPiWAf,,"Доктор Александр В. Антипов, DDS",True,,,200,OK,Root-Relative,//body/main/section[2]/div/article/div[4]/div/div[1]/img,Content,HTML
Image,https://www.drantipov.com/ru/for-patients/insights/zirconia-arches,https://www.drantipov.com/_next/image?url=%2Fimages%2Fdoctor-hand3-cutout.png&w=3840&q=75&dpl=dpl_AocR8G927cD9b1EN7RTdG1PPiWAf,,"Доктор Александр В. Антипов, DDS",True,,,200,OK,Root-Relative,//body/main/section[2]/div/article/div[4]/div/div[1]/img,Content,HTML
Image,https://www.drantipov.com/ru/for-patients/insights/severe-overbite-when-jaw-surgery-is-needed,https://www.drantipov.com/_next/image?url=%2Fimages%2Fdoctor-hand3-cutout.png&w=3840&q=75&dpl=dpl_AocR8G927cD9b1EN7RTdG1PPiWAf,,"Доктор Александр В. Антипов, DDS",True,,,200,OK,Root-Relative,//body/main/section[2]/div/article/div[4]/div/div[1]/img,Content,HTML
Image,https://www.drantipov.com/ru/for-patients/insights/all-on-x-dental-implants-cost,https://www.drantipov.com/_next/image?url=%2Fimages%2Fdoctor-hand3-cutout.png&w=3840&q=75&dpl=dpl_AocR8G927cD9b1EN7RTdG1PPiWAf,,"Доктор Александр В. Антипов, DDS",True,,,200,OK,Root-Relative,//body/main/section[2]/div/article/div[4]/div/div[1]/img,Content,HTML
Image,https://www.drantipov.com/ru/for-patients/insights/poor-oral-health-systemic-diseases,https://www.drantipov.com/_next/image?url=%2Fimages%2Fdoctor-hand3-cutout.png&w=3840&q=75&dpl=dpl_AocR8G927cD9b1EN7RTdG1PPiWAf,,"Доктор Александр В. Антипов, DDS",True,,,200,OK,Root-Relative,//body/main/section[2]/div/article/div[4]/div/div[1]/img,Content,HTML
Image,https://www.drantipov.com/ru/for-patients/insights/zygomatic-implants-vs-bone-grafting-for-severe-bone-loss,https://www.drantipov.com/_next/image?url=%2Fimages%2Fdoctor-hand3-cutout.png&w=3840&q=75&dpl=dpl_AocR8G927cD9b1EN7RTdG1PPiWAf,,"Доктор Александр В. Антипов, DDS",True,,,200,OK,Root-Relative,//body/main/section[2]/div/article/div[4]/div/div[1]/img,Content,HTML
Image,https://www.drantipov.com/ru/for-patients/insights/zygomatic-implants,https://www.drantipov.com/_next/image?url=%2Fimages%2Fdoctor-hand3-cutout.png&w=3840&q=75&dpl=dpl_AocR8G927cD9b1EN7RTdG1PPiWAf,,"Доктор Александр В. Антипов, DDS",True,,,200,OK,Root-Relative,//body/main/section[2]/div/article/div[4]/div/div[1]/img,Content,HTML
Image,https://www.drantipov.com/ru/for-patients/insights/bone-grafting-for-dental-implants-explained,https://www.drantipov.com/_next/image?url=%2Fimages%2Fdoctor-hand3-cutout.png&w=3840&q=75&dpl=dpl_AocR8G927cD9b1EN7RTdG1PPiWAf,,"Доктор Александр В. Антипов, DDS",True,,,200,OK,Root-Relative,//body/main/section[2]/div/article/div[4]/div/div[1]/img,Content,HTML
Image,https://www.drantipov.com/ru/for-patients/insights/implants-vs-dentures,https://www.drantipov.com/_next/image?url=%2Fimages%2Fdoctor-hand3-cutout.png&w=3840&q=75&dpl=dpl_AocR8G927cD9b1EN7RTdG1PPiWAf,,"Доктор Александр В. Антипов, DDS",True,,,200,OK,Root-Relative,//body/main/section[2]/div/article/div[4]/div/div[1]/img,Content,HTML
Image,https://www.drantipov.com/ru/for-patients/insights/guided-dental-implant-surgery-how-3d-planning-improves-accuracy,https://www.drantipov.com/_next/image?url=%2Fimages%2Fdoctor-hand3-cutout.png&w=3840&q=75&dpl=dpl_AocR8G927cD9b1EN7RTdG1PPiWAf,,"Доктор Александр В. Антипов, DDS",True,,,200,OK,Root-Relative,//body/main/section[2]/div/article/div[4]/div/div[1]/img,Content,HTML
Image,https://www.drantipov.com/ru/for-patients/insights/dental-implant-aftercare,https://www.drantipov.com/_next/image?url=%2Fimages%2Fdoctor-hand3-cutout.png&w=3840&q=75&dpl=dpl_AocR8G927cD9b1EN7RTdG1PPiWAf,,"Доктор Александр В. Антипов, DDS",True,,,200,OK,Root-Relative,//body/main/section[2]/div/article/div[4]/div/div[1]/img,Content,HTML
Image,https://www.drantipov.com/ru/for-patients/insights/all-on-4-vs-all-on-6,https://www.drantipov.com/_next/image?url=%2Fimages%2Fdoctor-hand3-cutout.png&w=3840&q=75&dpl=dpl_AocR8G927cD9b1EN7RTdG1PPiWAf,,"Доктор Александр В. Антипов, DDS",True,,,200,OK,Root-Relative,//body/main/section[2]/div/article/div[4]/div/div[1]/img,Content,HTML
Image,https://www.drantipov.com/ru/for-patients/insights/same-day-implants,https://www.drantipov.com/_next/image?url=%2Fimages%2Fdoctor-hand3-cutout.png&w=3840&q=75&dpl=dpl_AocR8G927cD9b1EN7RTdG1PPiWAf,,"Доктор Александр В. Антипов, DDS",True,,,200,OK,Root-Relative,//body/main/section[2]/div/article/div[4]/div/div[1]/img,Content,HTML
Image,https://www.drantipov.com/ru/for-patients/insights/hybrid-dentures-vs-fixed-implant-bridges,https://www.drantipov.com/_next/image?url=%2Fimages%2Fdoctor-hand3-cutout.png&w=3840&q=75&dpl=dpl_AocR8G927cD9b1EN7RTdG1PPiWAf,,"Доктор Александр В. Антипов, DDS",True,,,200,OK,Root-Relative,//body/main/section[2]/div/article/div[4]/div/div[1]/img,Content,HTML
Image,https://www.drantipov.com/ru/for-patients/insights/dental-implant-complications,https://www.drantipov.com/_next/image?url=%2Fimages%2Fdoctor-hand3-cutout.png&w=3840&q=75&dpl=dpl_AocR8G927cD9b1EN7RTdG1PPiWAf,,"Доктор Александр В. Антипов, DDS",True,,,200,OK,Root-Relative,//body/main/section[2]/div/article/div[4]/div/div[1]/img,Content,HTML
Image,https://www.drantipov.com/ru/for-patients/insights/what-is-an-oral-surgeon-and-what-do-they-do,https://www.drantipov.com/_next/image?url=%2Fimages%2Fdoctor-hand3-cutout.png&w=3840&q=75&dpl=dpl_AocR8G927cD9b1EN7RTdG1PPiWAf,,"Доктор Александр В. Антипов, DDS",True,,,200,OK,Root-Relative,//body/main/section[2]/div/article/div[4]/div/div[1]/img,Content,HTML
Image,https://www.drantipov.com/ru/for-patients/insights/zygomatic-dental-implants-when-traditional-implants-not-possible,https://www.drantipov.com/_next/image?url=%2Fimages%2Fdoctor-hand3-cutout.png&w=3840&q=75&dpl=dpl_AocR8G927cD9b1EN7RTdG1PPiWAf,,"Доктор Александр В. Антипов, DDS",True,,,200,OK,Root-Relative,//body/main/section[2]/div/article/div[4]/div/div[1]/img,Content,HTML
Image,https://www.drantipov.com/ru/for-patients/insights/tooth-lost-emotional-toll,https://www.drantipov.com/_next/image?url=%2Fimages%2Fdoctor-hand3-cutout.png&w=3840&q=75&dpl=dpl_AocR8G927cD9b1EN7RTdG1PPiWAf,,"Доктор Александр В. Антипов, DDS",True,,,200,OK,Root-Relative,//body/main/section[2]/div/article/div[4]/div/div[1]/img,Content,HTML
Image,https://www.drantipov.com/ru/for-patients/insights/sedation-options-dental-implant-surgery,https://www.drantipov.com/_next/image?url=%2Fimages%2Fdoctor-hand3-cutout.png&w=3840&q=75&dpl=dpl_AocR8G927cD9b1EN7RTdG1PPiWAf,,"Доктор Александр В. Антипов, DDS",True,,,200,OK,Root-Relative,//body/main/section[2]/div/article/div[4]/div/div[1]/img,Content,HTML
Image,https://www.drantipov.com/ru/for-patients/insights/understanding-sinus-lift-for-dental-implants,https://www.drantipov.com/_next/image?url=%2Fimages%2Fdoctor-hand3-cutout.png&w=3840&q=75&dpl=dpl_AocR8G927cD9b1EN7RTdG1PPiWAf,,"Доктор Александр В. Антипов, DDS",True,,,200,OK,Root-Relative,//body/main/section[2]/div/article/div[4]/div/div[1]/img,Content,HTML
Image,https://www.drantipov.com/for-dentists/referral-partners,https://www.drantipov.com/_next/image?url=%2Fimages%2Fblog%2F2015-06-22%2Fbaltic-sea-group-photo-1e17f44d.jpg&w=3840&q=85&dpl=dpl_AocR8G927cD9b1EN7RTdG1PPiWAf,,,True,,,200,OK,Root-Relative,//body/main/section[1]/div[1]/img,Content,HTML
Image,https://www.drantipov.com/all-on-4-cost,https://www.drantipov.com/images/calculator/snap-in-denture.jpg?dpl=dpl_AocR8G927cD9b1EN7RTdG1PPiWAf,,Snap-on Denture,True,,,200,OK,Root-Relative,//body/main/section[@id='calculator']/div/div[@class='mt-5']/div/button[3]/div[1]/img,Content,HTML
Image,https://www.drantipov.com/all-on-4-cost,https://www.drantipov.com/images/calculator/single-implant.jpg?dpl=dpl_AocR8G927cD9b1EN7RTdG1PPiWAf,,Single Implant,True,,,200,OK,Root-Relative,//body/main/section[@id='calculator']/div/div[@class='mt-5']/div/button[4]/div[1]/img,Content,HTML
Image,https://www.drantipov.com/for-patients/insights,https://www.drantipov.com/_next/image?url=%2Fimages%2Fblog%2F2026-07-14%2Falternatives-to-dental-bridges.png&w=3840&q=75&dpl=dpl_AocR8G927cD9b1EN7RTdG1PPiWAf,,Alternatives to Dental Bridges: Every Option Compared for 2026,True,,,200,OK,Root-Relative,//body/main/section[2]/div/div/div[33]/div/div[1]/img,Content,HTML
Image,https://www.drantipov.com/for-patients/insights/full-mouth-dental-implants-cost-2026-guide,https://www.drantipov.com/_next/image?url=%2Fimages%2Fblog%2F2026-07-14%2Falternatives-to-dental-bridges.png&w=3840&q=75&dpl=dpl_AocR8G927cD9b1EN7RTdG1PPiWAf,,Alternatives to Dental Bridges: Every Option Compared for 2026,True,,,200,OK,Root-Relative,//body/main/section[3]/div/div[2]/div[3]/a/div[1]/img,Content,HTML
Image,https://www.drantipov.com/for-patients/insights/alternatives-to-dental-bridges,https://www.drantipov.com/_next/image?url=%2Fimages%2Fblog%2F2026-07-14%2Falternatives-to-dental-bridges.png&w=3840&q=75&dpl=dpl_AocR8G927cD9b1EN7RTdG1PPiWAf,,Oral surgeon holding a single dental implant model next to a traditional three-unit bridge model,True,,,200,OK,Root-Relative,//body/main/section[2]/div/article/div[2]/img,Content,HTML
Image,https://www.drantipov.com/for-patients/insights/specialist-for-complex-dental-implants,https://www.drantipov.com/_next/image?url=%2Fimages%2Fblog%2F2026-07-14%2Falternatives-to-dental-bridges.png&w=3840&q=75&dpl=dpl_AocR8G927cD9b1EN7RTdG1PPiWAf,,Alternatives to Dental Bridges: Every Option Compared for 2026,True,,,200,OK,Root-Relative,//body/main/section[3]/div/div[2]/div[1]/a/div[1]/img,Content,HTML
Image,https://www.drantipov.com/for-patients/insights/denture-alternatives-that-work,https://www.drantipov.com/_next/image?url=%2Fimages%2Fblog%2F2026-07-14%2Falternatives-to-dental-bridges.png&w=3840&q=75&dpl=dpl_AocR8G927cD9b1EN7RTdG1PPiWAf,,Alternatives to Dental Bridges: Every Option Compared for 2026,True,,,200,OK,Root-Relative,//body/main/section[3]/div/div[2]/div[2]/a/div[1]/img,Content,HTML
Image,https://www.drantipov.com/for-patients/insights,https://www.drantipov.com/_next/image?url=%2Fimages%2Fblog%2F2026-06-22%2Ffailed-all-on-4-revision.png&w=3840&q=75&dpl=dpl_AocR8G927cD9b1EN7RTdG1PPiWAf,,Fixing a Failed All-on-4: Revision Surgery Options,True,,,200,OK,Root-Relative,//body/main/section[2]/div/div/div[61]/div/div[1]/img,Content,HTML
Image,https://www.drantipov.com/for-patients/insights/fixing-a-failed-all-on-4-revision-options,https://www.drantipov.com/_next/image?url=%2Fimages%2Fblog%2F2026-06-22%2Ffailed-all-on-4-revision.png&w=3840&q=75&dpl=dpl_AocR8G927cD9b1EN7RTdG1PPiWAf,,Full-arch implant prosthesis examined for an All-on-4 revision,True,,,200,OK,Root-Relative,//body/main/section[2]/div/article/div[2]/img,Content,HTML
Image,https://www.drantipov.com/for-patients/insights/why-are-dental-implants-so-expensive,https://www.drantipov.com/_next/image?url=%2Fimages%2Fblog%2F2026-06-22%2Ffailed-all-on-4-revision.png&w=3840&q=75&dpl=dpl_AocR8G927cD9b1EN7RTdG1PPiWAf,,Fixing a Failed All-on-4: Revision Surgery Options,True,,,200,OK,Root-Relative,//body/main/section[3]/div/div[2]/div[3]/a/div[1]/img,Content,HTML
Image,https://www.drantipov.com/for-patients/insights/replacing-a-failed-dental-implant-what-to-expect,https://www.drantipov.com/_next/image?url=%2Fimages%2Fblog%2F2026-06-22%2Ffailed-all-on-4-revision.png&w=3840&q=75&dpl=dpl_AocR8G927cD9b1EN7RTdG1PPiWAf,,Fixing a Failed All-on-4: Revision Surgery Options,True,,,200,OK,Root-Relative,//body/main/section[3]/div/div[2]/div[1]/a/div[1]/img,Content,HTML
Image,https://www.drantipov.com/for-patients/insights/normal-healing-vs-infection-after-dental-implant-surgery,https://www.drantipov.com/_next/image?url=%2Fimages%2Fblog%2F2026-06-22%2Ffailed-all-on-4-revision.png&w=3840&q=75&dpl=dpl_AocR8G927cD9b1EN7RTdG1PPiWAf,,Fixing a Failed All-on-4: Revision Surgery Options,True,,,200,OK,Root-Relative,//body/main/section[3]/div/div[2]/div[2]/a/div[1]/img,Content,HTML
Image,https://www.drantipov.com/ru/for-patients/insights/normal-healing-vs-infection-after-dental-implant-surgery,https://www.drantipov.com/_next/image?url=%2Fimages%2Fblog%2F2026-06-22%2Ffailed-all-on-4-revision.png&w=3840&q=75&dpl=dpl_AocR8G927cD9b1EN7RTdG1PPiWAf,,Fixing a Failed All-on-4: Revision Surgery Options,True,,,200,OK,Root-Relative,//body/main/section[3]/div/div[2]/div[2]/a/div[1]/img,Content,HTML
Image,https://www.drantipov.com/ru/for-patients/insights/replacing-a-failed-dental-implant-what-to-expect,https://www.drantipov.com/_next/image?url=%2Fimages%2Fblog%2F2026-06-22%2Ffailed-all-on-4-revision.png&w=3840&q=75&dpl=dpl_AocR8G927cD9b1EN7RTdG1PPiWAf,,Fixing a Failed All-on-4: Revision Surgery Options,True,,,200,OK,Root-Relative,//body/main/section[3]/div/div[2]/div[1]/a/div[1]/img,Content,HTML
Image,https://www.drantipov.com/ru/for-patients/insights/why-are-dental-implants-so-expensive,https://www.drantipov.com/_next/image?url=%2Fimages%2Fblog%2F2026-06-22%2Ffailed-all-on-4-revision.png&w=3840&q=75&dpl=dpl_AocR8G927cD9b1EN7RTdG1PPiWAf,,Fixing a Failed All-on-4: Revision Surgery Options,True,,,200,OK,Root-Relative,//body/main/section[3]/div/div[2]/div[3]/a/div[1]/img,Content,HTML
Image,https://www.drantipov.com/ru/for-patients/insights/fixing-a-failed-all-on-4-revision-options,https://www.drantipov.com/_next/image?url=%2Fimages%2Fblog%2F2026-06-22%2Ffailed-all-on-4-revision.png&w=3840&q=75&dpl=dpl_AocR8G927cD9b1EN7RTdG1PPiWAf,,Протез на полную дугу осматривают для ревизии All-on-4,True,,,200,OK,Root-Relative,//body/main/section[2]/div/article/div[2]/img,Content,HTML
Image,https://www.drantipov.com/ru/for-patients/insights,https://www.drantipov.com/_next/image?url=%2Fimages%2Fblog%2F2026-06-22%2Ffailed-all-on-4-revision.png&w=3840&q=75&dpl=dpl_AocR8G927cD9b1EN7RTdG1PPiWAf,,Несостоятельный All-on-4: варианты ревизии,True,,,200,OK,Root-Relative,//body/main/section[2]/div/div/div[13]/div/div[1]/img,Content,HTML
Image,https://www.drantipov.com/for-patients/insights,https://www.drantipov.com/_next/image?url=%2Fimages%2Fblog%2F2026-06-22%2Fimplant-revision-bone-loss.png&w=3840&q=75&dpl=dpl_AocR8G927cD9b1EN7RTdG1PPiWAf,,Implant Revision After Bone Loss: Grafting Options,True,,,200,OK,Root-Relative,//body/main/section[2]/div/div/div[67]/div/div[1]/img,Content,HTML
Image,https://www.drantipov.com/for-patients/insights/can-a-loose-dental-implant-be-saved,https://www.drantipov.com/_next/image?url=%2Fimages%2Fblog%2F2026-06-22%2Fimplant-revision-bone-loss.png&w=3840&q=75&dpl=dpl_AocR8G927cD9b1EN7RTdG1PPiWAf,,Implant Revision After Bone Loss: Grafting Options,True,,,200,OK,Root-Relative,//body/main/section[3]/div/div[2]/div[3]/a/div[1]/img,Content,HTML
Image,https://www.drantipov.com/for-patients/insights/repairing-a-broken-implant-crown-or-prosthesis,https://www.drantipov.com/_next/image?url=%2Fimages%2Fblog%2F2026-06-22%2Fimplant-revision-bone-loss.png&w=3840&q=75&dpl=dpl_AocR8G927cD9b1EN7RTdG1PPiWAf,,Implant Revision After Bone Loss: Grafting Options,True,,,200,OK,Root-Relative,//body/main/section[3]/div/div[2]/div[2]/a/div[1]/img,Content,HTML
Image,https://www.drantipov.com/for-patients/insights/full-mouth-reconstruction-for-failed-dental-work,https://www.drantipov.com/_next/image?url=%2Fimages%2Fblog%2F2026-06-22%2Fimplant-revision-bone-loss.png&w=3840&q=75&dpl=dpl_AocR8G927cD9b1EN7RTdG1PPiWAf,,Implant Revision After Bone Loss: Grafting Options,True,,,200,OK,Root-Relative,//body/main/section[3]/div/div[2]/div[1]/a/div[1]/img,Content,HTML
Image,https://www.drantipov.com/for-patients/insights/implant-revision-after-bone-loss,https://www.drantipov.com/_next/image?url=%2Fimages%2Fblog%2F2026-06-22%2Fimplant-revision-bone-loss.png&w=3840&q=75&dpl=dpl_AocR8G927cD9b1EN7RTdG1PPiWAf,,3D dental CT scan showing jawbone for planning implant revision after bone loss,True,,,200,OK,Root-Relative,//body/main/section[2]/div/article/div[2]/img,Content,HTML
Image,https://www.drantipov.com/ru/for-patients/insights/can-a-loose-dental-implant-be-saved,https://www.drantipov.com/_next/image?url=%2Fimages%2Fblog%2F2026-06-22%2Fimplant-revision-bone-loss.png&w=3840&q=75&dpl=dpl_AocR8G927cD9b1EN7RTdG1PPiWAf,,Implant Revision After Bone Loss: Grafting Options,True,,,200,OK,Root-Relative,//body/main/section[3]/div/div[2]/div[3]/a/div[1]/img,Content,HTML
Image,https://www.drantipov.com/ru/for-patients/insights/full-mouth-reconstruction-for-failed-dental-work,https://www.drantipov.com/_next/image?url=%2Fimages%2Fblog%2F2026-06-22%2Fimplant-revision-bone-loss.png&w=3840&q=75&dpl=dpl_AocR8G927cD9b1EN7RTdG1PPiWAf,,Implant Revision After Bone Loss: Grafting Options,True,,,200,OK,Root-Relative,//body/main/section[3]/div/div[2]/div[1]/a/div[1]/img,Content,HTML
Image,https://www.drantipov.com/ru/for-patients/insights/repairing-a-broken-implant-crown-or-prosthesis,https://www.drantipov.com/_next/image?url=%2Fimages%2Fblog%2F2026-06-22%2Fimplant-revision-bone-loss.png&w=3840&q=75&dpl=dpl_AocR8G927cD9b1EN7RTdG1PPiWAf,,Implant Revision After Bone Loss: Grafting Options,True,,,200,OK,Root-Relative,//body/main/section[3]/div/div[2]/div[2]/a/div[1]/img,Content,HTML
Image,https://www.drantipov.com/ru/for-patients/insights/implant-revision-after-bone-loss,https://www.drantipov.com/_next/image?url=%2Fimages%2Fblog%2F2026-06-22%2Fimplant-revision-bone-loss.png&w=3840&q=75&dpl=dpl_AocR8G927cD9b1EN7RTdG1PPiWAf,,3D-КТ челюсти для планирования ревизии импланта после убыли кости,True,,,200,OK,Root-Relative,//body/main/section[2]/div/article/div[2]/img,Content,HTML
Image,https://www.drantipov.com/ru/for-patients/insights,https://www.drantipov.com/_next/image?url=%2Fimages%2Fblog%2F2026-06-22%2Fimplant-revision-bone-loss.png&w=3840&q=75&dpl=dpl_AocR8G927cD9b1EN7RTdG1PPiWAf,,Ревизия импланта после убыли кости: разбор,True,,,200,OK,Root-Relative,//body/main/section[2]/div/div/div[19]/div/div[1]/img,Content,HTML
Image,https://www.drantipov.com/for-patients/insights,https://www.drantipov.com/_next/image?url=%2Fimages%2Fblog%2F2026-06-22%2Fimplants-for-smokers.png&w=3840&q=75&dpl=dpl_AocR8G927cD9b1EN7RTdG1PPiWAf,,Dental Implants for Smokers: Risks and What to Know,True,,,200,OK,Root-Relative,//body/main/section[2]/div/div/div[51]/div/div[1]/img,Content,HTML
Image,https://www.drantipov.com/for-patients/insights/dental-implants-with-severe-bone-loss-options,https://www.drantipov.com/_next/image?url=%2Fimages%2Fblog%2F2026-06-22%2Fimplants-for-smokers.png&w=3840&q=75&dpl=dpl_AocR8G927cD9b1EN7RTdG1PPiWAf,,Dental Implants for Smokers: Risks and What to Know,True,,,200,OK,Root-Relative,//body/main/section[3]/div/div[2]/div[2]/a/div[1]/img,Content,HTML
Image,https://www.drantipov.com/for-patients/insights/dental-implants-for-diabetics,https://www.drantipov.com/_next/image?url=%2Fimages%2Fblog%2F2026-06-22%2Fimplants-for-smokers.png&w=3840&q=75&dpl=dpl_AocR8G927cD9b1EN7RTdG1PPiWAf,,Dental Implants for Smokers: Risks and What to Know,True,,,200,OK,Root-Relative,//body/main/section[3]/div/div[2]/div[1]/a/div[1]/img,Content,HTML
Image,https://www.drantipov.com/for-patients/insights/dental-implants-for-smokers,https://www.drantipov.com/_next/image?url=%2Fimages%2Fblog%2F2026-06-22%2Fimplants-for-smokers.png&w=3840&q=75&dpl=dpl_AocR8G927cD9b1EN7RTdG1PPiWAf,,Oral surgeon discussing dental implant healing factors with a patient,True,,,200,OK,Root-Relative,//body/main/section[2]/div/article/div[2]/img,Content,HTML
Image,https://www.drantipov.com/ru/for-patients/insights/dental-implants-for-smokers,https://www.drantipov.com/_next/image?url=%2Fimages%2Fblog%2F2026-06-22%2Fimplants-for-smokers.png&w=3840&q=75&dpl=dpl_AocR8G927cD9b1EN7RTdG1PPiWAf,,Челюстно-лицевой хирург обсуждает с пациентом факторы заживления имплантов,True,,,200,OK,Root-Relative,//body/main/section[2]/div/article/div[2]/img,Content,HTML
Image,https://www.drantipov.com/ru/for-patients/insights/dental-implants-for-diabetics,https://www.drantipov.com/_next/image?url=%2Fimages%2Fblog%2F2026-06-22%2Fimplants-for-smokers.png&w=3840&q=75&dpl=dpl_AocR8G927cD9b1EN7RTdG1PPiWAf,,Dental Implants for Smokers: Risks and What to Know,True,,,200,OK,Root-Relative,//body/main/section[3]/div/div[2]/div[1]/a/div[1]/img,Content,HTML
Image,https://www.drantipov.com/ru/for-patients/insights/dental-implants-with-severe-bone-loss-options,https://www.drantipov.com/_next/image?url=%2Fimages%2Fblog%2F2026-06-22%2Fimplants-for-smokers.png&w=3840&q=75&dpl=dpl_AocR8G927cD9b1EN7RTdG1PPiWAf,,Dental Implants for Smokers: Risks and What to Know,True,,,200,OK,Root-Relative,//body/main/section[3]/div/div[2]/div[2]/a/div[1]/img,Content,HTML
Image,https://www.drantipov.com/ru/for-patients/insights,https://www.drantipov.com/_next/image?url=%2Fimages%2Fblog%2F2026-06-22%2Fimplants-for-smokers.png&w=3840&q=75&dpl=dpl_AocR8G927cD9b1EN7RTdG1PPiWAf,,Импланты для курильщиков: риски и что важно знать,True,,,200,OK,Root-Relative,//body/main/section[2]/div/div/div[3]/div/div[1]/img,Content,HTML
Image,https://www.drantipov.com/for-patients/insights,https://www.drantipov.com/_next/image?url=%2Fimages%2Fblog%2F2026-07-27%2Fsingle-tooth-implant-cost-without-insurance.png&w=3840&q=75&dpl=dpl_AocR8G927cD9b1EN7RTdG1PPiWAf,,Single Tooth Implant Cost Without Insurance: The 2026 Self-Pay Guide,True,,,200,OK,Root-Relative,//body/main/section[2]/div/div/div[17]/div/div[1]/img,Content,HTML
Image,https://www.drantipov.com/for-patients/insights/how-much-do-dental-implants-cost,https://www.drantipov.com/_next/image?url=%2Fimages%2Fblog%2F2026-07-27%2Fsingle-tooth-implant-cost-without-insurance.png&w=3840&q=75&dpl=dpl_AocR8G927cD9b1EN7RTdG1PPiWAf,,Single Tooth Implant Cost Without Insurance: The 2026 Self-Pay Guide,True,,,200,OK,Root-Relative,//body/main/section[3]/div/div[2]/div[2]/a/div[1]/img,Content,HTML
Image,https://www.drantipov.com/for-patients/insights/dental-implants-el-dorado-hills,https://www.drantipov.com/_next/image?url=%2Fimages%2Fblog%2F2026-07-27%2Fsingle-tooth-implant-cost-without-insurance.png&w=3840&q=75&dpl=dpl_AocR8G927cD9b1EN7RTdG1PPiWAf,,Single Tooth Implant Cost Without Insurance: The 2026 Self-Pay Guide,True,,,200,OK,Root-Relative,//body/main/section[3]/div/div[2]/div[1]/a/div[1]/img,Content,HTML
Image,https://www.drantipov.com/for-patients/insights/single-tooth-implant-cost-without-insurance,https://www.drantipov.com/_next/image?url=%2Fimages%2Fblog%2F2026-07-27%2Fsingle-tooth-implant-cost-without-insurance.png&w=3840&q=75&dpl=dpl_AocR8G927cD9b1EN7RTdG1PPiWAf,,"Patient reviewing a transparent, itemized single tooth implant treatment quote with a dental team member at a consultation desk",True,,,200,OK,Root-Relative,//body/main/section[2]/div/article/div[2]/img,Content,HTML
Image,https://www.drantipov.com/for-patients/insights/same-day-teeth-roseville-ca,https://www.drantipov.com/_next/image?url=%2Fimages%2Fblog%2F2026-07-27%2Fsingle-tooth-implant-cost-without-insurance.png&w=3840&q=75&dpl=dpl_AocR8G927cD9b1EN7RTdG1PPiWAf,,Single Tooth Implant Cost Without Insurance: The 2026 Self-Pay Guide,True,,,200,OK,Root-Relative,//body/main/section[3]/div/div[2]/div[3]/a/div[1]/img,Content,HTML
Image,https://www.drantipov.com/for-patients/insights,https://www.drantipov.com/_next/image?url=%2Fimages%2Fblog%2F2026-07-27%2Fhow-to-fix-loose-dentures-permanently.png&w=3840&q=75&dpl=dpl_AocR8G927cD9b1EN7RTdG1PPiWAf,,How to Fix Loose Dentures Permanently: The 2026 Stability Guide,True,,,200,OK,Root-Relative,//body/main/section[2]/div/div/div[22]/div/div[1]/img,Content,HTML
Image,https://www.drantipov.com/for-patients/insights/snap-in-dentures-el-dorado-hills,https://www.drantipov.com/_next/image?url=%2Fimages%2Fblog%2F2026-07-27%2Fhow-to-fix-loose-dentures-permanently.png&w=3840&q=75&dpl=dpl_AocR8G927cD9b1EN7RTdG1PPiWAf,,How to Fix Loose Dentures Permanently: The 2026 Stability Guide,True,,,200,OK,Root-Relative,//body/main/section[3]/div/div[2]/div[1]/a/div[1]/img,Content,HTML
Image,https://www.drantipov.com/for-patients/insights/how-to-fix-loose-dentures-permanently,https://www.drantipov.com/_next/image?url=%2Fimages%2Fblog%2F2026-07-27%2Fhow-to-fix-loose-dentures-permanently.png&w=3840&q=75&dpl=dpl_AocR8G927cD9b1EN7RTdG1PPiWAf,,"Oral surgeon explaining to a patient why a loose denture slips, using a jaw model with dental implants as the permanent solution",True,,,200,OK,Root-Relative,//body/main/section[2]/div/article/div[2]/img,Content,HTML
Image,https://www.drantipov.com/for-patients/insights/dental-implant-revision-surgery,https://www.drantipov.com/_next/image?url=%2Fimages%2Fblog%2F2026-07-27%2Fhow-to-fix-loose-dentures-permanently.png&w=3840&q=75&dpl=dpl_AocR8G927cD9b1EN7RTdG1PPiWAf,,How to Fix Loose Dentures Permanently: The 2026 Stability Guide,True,,,200,OK,Root-Relative,//body/main/section[3]/div/div[2]/div[3]/a/div[1]/img,Content,HTML
Image,https://www.drantipov.com/for-patients/insights/benefits-of-all-on-4-dental-implants,https://www.drantipov.com/_next/image?url=%2Fimages%2Fblog%2F2026-07-27%2Fhow-to-fix-loose-dentures-permanently.png&w=3840&q=75&dpl=dpl_AocR8G927cD9b1EN7RTdG1PPiWAf,,How to Fix Loose Dentures Permanently: The 2026 Stability Guide,True,,,200,OK,Root-Relative,//body/main/section[3]/div/div[2]/div[2]/a/div[1]/img,Content,HTML
Image,https://www.drantipov.com/for-patients/insights,https://www.drantipov.com/_next/image?url=%2Fimages%2Fblog%2F2026-08-04%2Ffull-mouth-dental-implants-california.png&w=3840&q=75&dpl=dpl_AocR8G927cD9b1EN7RTdG1PPiWAf,,"Full Mouth Dental Implants in California: Costs, Procedures, and Expert Results",True,,,200,OK,Root-Relative,//body/main/section[2]/div/div/div[13]/div/div[1]/img,Content,HTML
Image,https://www.drantipov.com/for-patients/insights/dental-implant-payment-plans,https://www.drantipov.com/_next/image?url=%2Fimages%2Fblog%2F2026-08-04%2Ffull-mouth-dental-implants-california.png&w=3840&q=75&dpl=dpl_AocR8G927cD9b1EN7RTdG1PPiWAf,,"Full Mouth Dental Implants in California: Costs, Procedures, and Expert Results",True,,,200,OK,Root-Relative,//body/main/section[3]/div/div[2]/div[2]/a/div[1]/img,Content,HTML
Image,https://www.drantipov.com/for-patients/insights/snap-in-dentures-california,https://www.drantipov.com/_next/image?url=%2Fimages%2Fblog%2F2026-08-04%2Ffull-mouth-dental-implants-california.png&w=3840&q=75&dpl=dpl_AocR8G927cD9b1EN7RTdG1PPiWAf,,"Full Mouth Dental Implants in California: Costs, Procedures, and Expert Results",True,,,200,OK,Root-Relative,//body/main/section[3]/div/div[2]/div[1]/a/div[1]/img,Content,HTML
Image,https://www.drantipov.com/for-patients/insights/full-mouth-dental-implants-california,https://www.drantipov.com/_next/image?url=%2Fimages%2Fblog%2F2026-08-04%2Ffull-mouth-dental-implants-california.png&w=3840&q=75&dpl=dpl_AocR8G927cD9b1EN7RTdG1PPiWAf,,Smiling older couple confidently enjoying a meal together at a sunny California restaurant after full mouth dental implant restoration,True,,,200,OK,Root-Relative,//body/main/section[2]/div/article/div[2]/img,Content,HTML
Image,https://www.drantipov.com/for-patients/insights/affordable-dental-implants-california,https://www.drantipov.com/_next/image?url=%2Fimages%2Fblog%2F2026-08-04%2Ffull-mouth-dental-implants-california.png&w=3840&q=75&dpl=dpl_AocR8G927cD9b1EN7RTdG1PPiWAf,,"Full Mouth Dental Implants in California: Costs, Procedures, and Expert Results",True,,,200,OK,Root-Relative,//body/main/section[3]/div/div[2]/div[3]/a/div[1]/img,Content,HTML
Image,https://www.drantipov.com/for-patients/insights,https://www.drantipov.com/_next/image?url=%2Fimages%2Fblog%2F2026-06-22%2Fbroken-implant-crown.png&w=3840&q=75&dpl=dpl_AocR8G927cD9b1EN7RTdG1PPiWAf,,Repairing a Broken Implant Crown or Prosthesis Guide,True,,,200,OK,Root-Relative,//body/main/section[2]/div/div/div[65]/div/div[1]/img,Content,HTML
Image,https://www.drantipov.com/for-patients/insights/can-a-loose-dental-implant-be-saved,https://www.drantipov.com/_next/image?url=%2Fimages%2Fblog%2F2026-06-22%2Fbroken-implant-crown.png&w=3840&q=75&dpl=dpl_AocR8G927cD9b1EN7RTdG1PPiWAf,,Repairing a Broken Implant Crown or Prosthesis Guide,True,,,200,OK,Root-Relative,//body/main/section[3]/div/div[2]/div[1]/a/div[1]/img,Content,HTML
Image,https://www.drantipov.com/for-patients/insights/replacing-old-failing-bridges-with-implants,https://www.drantipov.com/_next/image?url=%2Fimages%2Fblog%2F2026-06-22%2Fbroken-implant-crown.png&w=3840&q=75&dpl=dpl_AocR8G927cD9b1EN7RTdG1PPiWAf,,Repairing a Broken Implant Crown or Prosthesis Guide,True,,,200,OK,Root-Relative,//body/main/section[3]/div/div[2]/div[2]/a/div[1]/img,Content,HTML
Image,https://www.drantipov.com/for-patients/insights/repairing-a-broken-implant-crown-or-prosthesis,https://www.drantipov.com/_next/image?url=%2Fimages%2Fblog%2F2026-06-22%2Fbroken-implant-crown.png&w=3840&q=75&dpl=dpl_AocR8G927cD9b1EN7RTdG1PPiWAf,,Dental technician inspecting a ceramic implant crown under a lab light,True,,,200,OK,Root-Relative,//body/main/section[2]/div/article/div[2]/img,Content,HTML
Image,https://www.drantipov.com/for-patients/insights/correcting-bite-problems-after-implant-work,https://www.drantipov.com/_next/image?url=%2Fimages%2Fblog%2F2026-06-22%2Fbroken-implant-crown.png&w=3840&q=75&dpl=dpl_AocR8G927cD9b1EN7RTdG1PPiWAf,,Repairing a Broken Implant Crown or Prosthesis Guide,True,,,200,OK,Root-Relative,//body/main/section[3]/div/div[2]/div[3]/a/div[1]/img,Content,HTML
Image,https://www.drantipov.com/ru/for-patients/insights/can-a-loose-dental-implant-be-saved,https://www.drantipov.com/_next/image?url=%2Fimages%2Fblog%2F2026-06-22%2Fbroken-implant-crown.png&w=3840&q=75&dpl=dpl_AocR8G927cD9b1EN7RTdG1PPiWAf,,Repairing a Broken Implant Crown or Prosthesis Guide,True,,,200,OK,Root-Relative,//body/main/section[3]/div/div[2]/div[1]/a/div[1]/img,Content,HTML
Image,https://www.drantipov.com/ru/for-patients/insights/replacing-old-failing-bridges-with-implants,https://www.drantipov.com/_next/image?url=%2Fimages%2Fblog%2F2026-06-22%2Fbroken-implant-crown.png&w=3840&q=75&dpl=dpl_AocR8G927cD9b1EN7RTdG1PPiWAf,,Repairing a Broken Implant Crown or Prosthesis Guide,True,,,200,OK,Root-Relative,//body/main/section[3]/div/div[2]/div[2]/a/div[1]/img,Content,HTML
Image,https://www.drantipov.com/ru/for-patients/insights/repairing-a-broken-implant-crown-or-prosthesis,https://www.drantipov.com/_next/image?url=%2Fimages%2Fblog%2F2026-06-22%2Fbroken-implant-crown.png&w=3840&q=75&dpl=dpl_AocR8G927cD9b1EN7RTdG1PPiWAf,,Зубной техник осматривает керамическую коронку импланта под лабораторной лампой,True,,,200,OK,Root-Relative,//body/main/section[2]/div/article/div[2]/img,Content,HTML
Image,https://www.drantipov.com/ru/for-patients/insights/correcting-bite-problems-after-implant-work,https://www.drantipov.com/_next/image?url=%2Fimages%2Fblog%2F2026-06-22%2Fbroken-implant-crown.png&w=3840&q=75&dpl=dpl_AocR8G927cD9b1EN7RTdG1PPiWAf,,Repairing a Broken Implant Crown or Prosthesis Guide,True,,,200,OK,Root-Relative,//body/main/section[3]/div/div[2]/div[3]/a/div[1]/img,Content,HTML
Image,https://www.drantipov.com/ru/for-patients/insights,https://www.drantipov.com/_next/image?url=%2Fimages%2Fblog%2F2026-06-22%2Fbroken-implant-crown.png&w=3840&q=75&dpl=dpl_AocR8G927cD9b1EN7RTdG1PPiWAf,,Ремонт сломанной коронки или протеза на импланте,True,,,200,OK,Root-Relative,//body/main/section[2]/div/div/div[17]/div/div[1]/img,Content,HTML
Image,https://www.drantipov.com/for-patients/insights,https://www.drantipov.com/_next/image?url=%2Fimages%2Fblog%2F2026-07-13%2Fpermanent-teeth-implants.png&w=3840&q=75&dpl=dpl_AocR8G927cD9b1EN7RTdG1PPiWAf,,"Permanent Teeth Implants: A Complete Guide to Fixed, Non-Removable New Teeth",True,,,200,OK,Root-Relative,//body/main/section[2]/div/div/div[35]/div/div[1]/img,Content,HTML
Image,https://www.drantipov.com/for-patients/insights/alternatives-to-dental-bridges,https://www.drantipov.com/_next/image?url=%2Fimages%2Fblog%2F2026-07-13%2Fpermanent-teeth-implants.png&w=3840&q=75&dpl=dpl_AocR8G927cD9b1EN7RTdG1PPiWAf,,"Permanent Teeth Implants: A Complete Guide to Fixed, Non-Removable New Teeth",True,,,200,OK,Root-Relative,//body/main/section[3]/div/div[2]/div[2]/a/div[1]/img,Content,HTML
Image,https://www.drantipov.com/for-patients/insights/iv-sedation-dentistry-what-to-expect,https://www.drantipov.com/_next/image?url=%2Fimages%2Fblog%2F2026-07-13%2Fpermanent-teeth-implants.png&w=3840&q=75&dpl=dpl_AocR8G927cD9b1EN7RTdG1PPiWAf,,"Permanent Teeth Implants: A Complete Guide to Fixed, Non-Removable New Teeth",True,,,200,OK,Root-Relative,//body/main/section[3]/div/div[2]/div[1]/a/div[1]/img,Content,HTML
Image,https://www.drantipov.com/for-patients/insights/specialist-for-complex-dental-implants,https://www.drantipov.com/_next/image?url=%2Fimages%2Fblog%2F2026-07-13%2Fpermanent-teeth-implants.png&w=3840&q=75&dpl=dpl_AocR8G927cD9b1EN7RTdG1PPiWAf,,"Permanent Teeth Implants: A Complete Guide to Fixed, Non-Removable New Teeth",True,,,200,OK,Root-Relative,//body/main/section[3]/div/div[2]/div[3]/a/div[1]/img,Content,HTML
Image,https://www.drantipov.com/for-patients/insights/permanent-teeth-implants-complete-guide,https://www.drantipov.com/_next/image?url=%2Fimages%2Fblog%2F2026-07-13%2Fpermanent-teeth-implants.png&w=3840&q=75&dpl=dpl_AocR8G927cD9b1EN7RTdG1PPiWAf,,"Smiling couple enjoying a meal together outdoors, confident with their restored smiles",True,,,200,OK,Root-Relative,//body/main/section[2]/div/article/div[2]/img,Content,HTML
Image,https://www.drantipov.com/for-patients/insights,https://www.drantipov.com/_next/image?url=%2Fimages%2Fblog%2F2026-07-14%2Ffull-mouth-dental-implants-cost-2026-guide.png&w=3840&q=75&dpl=dpl_AocR8G927cD9b1EN7RTdG1PPiWAf,,Full Mouth Dental Implants Cost in 2026: A Guide to Value and Financing,True,,,200,OK,Root-Relative,//body/main/section[2]/div/div/div[30]/div/div[1]/img,Content,HTML
Image,https://www.drantipov.com/for-patients/insights/full-mouth-dental-implants-cost-2026-guide,https://www.drantipov.com/_next/image?url=%2Fimages%2Fblog%2F2026-07-14%2Ffull-mouth-dental-implants-cost-2026-guide.png&w=3840&q=75&dpl=dpl_AocR8G927cD9b1EN7RTdG1PPiWAf,,Treatment coordinator reviewing a transparent full-arch implant cost estimate with a patient,True,,,200,OK,Root-Relative,//body/main/section[2]/div/article/div[2]/img,Content,HTML
Image,https://www.drantipov.com/for-patients/insights/same-day-dental-implant-process-step-by-step,https://www.drantipov.com/_next/image?url=%2Fimages%2Fblog%2F2026-07-14%2Ffull-mouth-dental-implants-cost-2026-guide.png&w=3840&q=75&dpl=dpl_AocR8G927cD9b1EN7RTdG1PPiWAf,,Full Mouth Dental Implants Cost in 2026: A Guide to Value and Financing,True,,,200,OK,Root-Relative,//body/main/section[3]/div/div[2]/div[3]/a/div[1]/img,Content,HTML
Image,https://www.drantipov.com/for-patients/insights/teeth-in-a-day-same-day-smile-restoration,https://www.drantipov.com/_next/image?url=%2Fimages%2Fblog%2F2026-07-14%2Ffull-mouth-dental-implants-cost-2026-guide.png&w=3840&q=75&dpl=dpl_AocR8G927cD9b1EN7RTdG1PPiWAf,,Full Mouth Dental Implants Cost in 2026: A Guide to Value and Financing,True,,,200,OK,Root-Relative,//body/main/section[3]/div/div[2]/div[1]/a/div[1]/img,Content,HTML
Image,https://www.drantipov.com/for-patients/insights/snap-in-dentures-complete-guide,https://www.drantipov.com/_next/image?url=%2Fimages%2Fblog%2F2026-07-14%2Ffull-mouth-dental-implants-cost-2026-guide.png&w=3840&q=75&dpl=dpl_AocR8G927cD9b1EN7RTdG1PPiWAf,,Full Mouth Dental Implants Cost in 2026: A Guide to Value and Financing,True,,,200,OK,Root-Relative,//body/main/section[3]/div/div[2]/div[2]/a/div[1]/img,Content,HTML
Image,https://www.drantipov.com/for-patients/insights,https://www.drantipov.com/_next/image?url=%2Fimages%2Fblog%2F2026-07-07%2Fmissing-front-tooth-replacement.png&w=3840&q=75&dpl=dpl_AocR8G927cD9b1EN7RTdG1PPiWAf,,Missing Front Tooth Replacement: 5 Best Permanent & Temporary Options,True,,,200,OK,Root-Relative,//body/main/section[2]/div/div/div[42]/div/div[1]/img,Content,HTML
Image,https://www.drantipov.com/for-patients/insights/zirconia-dental-implants-california,https://www.drantipov.com/_next/image?url=%2Fimages%2Fblog%2F2026-07-07%2Fmissing-front-tooth-replacement.png&w=3840&q=75&dpl=dpl_AocR8G927cD9b1EN7RTdG1PPiWAf,,Missing Front Tooth Replacement: 5 Best Permanent & Temporary Options,True,,,200,OK,Root-Relative,//body/main/section[3]/div/div[2]/div[3]/a/div[1]/img,Content,HTML
Image,https://www.drantipov.com/for-patients/insights/told-no-to-dental-implants-why-specialists-say-yes,https://www.drantipov.com/_next/image?url=%2Fimages%2Fblog%2F2026-07-07%2Fmissing-front-tooth-replacement.png&w=3840&q=75&dpl=dpl_AocR8G927cD9b1EN7RTdG1PPiWAf,,Missing Front Tooth Replacement: 5 Best Permanent & Temporary Options,True,,,200,OK,Root-Relative,//body/main/section[3]/div/div[2]/div[1]/a/div[1]/img,Content,HTML
Image,https://www.drantipov.com/for-patients/insights/best-full-arch-dental-implant-clinics-california-how-to-compare,https://www.drantipov.com/_next/image?url=%2Fimages%2Fblog%2F2026-07-07%2Fmissing-front-tooth-replacement.png&w=3840&q=75&dpl=dpl_AocR8G927cD9b1EN7RTdG1PPiWAf,,Missing Front Tooth Replacement: 5 Best Permanent & Temporary Options,True,,,200,OK,Root-Relative,//body/main/section[3]/div/div[2]/div[2]/a/div[1]/img,Content,HTML
Image,https://www.drantipov.com/for-patients/insights/missing-front-tooth-replacement-options,https://www.drantipov.com/_next/image?url=%2Fimages%2Fblog%2F2026-07-07%2Fmissing-front-tooth-replacement.png&w=3840&q=75&dpl=dpl_AocR8G927cD9b1EN7RTdG1PPiWAf,,Illustration of a single front tooth dental implant with titanium post and ceramic crown restoring a natural smile,True,,,200,OK,Root-Relative,//body/main/section[2]/div/article/div[2]/img,Content,HTML
Image,https://www.drantipov.com/for-patients/insights,https://www.drantipov.com/_next/image?url=%2Fimages%2Fblog%2F2026-08-04%2Faffordable-dental-implants-california.png&w=3840&q=75&dpl=dpl_AocR8G927cD9b1EN7RTdG1PPiWAf,,"Affordable Dental Implants in California: A Guide to Value, Cost, and Financing",True,,,200,OK,Root-Relative,//body/main/section[2]/div/div/div[10]/div/div[1]/img,Content,HTML
Image,https://www.drantipov.com/for-patients/insights/types-of-permanent-dental-implants,https://www.drantipov.com/_next/image?url=%2Fimages%2Fblog%2F2026-08-04%2Faffordable-dental-implants-california.png&w=3840&q=75&dpl=dpl_AocR8G927cD9b1EN7RTdG1PPiWAf,,"Affordable Dental Implants in California: A Guide to Value, Cost, and Financing",True,,,200,OK,Root-Relative,//body/main/section[3]/div/div[2]/div[2]/a/div[1]/img,Content,HTML
Image,https://www.drantipov.com/for-patients/insights/affordable-dental-implants-california,https://www.drantipov.com/_next/image?url=%2Fimages%2Fblog%2F2026-08-04%2Faffordable-dental-implants-california.png&w=3840&q=75&dpl=dpl_AocR8G927cD9b1EN7RTdG1PPiWAf,,Patient reviewing an affordable dental implant payment plan with a treatment coordinator at a modern dental office desk,True,,,200,OK,Root-Relative,//body/main/section[2]/div/article/div[2]/img,Content,HTML
Image,https://www.drantipov.com/for-patients/insights/full-fixed-arch-implant-cost,https://www.drantipov.com/_next/image?url=%2Fimages%2Fblog%2F2026-08-04%2Faffordable-dental-implants-california.png&w=3840&q=75&dpl=dpl_AocR8G927cD9b1EN7RTdG1PPiWAf,,"Affordable Dental Implants in California: A Guide to Value, Cost, and Financing",True,,,200,OK,Root-Relative,//body/main/section[3]/div/div[2]/div[3]/a/div[1]/img,Content,HTML
Image,https://www.drantipov.com/for-patients/insights/how-bone-loss-affects-dental-implants,https://www.drantipov.com/_next/image?url=%2Fimages%2Fblog%2F2026-08-04%2Faffordable-dental-implants-california.png&w=3840&q=75&dpl=dpl_AocR8G927cD9b1EN7RTdG1PPiWAf,,"Affordable Dental Implants in California: A Guide to Value, Cost, and Financing",True,,,200,OK,Root-Relative,//body/main/section[3]/div/div[2]/div[1]/a/div[1]/img,Content,HTML
Image,https://www.drantipov.com/for-patients/insights,https://www.drantipov.com/_next/image?url=%2Fimages%2Fblog%2F2026-07-21%2Fbefore-and-after-all-on-4-dental-implants.png&w=3840&q=75&dpl=dpl_AocR8G927cD9b1EN7RTdG1PPiWAf,,Before and After All-on-4 Dental Implants: Real Transformations & Expectations,True,,,200,OK,Root-Relative,//body/main/section[2]/div/div/div[25]/div/div[1]/img,Content,HTML
Image,https://www.drantipov.com/for-patients/insights/dental-implant-price-match-guarantee-california,https://www.drantipov.com/_next/image?url=%2Fimages%2Fblog%2F2026-07-21%2Fbefore-and-after-all-on-4-dental-implants.png&w=3840&q=75&dpl=dpl_AocR8G927cD9b1EN7RTdG1PPiWAf,,Before and After All-on-4 Dental Implants: Real Transformations & Expectations,True,,,200,OK,Root-Relative,//body/main/section[3]/div/div[2]/div[2]/a/div[1]/img,Content,HTML
Image,https://www.drantipov.com/for-patients/insights/implant-supported-dentures-monterey,https://www.drantipov.com/_next/image?url=%2Fimages%2Fblog%2F2026-07-21%2Fbefore-and-after-all-on-4-dental-implants.png&w=3840&q=75&dpl=dpl_AocR8G927cD9b1EN7RTdG1PPiWAf,,Before and After All-on-4 Dental Implants: Real Transformations & Expectations,True,,,200,OK,Root-Relative,//body/main/section[3]/div/div[2]/div[1]/a/div[1]/img,Content,HTML
Image,https://www.drantipov.com/for-patients/insights/how-to-fix-loose-dentures-permanently,https://www.drantipov.com/_next/image?url=%2Fimages%2Fblog%2F2026-07-21%2Fbefore-and-after-all-on-4-dental-implants.png&w=3840&q=75&dpl=dpl_AocR8G927cD9b1EN7RTdG1PPiWAf,,Before and After All-on-4 Dental Implants: Real Transformations & Expectations,True,,,200,OK,Root-Relative,//body/main/section[3]/div/div[2]/div[3]/a/div[1]/img,Content,HTML
Image,https://www.drantipov.com/for-patients/insights/before-and-after-all-on-4-dental-implants,https://www.drantipov.com/_next/image?url=%2Fimages%2Fblog%2F2026-07-21%2Fbefore-and-after-all-on-4-dental-implants.png&w=3840&q=75&dpl=dpl_AocR8G927cD9b1EN7RTdG1PPiWAf,,Oral surgeon reviewing before-and-after full-arch All-on-4 dental implant results with a patient on a screen,True,,,200,OK,Root-Relative,//body/main/section[2]/div/article/div[2]/img,Content,HTML
Image,https://www.drantipov.com/for-patients/insights,https://www.drantipov.com/_next/image?url=%2Fimages%2Fblog%2F2026-06-19%2Fwhat-is-oral-surgeon.png&w=3840&q=75&dpl=dpl_AocR8G927cD9b1EN7RTdG1PPiWAf,,What Is an Oral Surgeon and What Do They Do?,True,,,200,OK,Root-Relative,//body/main/section[2]/div/div/div[80]/div/div[1]/img,Content,HTML
Image,https://www.drantipov.com/for-patients/insights/what-is-an-oral-surgeon-and-what-do-they-do,https://www.drantipov.com/_next/image?url=%2Fimages%2Fblog%2F2026-06-19%2Fwhat-is-oral-surgeon.png&w=3840&q=75&dpl=dpl_AocR8G927cD9b1EN7RTdG1PPiWAf,,An oral and maxillofacial surgeon reviewing a 3D scan during a consultation,True,,,200,OK,Root-Relative,//body/main/section[2]/div/article/div[2]/img,Content,HTML
Image,https://www.drantipov.com/ru/for-patients/insights/what-is-an-oral-surgeon-and-what-do-they-do,https://www.drantipov.com/_next/image?url=%2Fimages%2Fblog%2F2026-06-19%2Fwhat-is-oral-surgeon.png&w=3840&q=75&dpl=dpl_AocR8G927cD9b1EN7RTdG1PPiWAf,,Челюстно-лицевой хирург разбирает 3D-снимок на консультации,True,,,200,OK,Root-Relative,//body/main/section[2]/div/article/div[2]/img,Content,HTML
Image,https://www.drantipov.com/ru/for-patients/insights,https://www.drantipov.com/_next/image?url=%2Fimages%2Fblog%2F2026-06-19%2Fwhat-is-oral-surgeon.png&w=3840&q=75&dpl=dpl_AocR8G927cD9b1EN7RTdG1PPiWAf,,Кто такой челюстно-лицевой хирург и что он делает?,True,,,200,OK,Root-Relative,//body/main/section[2]/div/div/div[32]/div/div[1]/img,Content,HTML
Image,https://www.drantipov.com/for-patients/insights,https://www.drantipov.com/_next/image?url=%2Fimages%2Fblog%2F2026-06-22%2Fbite-problems-after-implants.png&w=3840&q=75&dpl=dpl_AocR8G927cD9b1EN7RTdG1PPiWAf,,Correcting Bite Problems After Implant Work: Fixes,True,,,200,OK,Root-Relative,//body/main/section[2]/div/div/div[62]/div/div[1]/img,Content,HTML
Image,https://www.drantipov.com/for-patients/insights/fixing-a-failed-all-on-4-revision-options,https://www.drantipov.com/_next/image?url=%2Fimages%2Fblog%2F2026-06-22%2Fbite-problems-after-implants.png&w=3840&q=75&dpl=dpl_AocR8G927cD9b1EN7RTdG1PPiWAf,,Correcting Bite Problems After Implant Work: Fixes,True,,,200,OK,Root-Relative,//body/main/section[3]/div/div[2]/div[1]/a/div[1]/img,Content,HTML
Image,https://www.drantipov.com/for-patients/insights/replacing-a-failed-dental-implant-what-to-expect,https://www.drantipov.com/_next/image?url=%2Fimages%2Fblog%2F2026-06-22%2Fbite-problems-after-implants.png&w=3840&q=75&dpl=dpl_AocR8G927cD9b1EN7RTdG1PPiWAf,,Correcting Bite Problems After Implant Work: Fixes,True,,,200,OK,Root-Relative,//body/main/section[3]/div/div[2]/div[2]/a/div[1]/img,Content,HTML
Image,https://www.drantipov.com/for-patients/insights/correcting-bite-problems-after-implant-work,https://www.drantipov.com/_next/image?url=%2Fimages%2Fblog%2F2026-06-22%2Fbite-problems-after-implants.png&w=3840&q=75&dpl=dpl_AocR8G927cD9b1EN7RTdG1PPiWAf,,Dentist analyzing a patient's bite with a digital scanner after implant work,True,,,200,OK,Root-Relative,//body/main/section[2]/div/article/div[2]/img,Content,HTML
Image,https://www.drantipov.com/for-patients/insights/normal-healing-vs-infection-after-dental-implant-surgery,https://www.drantipov.com/_next/image?url=%2Fimages%2Fblog%2F2026-06-22%2Fbite-problems-after-implants.png&w=3840&q=75&dpl=dpl_AocR8G927cD9b1EN7RTdG1PPiWAf,,Correcting Bite Problems After Implant Work: Fixes,True,,,200,OK,Root-Relative,//body/main/section[3]/div/div[2]/div[3]/a/div[1]/img,Content,HTML
Image,https://www.drantipov.com/ru/for-patients/insights/normal-healing-vs-infection-after-dental-implant-surgery,https://www.drantipov.com/_next/image?url=%2Fimages%2Fblog%2F2026-06-22%2Fbite-problems-after-implants.png&w=3840&q=75&dpl=dpl_AocR8G927cD9b1EN7RTdG1PPiWAf,,Correcting Bite Problems After Implant Work: Fixes,True,,,200,OK,Root-Relative,//body/main/section[3]/div/div[2]/div[3]/a/div[1]/img,Content,HTML
Image,https://www.drantipov.com/ru/for-patients/insights/replacing-a-failed-dental-implant-what-to-expect,https://www.drantipov.com/_next/image?url=%2Fimages%2Fblog%2F2026-06-22%2Fbite-problems-after-implants.png&w=3840&q=75&dpl=dpl_AocR8G927cD9b1EN7RTdG1PPiWAf,,Correcting Bite Problems After Implant Work: Fixes,True,,,200,OK,Root-Relative,//body/main/section[3]/div/div[2]/div[2]/a/div[1]/img,Content,HTML
Image,https://www.drantipov.com/ru/for-patients/insights/correcting-bite-problems-after-implant-work,https://www.drantipov.com/_next/image?url=%2Fimages%2Fblog%2F2026-06-22%2Fbite-problems-after-implants.png&w=3840&q=75&dpl=dpl_AocR8G927cD9b1EN7RTdG1PPiWAf,,Стоматолог анализирует прикус пациента цифровым сканером после имплантации,True,,,200,OK,Root-Relative,//body/main/section[2]/div/article/div[2]/img,Content,HTML
Image,https://www.drantipov.com/ru/for-patients/insights/fixing-a-failed-all-on-4-revision-options,https://www.drantipov.com/_next/image?url=%2Fimages%2Fblog%2F2026-06-22%2Fbite-problems-after-implants.png&w=3840&q=75&dpl=dpl_AocR8G927cD9b1EN7RTdG1PPiWAf,,Correcting Bite Problems After Implant Work: Fixes,True,,,200,OK,Root-Relative,//body/main/section[3]/div/div[2]/div[1]/a/div[1]/img,Content,HTML
Image,https://www.drantipov.com/ru/for-patients/insights,https://www.drantipov.com/_next/image?url=%2Fimages%2Fblog%2F2026-06-22%2Fbite-problems-after-implants.png&w=3840&q=75&dpl=dpl_AocR8G927cD9b1EN7RTdG1PPiWAf,,Исправление проблем с прикусом после имплантации,True,,,200,OK,Root-Relative,//body/main/section[2]/div/div/div[14]/div/div[1]/img,Content,HTML
Image,https://www.drantipov.com/for-patients/insights,https://www.drantipov.com/_next/image?url=%2Fimages%2Fblog%2F2026-07-02%2Fclearchoice-alternatives-northern-california.png&w=3840&q=75&dpl=dpl_AocR8G927cD9b1EN7RTdG1PPiWAf,,ClearChoice Alternatives in Northern California: Finding Real Value for Full-Arch Implants,True,,,200,OK,Root-Relative,//body/main/section[2]/div/div/div[44]/div/div[1]/img,Content,HTML
Image,https://www.drantipov.com/for-patients/insights/told-no-to-dental-implants-why-specialists-say-yes,https://www.drantipov.com/_next/image?url=%2Fimages%2Fblog%2F2026-07-02%2Fclearchoice-alternatives-northern-california.png&w=3840&q=75&dpl=dpl_AocR8G927cD9b1EN7RTdG1PPiWAf,,ClearChoice Alternatives in Northern California: Finding Real Value for Full-Arch Implants,True,,,200,OK,Root-Relative,//body/main/section[3]/div/div[2]/div[3]/a/div[1]/img,Content,HTML
Image,https://www.drantipov.com/for-patients/insights/missing-front-tooth-replacement-options,https://www.drantipov.com/_next/image?url=%2Fimages%2Fblog%2F2026-07-02%2Fclearchoice-alternatives-northern-california.png&w=3840&q=75&dpl=dpl_AocR8G927cD9b1EN7RTdG1PPiWAf,,ClearChoice Alternatives in Northern California: Finding Real Value for Full-Arch Implants,True,,,200,OK,Root-Relative,//body/main/section[3]/div/div[2]/div[2]/a/div[1]/img,Content,HTML
Image,https://www.drantipov.com/for-patients/insights/single-tooth-implant-vs-dental-bridge-real-cost,https://www.drantipov.com/_next/image?url=%2Fimages%2Fblog%2F2026-07-02%2Fclearchoice-alternatives-northern-california.png&w=3840&q=75&dpl=dpl_AocR8G927cD9b1EN7RTdG1PPiWAf,,ClearChoice Alternatives in Northern California: Finding Real Value for Full-Arch Implants,True,,,200,OK,Root-Relative,//body/main/section[3]/div/div[2]/div[1]/a/div[1]/img,Content,HTML
Image,https://www.drantipov.com/for-patients/insights/clearchoice-alternatives-northern-california,https://www.drantipov.com/_next/image?url=%2Fimages%2Fblog%2F2026-07-02%2Fclearchoice-alternatives-northern-california.png&w=3840&q=75&dpl=dpl_AocR8G927cD9b1EN7RTdG1PPiWAf,,Board-certified oral surgeon reviewing a 3D CBCT jaw scan with a patient while planning full-arch dental implants,True,,,200,OK,Root-Relative,//body/main/section[2]/div/article/div[2]/img,Content,HTML
Image,https://www.drantipov.com/for-patients/insights,https://www.drantipov.com/_next/image?url=%2Fimages%2Fblog%2F2026-08-04%2Fsnap-in-dentures-california.png&w=3840&q=75&dpl=dpl_AocR8G927cD9b1EN7RTdG1PPiWAf,,Snap-In Dentures in California: The Guide to Secure Smiles,True,,,200,OK,Root-Relative,//body/main/section[2]/div/div/div[12]/div/div[1]/img,Content,HTML
Image,https://www.drantipov.com/for-patients/insights/dental-implant-payment-plans,https://www.drantipov.com/_next/image?url=%2Fimages%2Fblog%2F2026-08-04%2Fsnap-in-dentures-california.png&w=3840&q=75&dpl=dpl_AocR8G927cD9b1EN7RTdG1PPiWAf,,Snap-In Dentures in California: The Guide to Secure Smiles,True,,,200,OK,Root-Relative,//body/main/section[3]/div/div[2]/div[1]/a/div[1]/img,Content,HTML
Image,https://www.drantipov.com/for-patients/insights/snap-in-dentures-california,https://www.drantipov.com/_next/image?url=%2Fimages%2Fblog%2F2026-08-04%2Fsnap-in-dentures-california.png&w=3840&q=75&dpl=dpl_AocR8G927cD9b1EN7RTdG1PPiWAf,,Dental professional showing a smiling patient how a snap-in overdenture attaches to implant locators on a jaw model,True,,,200,OK,Root-Relative,//body/main/section[2]/div/article/div[2]/img,Content,HTML
Image,https://www.drantipov.com/for-patients/insights/affordable-dental-implants-california,https://www.drantipov.com/_next/image?url=%2Fimages%2Fblog%2F2026-08-04%2Fsnap-in-dentures-california.png&w=3840&q=75&dpl=dpl_AocR8G927cD9b1EN7RTdG1PPiWAf,,Snap-In Dentures in California: The Guide to Secure Smiles,True,,,200,OK,Root-Relative,//body/main/section[3]/div/div[2]/div[2]/a/div[1]/img,Content,HTML
Image,https://www.drantipov.com/for-patients/insights/how-bone-loss-affects-dental-implants,https://www.drantipov.com/_next/image?url=%2Fimages%2Fblog%2F2026-08-04%2Fsnap-in-dentures-california.png&w=3840&q=75&dpl=dpl_AocR8G927cD9b1EN7RTdG1PPiWAf,,Snap-In Dentures in California: The Guide to Secure Smiles,True,,,200,OK,Root-Relative,//body/main/section[3]/div/div[2]/div[3]/a/div[1]/img,Content,HTML
Image,https://www.drantipov.com/for-patients/insights,https://www.drantipov.com/_next/image?url=%2Fimages%2Fblog%2F2026-08-04%2Ftypes-of-permanent-dental-implants.png&w=3840&q=75&dpl=dpl_AocR8G927cD9b1EN7RTdG1PPiWAf,,Types of Permanent Dental Implants: Which Option Fits Your Situation in 2026,True,,,200,OK,Root-Relative,//body/main/section[2]/div/div/div[8]/div/div[1]/img,Content,HTML
Image,https://www.drantipov.com/for-patients/insights/all-on-4-dental-implants-san-francisco,https://www.drantipov.com/_next/image?url=%2Fimages%2Fblog%2F2026-08-04%2Ftypes-of-permanent-dental-implants.png&w=3840&q=75&dpl=dpl_AocR8G927cD9b1EN7RTdG1PPiWAf,,Types of Permanent Dental Implants: Which Option Fits Your Situation in 2026,True,,,200,OK,Root-Relative,//body/main/section[3]/div/div[2]/div[2]/a/div[1]/img,Content,HTML
Image,https://www.drantipov.com/for-patients/insights/types-of-permanent-dental-implants,https://www.drantipov.com/_next/image?url=%2Fimages%2Fblog%2F2026-08-04%2Ftypes-of-permanent-dental-implants.png&w=3840&q=75&dpl=dpl_AocR8G927cD9b1EN7RTdG1PPiWAf,,"Dental implant restoration types displayed side by side: single-tooth implant crown, implant-supported bridge, and fixed full-arch bridge on a jaw model",True,,,200,OK,Root-Relative,//body/main/section[2]/div/article/div[2]/img,Content,HTML
Image,https://www.drantipov.com/for-patients/insights/implant-supported-dentures-vs-traditional-dentures,https://www.drantipov.com/_next/image?url=%2Fimages%2Fblog%2F2026-08-04%2Ftypes-of-permanent-dental-implants.png&w=3840&q=75&dpl=dpl_AocR8G927cD9b1EN7RTdG1PPiWAf,,Types of Permanent Dental Implants: Which Option Fits Your Situation in 2026,True,,,200,OK,Root-Relative,//body/main/section[3]/div/div[2]/div[3]/a/div[1]/img,Content,HTML
Image,https://www.drantipov.com/for-patients/insights/full-fixed-arch-implant-cost,https://www.drantipov.com/_next/image?url=%2Fimages%2Fblog%2F2026-08-04%2Ftypes-of-permanent-dental-implants.png&w=3840&q=75&dpl=dpl_AocR8G927cD9b1EN7RTdG1PPiWAf,,Types of Permanent Dental Implants: Which Option Fits Your Situation in 2026,True,,,200,OK,Root-Relative,//body/main/section[3]/div/div[2]/div[1]/a/div[1]/img,Content,HTML
Image,https://www.drantipov.com/for-patients/insights,https://www.drantipov.com/_next/image?url=%2Fimages%2Fblog%2F2026-06-22%2Ffix-overbite-naturally.png&w=3840&q=75&dpl=dpl_AocR8G927cD9b1EN7RTdG1PPiWAf,,Can You Fix an Overbite Naturally? What Really Works,True,,,200,OK,Root-Relative,//body/main/section[2]/div/div/div[71]/div/div[1]/img,Content,HTML
Image,https://www.drantipov.com/for-patients/insights/how-to-fix-an-overbite-treatment-options-and-cost,https://www.drantipov.com/_next/image?url=%2Fimages%2Fblog%2F2026-06-22%2Ffix-overbite-naturally.png&w=3840&q=75&dpl=dpl_AocR8G927cD9b1EN7RTdG1PPiWAf,,Can You Fix an Overbite Naturally? What Really Works,True,,,200,OK,Root-Relative,//body/main/section[3]/div/div[2]/div[1]/a/div[1]/img,Content,HTML
Image,https://www.drantipov.com/for-patients/insights/redoing-dental-implants-done-abroad-recovery-plan,https://www.drantipov.com/_next/image?url=%2Fimages%2Fblog%2F2026-06-22%2Ffix-overbite-naturally.png&w=3840&q=75&dpl=dpl_AocR8G927cD9b1EN7RTdG1PPiWAf,,Can You Fix an Overbite Naturally? What Really Works,True,,,200,OK,Root-Relative,//body/main/section[3]/div/div[2]/div[2]/a/div[1]/img,Content,HTML
Image,https://www.drantipov.com/for-patients/insights/second-opinion-on-failed-dental-implants,https://www.drantipov.com/_next/image?url=%2Fimages%2Fblog%2F2026-06-22%2Ffix-overbite-naturally.png&w=3840&q=75&dpl=dpl_AocR8G927cD9b1EN7RTdG1PPiWAf,,Can You Fix an Overbite Naturally? What Really Works,True,,,200,OK,Root-Relative,//body/main/section[3]/div/div[2]/div[3]/a/div[1]/img,Content,HTML
Image,https://www.drantipov.com/for-patients/insights/can-you-fix-an-overbite-naturally,https://www.drantipov.com/_next/image?url=%2Fimages%2Fblog%2F2026-06-22%2Ffix-overbite-naturally.png&w=3840&q=75&dpl=dpl_AocR8G927cD9b1EN7RTdG1PPiWAf,,Can you fix an overbite naturally — what works and what does not,True,,,200,OK,Root-Relative,//body/main/section[2]/div/article/div[2]/img,Content,HTML
Image,https://www.drantipov.com/ru/for-patients/insights/second-opinion-on-failed-dental-implants,https://www.drantipov.com/_next/image?url=%2Fimages%2Fblog%2F2026-06-22%2Ffix-overbite-naturally.png&w=3840&q=75&dpl=dpl_AocR8G927cD9b1EN7RTdG1PPiWAf,,Can You Fix an Overbite Naturally? What Really Works,True,,,200,OK,Root-Relative,//body/main/section[3]/div/div[2]/div[3]/a/div[1]/img,Content,HTML
Image,https://www.drantipov.com/ru/for-patients/insights/can-you-fix-an-overbite-naturally,https://www.drantipov.com/_next/image?url=%2Fimages%2Fblog%2F2026-06-22%2Ffix-overbite-naturally.png&w=3840&q=75&dpl=dpl_AocR8G927cD9b1EN7RTdG1PPiWAf,,"Можно ли исправить глубокий прикус естественным путём — что работает, а что нет",True,,,200,OK,Root-Relative,//body/main/section[2]/div/article/div[2]/img,Content,HTML
Image,https://www.drantipov.com/ru/for-patients/insights/how-to-fix-an-overbite-treatment-options-and-cost,https://www.drantipov.com/_next/image?url=%2Fimages%2Fblog%2F2026-06-22%2Ffix-overbite-naturally.png&w=3840&q=75&dpl=dpl_AocR8G927cD9b1EN7RTdG1PPiWAf,,Can You Fix an Overbite Naturally? What Really Works,True,,,200,OK,Root-Relative,//body/main/section[3]/div/div[2]/div[1]/a/div[1]/img,Content,HTML
Image,https://www.drantipov.com/ru/for-patients/insights/redoing-dental-implants-done-abroad-recovery-plan,https://www.drantipov.com/_next/image?url=%2Fimages%2Fblog%2F2026-06-22%2Ffix-overbite-naturally.png&w=3840&q=75&dpl=dpl_AocR8G927cD9b1EN7RTdG1PPiWAf,,Can You Fix an Overbite Naturally? What Really Works,True,,,200,OK,Root-Relative,//body/main/section[3]/div/div[2]/div[2]/a/div[1]/img,Content,HTML
Image,https://www.drantipov.com/ru/for-patients/insights,https://www.drantipov.com/_next/image?url=%2Fimages%2Fblog%2F2026-06-22%2Ffix-overbite-naturally.png&w=3840&q=75&dpl=dpl_AocR8G927cD9b1EN7RTdG1PPiWAf,,Можно ли исправить глубокий прикус естественным путём? Что работает на самом деле,True,,,200,OK,Root-Relative,//body/main/section[2]/div/div/div[23]/div/div[1]/img,Content,HTML
Image,https://www.drantipov.com/for-patients/insights,https://www.drantipov.com/_next/image?url=%2Fimages%2Fblog%2F2026-07-14%2Fdenture-alternatives-that-work.png&w=3840&q=75&dpl=dpl_AocR8G927cD9b1EN7RTdG1PPiWAf,,Denture Alternatives That Work: Your 2026 Guide to a Permanent Smile,True,,,200,OK,Root-Relative,//body/main/section[2]/div/div/div[31]/div/div[1]/img,Content,HTML
Image,https://www.drantipov.com/for-patients/insights/full-mouth-dental-implants-cost-2026-guide,https://www.drantipov.com/_next/image?url=%2Fimages%2Fblog%2F2026-07-14%2Fdenture-alternatives-that-work.png&w=3840&q=75&dpl=dpl_AocR8G927cD9b1EN7RTdG1PPiWAf,,Denture Alternatives That Work: Your 2026 Guide to a Permanent Smile,True,,,200,OK,Root-Relative,//body/main/section[3]/div/div[2]/div[1]/a/div[1]/img,Content,HTML
Image,https://www.drantipov.com/for-patients/insights/teeth-in-a-day-same-day-smile-restoration,https://www.drantipov.com/_next/image?url=%2Fimages%2Fblog%2F2026-07-14%2Fdenture-alternatives-that-work.png&w=3840&q=75&dpl=dpl_AocR8G927cD9b1EN7RTdG1PPiWAf,,Denture Alternatives That Work: Your 2026 Guide to a Permanent Smile,True,,,200,OK,Root-Relative,//body/main/section[3]/div/div[2]/div[2]/a/div[1]/img,Content,HTML
Image,https://www.drantipov.com/for-patients/insights/snap-in-dentures-complete-guide,https://www.drantipov.com/_next/image?url=%2Fimages%2Fblog%2F2026-07-14%2Fdenture-alternatives-that-work.png&w=3840&q=75&dpl=dpl_AocR8G927cD9b1EN7RTdG1PPiWAf,,Denture Alternatives That Work: Your 2026 Guide to a Permanent Smile,True,,,200,OK,Root-Relative,//body/main/section[3]/div/div[2]/div[3]/a/div[1]/img,Content,HTML
Image,https://www.drantipov.com/for-patients/insights/denture-alternatives-that-work,https://www.drantipov.com/_next/image?url=%2Fimages%2Fblog%2F2026-07-14%2Fdenture-alternatives-that-work.png&w=3840&q=75&dpl=dpl_AocR8G927cD9b1EN7RTdG1PPiWAf,,Oral surgeon showing a patient a fixed full-arch bridge model and a snap-in overdenture model side by side,True,,,200,OK,Root-Relative,//body/main/section[2]/div/article/div[2]/img,Content,HTML
Image,https://www.drantipov.com/for-patients/insights,https://www.drantipov.com/_next/image?url=%2Fimages%2Fblog%2F2026-07-27%2Fdental-implant-recovery-time.png&w=3840&q=75&dpl=dpl_AocR8G927cD9b1EN7RTdG1PPiWAf,,Dental Implant Recovery Time: A Complete 2026 Healing Guide,True,,,200,OK,Root-Relative,//body/main/section[2]/div/div/div[18]/div/div[1]/img,Content,HTML
Image,https://www.drantipov.com/for-patients/insights/how-much-do-dental-implants-cost,https://www.drantipov.com/_next/image?url=%2Fimages%2Fblog%2F2026-07-27%2Fdental-implant-recovery-time.png&w=3840&q=75&dpl=dpl_AocR8G927cD9b1EN7RTdG1PPiWAf,,Dental Implant Recovery Time: A Complete 2026 Healing Guide,True,,,200,OK,Root-Relative,//body/main/section[3]/div/div[2]/div[3]/a/div[1]/img,Content,HTML
Image,https://www.drantipov.com/for-patients/insights/dental-implant-recovery-time,https://www.drantipov.com/_next/image?url=%2Fimages%2Fblog%2F2026-07-27%2Fdental-implant-recovery-time.png&w=3840&q=75&dpl=dpl_AocR8G927cD9b1EN7RTdG1PPiWAf,,"Patient resting comfortably at home with a cold compress after dental implant surgery, recovery instructions and soft foods on the table nearby",True,,,200,OK,Root-Relative,//body/main/section[2]/div/article/div[2]/img,Content,HTML
Image,https://www.drantipov.com/for-patients/insights/dental-implants-el-dorado-hills,https://www.drantipov.com/_next/image?url=%2Fimages%2Fblog%2F2026-07-27%2Fdental-implant-recovery-time.png&w=3840&q=75&dpl=dpl_AocR8G927cD9b1EN7RTdG1PPiWAf,,Dental Implant Recovery Time: A Complete 2026 Healing Guide,True,,,200,OK,Root-Relative,//body/main/section[3]/div/div[2]/div[2]/a/div[1]/img,Content,HTML
Image,https://www.drantipov.com/for-patients/insights/single-tooth-implant-cost-without-insurance,https://www.drantipov.com/_next/image?url=%2Fimages%2Fblog%2F2026-07-27%2Fdental-implant-recovery-time.png&w=3840&q=75&dpl=dpl_AocR8G927cD9b1EN7RTdG1PPiWAf,,Dental Implant Recovery Time: A Complete 2026 Healing Guide,True,,,200,OK,Root-Relative,//body/main/section[3]/div/div[2]/div[1]/a/div[1]/img,Content,HTML
Image,https://www.drantipov.com/ru/our-team,https://www.drantipov.com/_next/image?url=%2Fimages%2Fdrantipov.png&w=3840&q=75&dpl=dpl_AocR8G927cD9b1EN7RTdG1PPiWAf,,"Доктор Александр В. Антипов, DDS — основатель Galleria Oral & Facial Surgery",True,,,200,OK,Root-Relative,//body/main/div/main/section[@id='dr-antipov']/div/div/div/div[@class='lg:col-span-2']/div[1]/img,Content,HTML