Address,Occurrences,Meta Keywords 1,Meta Keywords 1 Length,Indexability,Indexability Status
https://www.drantipov.com/,1,"oral surgeon Roseville CA,oral and maxillofacial surgeon Sacramento,All-on-4 dental implants Roseville,zygomatic dental implants,corrective jaw surgery Sacramento,full arch dental implants Roseville CA,Dr Alexander Antipov,board certified oral surgeon Northern California",271,Indexable,
https://www.drantipov.com/all-on-4-clearchoice-alternative,1,"oral surgeon Roseville CA,oral and maxillofacial surgeon Sacramento,All-on-4 dental implants Roseville,zygomatic dental implants,corrective jaw surgery Sacramento,full arch dental implants Roseville CA,Dr Alexander Antipov,board certified oral surgeon Northern California",271,Indexable,
https://www.drantipov.com/locations/ca/placerville,1,"oral surgeon Roseville CA,oral and maxillofacial surgeon Sacramento,All-on-4 dental implants Roseville,zygomatic dental implants,corrective jaw surgery Sacramento,full arch dental implants Roseville CA,Dr Alexander Antipov,board certified oral surgeon Northern California",271,Indexable,
https://www.drantipov.com/for-patients/faqs,1,"oral surgeon Roseville CA,oral and maxillofacial surgeon Sacramento,All-on-4 dental implants Roseville,zygomatic dental implants,corrective jaw surgery Sacramento,full arch dental implants Roseville CA,Dr Alexander Antipov,board certified oral surgeon Northern California",271,Indexable,
https://www.drantipov.com/media/videos,1,"oral surgery videos,dental implant tutorials,surgical demonstrations,Dr. Antipov lectures,oral surgery education,implant dentistry videos,jaw surgery presentations",163,Indexable,
https://www.drantipov.com/for-dentists/referring-doctors,1,"oral surgeon Roseville CA,oral and maxillofacial surgeon Sacramento,All-on-4 dental implants Roseville,zygomatic dental implants,corrective jaw surgery Sacramento,full arch dental implants Roseville CA,Dr Alexander Antipov,board certified oral surgeon Northern California",271,Indexable,
https://www.drantipov.com/locations/ca/el-dorado-hills,1,"oral surgeon Roseville CA,oral and maxillofacial surgeon Sacramento,All-on-4 dental implants Roseville,zygomatic dental implants,corrective jaw surgery Sacramento,full arch dental implants Roseville CA,Dr Alexander Antipov,board certified oral surgeon Northern California",271,Indexable,
https://www.drantipov.com/for-dentists/refer-patients,1,"oral surgeon Roseville CA,oral and maxillofacial surgeon Sacramento,All-on-4 dental implants Roseville,zygomatic dental implants,corrective jaw surgery Sacramento,full arch dental implants Roseville CA,Dr Alexander Antipov,board certified oral surgeon Northern California",271,Indexable,
https://www.drantipov.com/locations/ca/vallejo,1,"oral surgeon Roseville CA,oral and maxillofacial surgeon Sacramento,All-on-4 dental implants Roseville,zygomatic dental implants,corrective jaw surgery Sacramento,full arch dental implants Roseville CA,Dr Alexander Antipov,board certified oral surgeon Northern California",271,Indexable,
https://www.drantipov.com/results,1,"oral surgeon Roseville CA,oral and maxillofacial surgeon Sacramento,All-on-4 dental implants Roseville,zygomatic dental implants,corrective jaw surgery Sacramento,full arch dental implants Roseville CA,Dr Alexander Antipov,board certified oral surgeon Northern California",271,Indexable,
https://www.drantipov.com/locations/ca/galt,1,"oral surgeon Roseville CA,oral and maxillofacial surgeon Sacramento,All-on-4 dental implants Roseville,zygomatic dental implants,corrective jaw surgery Sacramento,full arch dental implants Roseville CA,Dr Alexander Antipov,board certified oral surgeon Northern California",271,Indexable,
https://www.drantipov.com/for-patients/post-op,1,"post-operative care,oral surgery recovery,after surgery instructions,dental implant recovery,jaw surgery recovery,surgical healing",130,Indexable,
https://www.drantipov.com/locations/ca/elk-grove,1,"oral surgeon Roseville CA,oral and maxillofacial surgeon Sacramento,All-on-4 dental implants Roseville,zygomatic dental implants,corrective jaw surgery Sacramento,full arch dental implants Roseville CA,Dr Alexander Antipov,board certified oral surgeon Northern California",271,Indexable,
https://www.drantipov.com/expertise,1,"oral surgeon Roseville CA,oral and maxillofacial surgeon Sacramento,All-on-4 dental implants Roseville,zygomatic dental implants,corrective jaw surgery Sacramento,full arch dental implants Roseville CA,Dr Alexander Antipov,board certified oral surgeon Northern California",271,Indexable,
https://www.drantipov.com/media/speaking,1,"oral surgery speaker,dental implant lectures,surgical education,conference speaker,Dr. Antipov speaking,CE courses oral surgery,implant dentistry workshops",155,Indexable,
https://www.drantipov.com/locations/ca/oroville,1,"oral surgeon Roseville CA,oral and maxillofacial surgeon Sacramento,All-on-4 dental implants Roseville,zygomatic dental implants,corrective jaw surgery Sacramento,full arch dental implants Roseville CA,Dr Alexander Antipov,board certified oral surgeon Northern California",271,Indexable,
https://www.drantipov.com/for-patients,1,"patient resources,patient testimonials,patient reviews,what to expect oral surgery,post-operative emergency,Dr. Antipov reviews",127,Indexable,
https://www.drantipov.com/contact,1,"oral surgeon Roseville CA,oral and maxillofacial surgeon Sacramento,All-on-4 dental implants Roseville,zygomatic dental implants,corrective jaw surgery Sacramento,full arch dental implants Roseville CA,Dr Alexander Antipov,board certified oral surgeon Northern California",271,Indexable,
https://www.drantipov.com/insurance/anthem-blue-cross,1,"oral surgeon Roseville CA,oral and maxillofacial surgeon Sacramento,All-on-4 dental implants Roseville,zygomatic dental implants,corrective jaw surgery Sacramento,full arch dental implants Roseville CA,Dr Alexander Antipov,board certified oral surgeon Northern California",271,Indexable,
https://www.drantipov.com/for-patients/insights,1,"dental implants,oral surgery education,dental health,patient education,oral health insights,dental implant care",111,Indexable,
https://www.drantipov.com/locations,1,"oral surgeon Roseville CA,oral and maxillofacial surgeon Sacramento,All-on-4 dental implants Roseville,zygomatic dental implants,corrective jaw surgery Sacramento,full arch dental implants Roseville CA,Dr Alexander Antipov,board certified oral surgeon Northern California",271,Indexable,
https://www.drantipov.com/locations/ca/woodland,1,"oral surgeon Roseville CA,oral and maxillofacial surgeon Sacramento,All-on-4 dental implants Roseville,zygomatic dental implants,corrective jaw surgery Sacramento,full arch dental implants Roseville CA,Dr Alexander Antipov,board certified oral surgeon Northern California",271,Indexable,
https://www.drantipov.com/for-dentists,1,"dental referrals,oral surgeon referral,implant referral,dental continuing education,dentist collaboration,surgical referral partner",131,Indexable,
https://www.drantipov.com/all-on-4-cost,1,"oral surgeon Roseville CA,oral and maxillofacial surgeon Sacramento,All-on-4 dental implants Roseville,zygomatic dental implants,corrective jaw surgery Sacramento,full arch dental implants Roseville CA,Dr Alexander Antipov,board certified oral surgeon Northern California",271,Indexable,
https://www.drantipov.com/for-dentists/referral-partners,1,"oral surgeon Roseville CA,oral and maxillofacial surgeon Sacramento,All-on-4 dental implants Roseville,zygomatic dental implants,corrective jaw surgery Sacramento,full arch dental implants Roseville CA,Dr Alexander Antipov,board certified oral surgeon Northern California",271,Indexable,
https://www.drantipov.com/locations/ca/orangevale,1,"oral surgeon Roseville CA,oral and maxillofacial surgeon Sacramento,All-on-4 dental implants Roseville,zygomatic dental implants,corrective jaw surgery Sacramento,full arch dental implants Roseville CA,Dr Alexander Antipov,board certified oral surgeon Northern California",271,Indexable,
https://www.drantipov.com/expertise/snap-on-dentures,1,"oral surgeon Roseville CA,oral and maxillofacial surgeon Sacramento,All-on-4 dental implants Roseville,zygomatic dental implants,corrective jaw surgery Sacramento,full arch dental implants Roseville CA,Dr Alexander Antipov,board certified oral surgeon Northern California",271,Indexable,
https://www.drantipov.com/expertise/tooth-extractions,1,"oral surgeon Roseville CA,oral and maxillofacial surgeon Sacramento,All-on-4 dental implants Roseville,zygomatic dental implants,corrective jaw surgery Sacramento,full arch dental implants Roseville CA,Dr Alexander Antipov,board certified oral surgeon Northern California",271,Indexable,
https://www.drantipov.com/expertise/oral-pathology,1,"oral surgeon Roseville CA,oral and maxillofacial surgeon Sacramento,All-on-4 dental implants Roseville,zygomatic dental implants,corrective jaw surgery Sacramento,full arch dental implants Roseville CA,Dr Alexander Antipov,board certified oral surgeon Northern California",271,Indexable,
https://www.drantipov.com/for-patients/pre-op,1,"pre-operative instructions,oral surgery preparation,before surgery checklist,dental implant preparation,jaw surgery prep,surgical preparation",141,Indexable,
https://www.drantipov.com/legal/medical-disclaimer,1,"oral surgeon Roseville CA,oral and maxillofacial surgeon Sacramento,All-on-4 dental implants Roseville,zygomatic dental implants,corrective jaw surgery Sacramento,full arch dental implants Roseville CA,Dr Alexander Antipov,board certified oral surgeon Northern California",271,Indexable,
https://www.drantipov.com/locations/ca/vacaville,1,"oral surgeon Roseville CA,oral and maxillofacial surgeon Sacramento,All-on-4 dental implants Roseville,zygomatic dental implants,corrective jaw surgery Sacramento,full arch dental implants Roseville CA,Dr Alexander Antipov,board certified oral surgeon Northern California",271,Indexable,
https://www.drantipov.com/locations/ca/rocklin,1,"oral surgeon Roseville CA,oral and maxillofacial surgeon Sacramento,All-on-4 dental implants Roseville,zygomatic dental implants,corrective jaw surgery Sacramento,full arch dental implants Roseville CA,Dr Alexander Antipov,board certified oral surgeon Northern California",271,Indexable,
https://www.drantipov.com/about,1,"oral surgeon Roseville CA,oral and maxillofacial surgeon Sacramento,All-on-4 dental implants Roseville,zygomatic dental implants,corrective jaw surgery Sacramento,full arch dental implants Roseville CA,Dr Alexander Antipov,board certified oral surgeon Northern California",271,Indexable,
https://www.drantipov.com/for-patients/insights/implants-vs-dentures,1,"dental implants 2026,dental implant innovations,3D printing dental implants,smart implants,nanotechnology dentistry,dental implant technology",141,Indexable,
https://www.drantipov.com/expertise/facial-cosmetic,1,"oral surgeon Roseville CA,oral and maxillofacial surgeon Sacramento,All-on-4 dental implants Roseville,zygomatic dental implants,corrective jaw surgery Sacramento,full arch dental implants Roseville CA,Dr Alexander Antipov,board certified oral surgeon Northern California",271,Indexable,
https://www.drantipov.com/locations/ca/antelope,1,"oral surgeon Roseville CA,oral and maxillofacial surgeon Sacramento,All-on-4 dental implants Roseville,zygomatic dental implants,corrective jaw surgery Sacramento,full arch dental implants Roseville CA,Dr Alexander Antipov,board certified oral surgeon Northern California",271,Indexable,
https://www.drantipov.com/surgical-cases/dental-implants,1,"oral surgeon Roseville CA,oral and maxillofacial surgeon Sacramento,All-on-4 dental implants Roseville,zygomatic dental implants,corrective jaw surgery Sacramento,full arch dental implants Roseville CA,Dr Alexander Antipov,board certified oral surgeon Northern California",271,Indexable,
https://www.drantipov.com/locations/ca/sacramento,1,"oral surgeon Roseville CA,oral and maxillofacial surgeon Sacramento,All-on-4 dental implants Roseville,zygomatic dental implants,corrective jaw surgery Sacramento,full arch dental implants Roseville CA,Dr Alexander Antipov,board certified oral surgeon Northern California",271,Indexable,
https://www.drantipov.com/locations/ca/fair-oaks,1,"oral surgeon Roseville CA,oral and maxillofacial surgeon Sacramento,All-on-4 dental implants Roseville,zygomatic dental implants,corrective jaw surgery Sacramento,full arch dental implants Roseville CA,Dr Alexander Antipov,board certified oral surgeon Northern California",271,Indexable,
https://www.drantipov.com/legal/hipaa-notice,1,"oral surgeon Roseville CA,oral and maxillofacial surgeon Sacramento,All-on-4 dental implants Roseville,zygomatic dental implants,corrective jaw surgery Sacramento,full arch dental implants Roseville CA,Dr Alexander Antipov,board certified oral surgeon Northern California",271,Indexable,
https://www.drantipov.com/locations/ca/lincoln,1,"oral surgeon Roseville CA,oral and maxillofacial surgeon Sacramento,All-on-4 dental implants Roseville,zygomatic dental implants,corrective jaw surgery Sacramento,full arch dental implants Roseville CA,Dr Alexander Antipov,board certified oral surgeon Northern California",271,Indexable,
https://www.drantipov.com/jaw-surgery-recovery-timeline,1,"oral surgeon Roseville CA,oral and maxillofacial surgeon Sacramento,All-on-4 dental implants Roseville,zygomatic dental implants,corrective jaw surgery Sacramento,full arch dental implants Roseville CA,Dr Alexander Antipov,board certified oral surgeon Northern California",271,Indexable,
https://www.drantipov.com/expertise/bone-grafting,1,"oral surgeon Roseville CA,oral and maxillofacial surgeon Sacramento,All-on-4 dental implants Roseville,zygomatic dental implants,corrective jaw surgery Sacramento,full arch dental implants Roseville CA,Dr Alexander Antipov,board certified oral surgeon Northern California",271,Indexable,
https://www.drantipov.com/locations/ca/rancho-cordova,1,"oral surgeon Roseville CA,oral and maxillofacial surgeon Sacramento,All-on-4 dental implants Roseville,zygomatic dental implants,corrective jaw surgery Sacramento,full arch dental implants Roseville CA,Dr Alexander Antipov,board certified oral surgeon Northern California",271,Indexable,
https://www.drantipov.com/glossary,1,"oral surgeon Roseville CA,oral and maxillofacial surgeon Sacramento,All-on-4 dental implants Roseville,zygomatic dental implants,corrective jaw surgery Sacramento,full arch dental implants Roseville CA,Dr Alexander Antipov,board certified oral surgeon Northern California",271,Indexable,
https://www.drantipov.com/locations/ca/granite-bay,1,"oral surgeon Roseville CA,oral and maxillofacial surgeon Sacramento,All-on-4 dental implants Roseville,zygomatic dental implants,corrective jaw surgery Sacramento,full arch dental implants Roseville CA,Dr Alexander Antipov,board certified oral surgeon Northern California",271,Indexable,
https://www.drantipov.com/expertise/wisdom-teeth,1,"oral surgeon Roseville CA,oral and maxillofacial surgeon Sacramento,All-on-4 dental implants Roseville,zygomatic dental implants,corrective jaw surgery Sacramento,full arch dental implants Roseville CA,Dr Alexander Antipov,board certified oral surgeon Northern California",271,Indexable,
https://www.drantipov.com/locations/ca/roseville,1,"oral surgeon Roseville CA,oral and maxillofacial surgeon Sacramento,All-on-4 dental implants Roseville,zygomatic dental implants,corrective jaw surgery Sacramento,full arch dental implants Roseville CA,Dr Alexander Antipov,board certified oral surgeon Northern California",271,Indexable,
https://www.drantipov.com/expertise/jaw-surgery,1,"oral surgeon Roseville CA,oral and maxillofacial surgeon Sacramento,All-on-4 dental implants Roseville,zygomatic dental implants,corrective jaw surgery Sacramento,full arch dental implants Roseville CA,Dr Alexander Antipov,board certified oral surgeon Northern California",271,Indexable,
https://www.drantipov.com/locations/ca/west-sacramento,1,"oral surgeon Roseville CA,oral and maxillofacial surgeon Sacramento,All-on-4 dental implants Roseville,zygomatic dental implants,corrective jaw surgery Sacramento,full arch dental implants Roseville CA,Dr Alexander Antipov,board certified oral surgeon Northern California",271,Indexable,
https://www.drantipov.com/for-patients/insights/same-day-implants,1,"same-day dental implants,immediate load implants,teeth in a day,All-on-4 same day,All-on-6 immediate load,same day teeth Roseville",130,Indexable,
https://www.drantipov.com/locations/ca/davis,1,"oral surgeon Roseville CA,oral and maxillofacial surgeon Sacramento,All-on-4 dental implants Roseville,zygomatic dental implants,corrective jaw surgery Sacramento,full arch dental implants Roseville CA,Dr Alexander Antipov,board certified oral surgeon Northern California",271,Indexable,
https://www.drantipov.com/expertise/tmj,1,"oral surgeon Roseville CA,oral and maxillofacial surgeon Sacramento,All-on-4 dental implants Roseville,zygomatic dental implants,corrective jaw surgery Sacramento,full arch dental implants Roseville CA,Dr Alexander Antipov,board certified oral surgeon Northern California",271,Indexable,
https://www.drantipov.com/insurance/aetna,1,"oral surgeon Roseville CA,oral and maxillofacial surgeon Sacramento,All-on-4 dental implants Roseville,zygomatic dental implants,corrective jaw surgery Sacramento,full arch dental implants Roseville CA,Dr Alexander Antipov,board certified oral surgeon Northern California",271,Indexable,
https://www.drantipov.com/smile-again-foundation,1,"oral surgeon Roseville CA,oral and maxillofacial surgeon Sacramento,All-on-4 dental implants Roseville,zygomatic dental implants,corrective jaw surgery Sacramento,full arch dental implants Roseville CA,Dr Alexander Antipov,board certified oral surgeon Northern California",271,Indexable,
https://www.drantipov.com/expertise/sleep-apnea,1,"oral surgeon Roseville CA,oral and maxillofacial surgeon Sacramento,All-on-4 dental implants Roseville,zygomatic dental implants,corrective jaw surgery Sacramento,full arch dental implants Roseville CA,Dr Alexander Antipov,board certified oral surgeon Northern California",271,Indexable,
https://www.drantipov.com/insurance,1,"oral surgeon Roseville CA,oral and maxillofacial surgeon Sacramento,All-on-4 dental implants Roseville,zygomatic dental implants,corrective jaw surgery Sacramento,full arch dental implants Roseville CA,Dr Alexander Antipov,board certified oral surgeon Northern California",271,Indexable,
https://www.drantipov.com/for-patients/consultation,1,"oral surgeon Roseville CA,oral and maxillofacial surgeon Sacramento,All-on-4 dental implants Roseville,zygomatic dental implants,corrective jaw surgery Sacramento,full arch dental implants Roseville CA,Dr Alexander Antipov,board certified oral surgeon Northern California",271,Indexable,
https://www.drantipov.com/for-dentists/education/courses,1,"oral surgeon Roseville CA,oral and maxillofacial surgeon Sacramento,All-on-4 dental implants Roseville,zygomatic dental implants,corrective jaw surgery Sacramento,full arch dental implants Roseville CA,Dr Alexander Antipov,board certified oral surgeon Northern California",271,Indexable,
https://www.drantipov.com/locations/ca/fairfield,1,"oral surgeon Roseville CA,oral and maxillofacial surgeon Sacramento,All-on-4 dental implants Roseville,zygomatic dental implants,corrective jaw surgery Sacramento,full arch dental implants Roseville CA,Dr Alexander Antipov,board certified oral surgeon Northern California",271,Indexable,
https://www.drantipov.com/expertise/full-arch-implants,1,"oral surgeon Roseville CA,oral and maxillofacial surgeon Sacramento,All-on-4 dental implants Roseville,zygomatic dental implants,corrective jaw surgery Sacramento,full arch dental implants Roseville CA,Dr Alexander Antipov,board certified oral surgeon Northern California",271,Indexable,
https://www.drantipov.com/insurance/delta-dental,1,"oral surgeon Roseville CA,oral and maxillofacial surgeon Sacramento,All-on-4 dental implants Roseville,zygomatic dental implants,corrective jaw surgery Sacramento,full arch dental implants Roseville CA,Dr Alexander Antipov,board certified oral surgeon Northern California",271,Indexable,
https://www.drantipov.com/surgical-cases,1,"oral surgeon Roseville CA,oral and maxillofacial surgeon Sacramento,All-on-4 dental implants Roseville,zygomatic dental implants,corrective jaw surgery Sacramento,full arch dental implants Roseville CA,Dr Alexander Antipov,board certified oral surgeon Northern California",271,Indexable,
https://www.drantipov.com/expertise/implant-rescue,1,"oral surgeon Roseville CA,oral and maxillofacial surgeon Sacramento,All-on-4 dental implants Roseville,zygomatic dental implants,corrective jaw surgery Sacramento,full arch dental implants Roseville CA,Dr Alexander Antipov,board certified oral surgeon Northern California",271,Indexable,
https://www.drantipov.com/for-patients/insights/dental-implant-complications,1,"dental implant complications,implant failure,dental implant infection,implant risks,dental implant safety,implant success rate",126,Indexable,
https://www.drantipov.com/legal/privacy-policy,1,"oral surgeon Roseville CA,oral and maxillofacial surgeon Sacramento,All-on-4 dental implants Roseville,zygomatic dental implants,corrective jaw surgery Sacramento,full arch dental implants Roseville CA,Dr Alexander Antipov,board certified oral surgeon Northern California",271,Indexable,
https://www.drantipov.com/expertise/sedation-anesthesia,1,"oral surgeon Roseville CA,oral and maxillofacial surgeon Sacramento,All-on-4 dental implants Roseville,zygomatic dental implants,corrective jaw surgery Sacramento,full arch dental implants Roseville CA,Dr Alexander Antipov,board certified oral surgeon Northern California",271,Indexable,
https://www.drantipov.com/expertise/single-tooth,1,"oral surgeon Roseville CA,oral and maxillofacial surgeon Sacramento,All-on-4 dental implants Roseville,zygomatic dental implants,corrective jaw surgery Sacramento,full arch dental implants Roseville CA,Dr Alexander Antipov,board certified oral surgeon Northern California",271,Indexable,
https://www.drantipov.com/full-arch-dental-implants,1,"full arch dental implants Roseville,All-on-4 Sacramento,full mouth dental implants,zygomatic implants California,dental implant consultation",140,Indexable,
https://www.drantipov.com/locations/ca/arden-arcade,1,"oral surgeon Roseville CA,oral and maxillofacial surgeon Sacramento,All-on-4 dental implants Roseville,zygomatic dental implants,corrective jaw surgery Sacramento,full arch dental implants Roseville CA,Dr Alexander Antipov,board certified oral surgeon Northern California",271,Indexable,
https://www.drantipov.com/legal/terms-of-service,1,"oral surgeon Roseville CA,oral and maxillofacial surgeon Sacramento,All-on-4 dental implants Roseville,zygomatic dental implants,corrective jaw surgery Sacramento,full arch dental implants Roseville CA,Dr Alexander Antipov,board certified oral surgeon Northern California",271,Indexable,
https://www.drantipov.com/locations/ca/folsom,1,"oral surgeon Roseville CA,oral and maxillofacial surgeon Sacramento,All-on-4 dental implants Roseville,zygomatic dental implants,corrective jaw surgery Sacramento,full arch dental implants Roseville CA,Dr Alexander Antipov,board certified oral surgeon Northern California",271,Indexable,
https://www.drantipov.com/for-patients/insights/dental-implant-aftercare,1,"dental implant aftercare,dental implant recovery,post-op implant care,dental implant healing,implant care tips,dental implant success",133,Indexable,
https://www.drantipov.com/expertise/zygomatic-implants,1,"oral surgeon Roseville CA,oral and maxillofacial surgeon Sacramento,All-on-4 dental implants Roseville,zygomatic dental implants,corrective jaw surgery Sacramento,full arch dental implants Roseville CA,Dr Alexander Antipov,board certified oral surgeon Northern California",271,Indexable,
https://www.drantipov.com/expertise/mole-removal,1,"oral surgeon Roseville CA,oral and maxillofacial surgeon Sacramento,All-on-4 dental implants Roseville,zygomatic dental implants,corrective jaw surgery Sacramento,full arch dental implants Roseville CA,Dr Alexander Antipov,board certified oral surgeon Northern California",271,Indexable,
https://www.drantipov.com/locations/ca/auburn,1,"oral surgeon Roseville CA,oral and maxillofacial surgeon Sacramento,All-on-4 dental implants Roseville,zygomatic dental implants,corrective jaw surgery Sacramento,full arch dental implants Roseville CA,Dr Alexander Antipov,board certified oral surgeon Northern California",271,Indexable,
https://www.drantipov.com/for-patients/travel,1,"oral surgeon Roseville CA,oral and maxillofacial surgeon Sacramento,All-on-4 dental implants Roseville,zygomatic dental implants,corrective jaw surgery Sacramento,full arch dental implants Roseville CA,Dr Alexander Antipov,board certified oral surgeon Northern California",271,Indexable,
https://www.drantipov.com/our-team,1,"oral surgeon Roseville CA,oral and maxillofacial surgeon Sacramento,All-on-4 dental implants Roseville,zygomatic dental implants,corrective jaw surgery Sacramento,full arch dental implants Roseville CA,Dr Alexander Antipov,board certified oral surgeon Northern California",271,Indexable,
https://www.drantipov.com/locations/ca/citrus-heights,1,"oral surgeon Roseville CA,oral and maxillofacial surgeon Sacramento,All-on-4 dental implants Roseville,zygomatic dental implants,corrective jaw surgery Sacramento,full arch dental implants Roseville CA,Dr Alexander Antipov,board certified oral surgeon Northern California",271,Indexable,
https://www.drantipov.com/locations/ca/carmichael,1,"oral surgeon Roseville CA,oral and maxillofacial surgeon Sacramento,All-on-4 dental implants Roseville,zygomatic dental implants,corrective jaw surgery Sacramento,full arch dental implants Roseville CA,Dr Alexander Antipov,board certified oral surgeon Northern California",271,Indexable,
https://www.drantipov.com/locations/ca/north-highlands,1,"oral surgeon Roseville CA,oral and maxillofacial surgeon Sacramento,All-on-4 dental implants Roseville,zygomatic dental implants,corrective jaw surgery Sacramento,full arch dental implants Roseville CA,Dr Alexander Antipov,board certified oral surgeon Northern California",271,Indexable,
https://www.drantipov.com/locations/ca/loomis,0,,0,Indexable,
https://www.drantipov.com/locations/ca/cameron-park,1,"oral surgeon Roseville CA,oral and maxillofacial surgeon Sacramento,All-on-4 dental implants Roseville,zygomatic dental implants,corrective jaw surgery Sacramento,full arch dental implants Roseville CA,Dr Alexander Antipov,board certified oral surgeon Northern California",271,Indexable,
https://www.drantipov.com/for-patients/insights/full-mouth-dental-implants-cost-2026-guide,1,"full mouth dental implants cost,full arch implants cost 2026,full mouth implants financing,dental implants cost sacramento,full mouth dental implants roseville",159,Indexable,
https://www.drantipov.com/for-patients/insights/fixing-a-failed-all-on-4-revision-options,1,"failed all-on-4,all-on-4 revision,full arch implant revision,fixing failed all on 4,all-on-4 problems",101,Indexable,
https://www.drantipov.com/for-patients/insights/why-are-dental-implants-so-expensive,1,"why are dental implants so expensive,dental implant cost explained,are dental implants worth it,dental implants vs bridge cost,dental implant value",147,Indexable,
https://www.drantipov.com/for-patients/insights/dental-implant-price-match-guarantee-california,1,"dental implant price match guarantee california,dental implant cost comparison california,board certified implant surgeon california price,dental implant quotes sacramento roseville,like for like dental implant quote",216,Indexable,
https://www.drantipov.com/for-patients/insights/can-a-loose-dental-implant-be-saved,1,"loose dental implant,can a loose implant be saved,dental implant moving,loose implant crown,wobbly dental implant",113,Indexable,
https://www.drantipov.com/for-patients/insights/bone-grafting-for-dental-implants-explained,1,"bone grafting for dental implants,dental bone graft types,jawbone loss implants,sinus lift bone graft,bone graft healing timeline,bone grafting Roseville",153,Indexable,
https://www.drantipov.com/for-patients/insights/alternatives-to-dental-bridges,1,"alternatives to dental bridges,dental bridge alternatives,bridge vs implant roseville,maryland bridge alternative,replace missing tooth without bridge",150,Indexable,
https://www.drantipov.com/for-patients/insights/all-on-4-dental-implants-san-francisco,1,"all-on-4 dental implants san francisco,all-on-4 bay area,full arch dental implants san francisco,teeth in a day san francisco,all-on-4 cost bay area",148,Indexable,
https://www.drantipov.com/for-patients/insights/hybrid-dentures-vs-fixed-implant-bridges,1,"hybrid dentures,fixed implant bridges,implant overdenture,All-on-4,full arch implant options,implant supported dentures",119,Indexable,
https://www.drantipov.com/for-patients/insights/zirconia-arches,1,"zirconia arches,zirconia dental implants,full arch zirconia,zirconia vs acrylic,All-on-4 zirconia,zirconia all on 4,zirconia all-on-4 implants,full mouth dental implants",169,Indexable,
https://www.drantipov.com/for-patients/insights/dental-implants-for-missing-back-teeth,1,"dental implants for missing back teeth,molar implant,back tooth implant,missing molar replacement,molar implant roseville",121,Indexable,
https://www.drantipov.com/for-patients/insights/replacing-old-failing-bridges-with-implants,1,"replacing a dental bridge with implants,failing dental bridge,bridge to implant,dental bridge alternative,old bridge replacement",128,Indexable,
https://www.drantipov.com/for-patients/insights/types-of-permanent-dental-implants,1,"types of permanent dental implants,dental implant options,single tooth implant vs full arch,implant supported bridge,permanent tooth replacement types",150,Indexable,
https://www.drantipov.com/for-patients/insights/how-to-fix-an-overbite-treatment-options-and-cost,1,"how to fix an overbite,how do you fix an overbite,how can you fix an overbite,fix an overbite,how to fix overbite without surgery,fixing overbite as an adult,how to fix a slight overbite,overbite treatment cost",210,Indexable,
https://www.drantipov.com/for-patients/insights/how-much-do-dental-implants-cost,1,"how much do dental implants cost,dental implant cost 2026,dental implant cost california,dental implant price breakdown,dental implant cost roseville sacramento",160,Indexable,
https://www.drantipov.com/surgical-cases/corrective-jaw-surgery/oms000047,1,"maxillomandibular advancement,corrective jaw surgery Roseville,Le Fort I osteotomy,bilateral sagittal split osteotomy,genioplasty,bone grafting jaw surgery,Class III malocclusion,double jaw surgery,orthognathic surgery Sacramento,airway and jaw surgery,Placer County oral surgeon,Northern California jaw surgery",311,Indexable,
https://www.drantipov.com/for-patients/insights/dental-implants-with-severe-bone-loss-options,1,"dental implants with bone loss,dental implants severe bone loss,not enough bone for dental implants,bone graft for dental implants,implants when told no bone",157,Indexable,
https://www.drantipov.com/surgical-cases/corrective-jaw-surgery/oms000048,1,"short face syndrome,corrective jaw surgery Roseville,three-piece Le Fort I osteotomy,maxillary lengthening,bilateral sagittal split osteotomy,mandibular advancement,genioplasty,bone grafting jaw surgery,orthognathic surgery Sacramento,facial proportion surgery,Placer County oral surgeon,Northern California jaw surgery",319,Indexable,
https://www.drantipov.com/surgical-cases/corrective-jaw-surgery/oms000049,1,"Class II malocclusion correction,corrective jaw surgery Roseville,orthognathic surgery Sacramento,bilateral sagittal split osteotomy,Le Fort I osteotomy,genioplasty,double jaw surgery,facial asymmetry correction,jaw alignment surgery,overbite jaw surgery,Placer County oral surgeon,Northern California jaw surgery",313,Indexable,
https://www.drantipov.com/for-patients/insights/same-day-dental-implant-process-step-by-step,1,"same day dental implant process,same day dental implants roseville,immediate load dental implants sacramento,teeth in a day process,same day implants step by step",162,Indexable,
https://www.drantipov.com/for-patients/insights/dental-implant-recovery-time,1,"dental implant recovery time,dental implant healing timeline,how long to recover from dental implant surgery,dental implant recovery week by week,osseointegration timeline",171,Indexable,
https://www.drantipov.com/for-patients/insights/implant-supported-dentures-monterey,1,"implant supported dentures monterey,implant dentures monterey ca,all on 4 monterey alternative,implant supported dentures northern california,travel for dental implants california",179,Indexable,
https://www.drantipov.com/for-patients/insights/iv-sedation-dentistry-what-to-expect,1,"iv sedation dentistry,twilight sedation oral surgery,iv sedation dental implants,sedation dentistry roseville,is iv sedation safe for dental surgery",148,Indexable,
https://www.drantipov.com/for-patients/insights/all-on-4-dental-implants-explained-new-smile-in-one-day,1,"All-on-4 dental implants,same-day dental implants,teeth in a day,immediate loading dental implants,full arch dental implants,full-arch restoration,All-on-6 dental implants,dental implants Roseville",197,Indexable,
https://www.drantipov.com/for-patients/insights/zirconia-dental-implants-california,1,"zirconia dental implants california,metal free dental implants california,ceramic dental implants sacramento roseville,zirconia vs titanium implants 2026,holistic dental implants northern california",198,Indexable,
https://www.drantipov.com/for-patients/insights/told-no-to-dental-implants-why-specialists-say-yes,1,"told no to dental implants,dental implant second opinion,not a candidate for dental implants,2d xray vs 3d cbct dental implants,dental implant eligibility bone loss",164,Indexable,
https://www.drantipov.com/for-patients/insights/snap-in-dentures-el-dorado-hills,1,"snap in dentures el dorado hills,implant retained dentures el dorado hills,snap on dentures folsom el dorado hills,overdenture implants sacramento region,snap in dentures near me el dorado hills",194,Indexable,
https://www.drantipov.com/for-patients/insights/repairing-a-broken-implant-crown-or-prosthesis,1,"broken implant crown,repair implant crown,cracked implant prosthesis,chipped implant tooth,fix implant bridge",109,Indexable,
https://www.drantipov.com/for-patients/insights/dental-implant-payment-plans,1,"dental implant payment plans,dental implant monthly payments,finance dental implants 2026,dental implant payment plans roseville,carecredit vs installment loan dental implants",175,Indexable,
https://www.drantipov.com/for-patients/insights/how-to-fix-loose-dentures-permanently,1,"how to fix loose dentures permanently,permanent alternative to loose dentures,loose dentures solution roseville,implant supported dentures sacramento,denture stabilization implants",180,Indexable,
https://www.drantipov.com/for-patients/insights/snap-in-dentures-california,1,"snap in dentures california,implant supported overdenture california,snap in dentures roseville,locator attachment dentures,snap in dentures vs all-on-4",152,Indexable,
https://www.drantipov.com/for-patients/insights/understanding-sinus-lift-for-dental-implants,1,"sinus lift,sinus augmentation,dental implants upper jaw,bone grafting for implants,maxillary sinus implants,sinus lift Roseville",128,Indexable,
https://www.drantipov.com/for-patients/insights/dental-implants-el-dorado-hills,1,"dental implants el dorado hills,osseointegration dental implants,oral surgeon near el dorado hills,all on 4 el dorado hills,dental implant surgery sacramento region",164,Indexable,
https://www.drantipov.com/for-patients/insights/dental-implant-price-match-guarantee,1,"dental implant price match guarantee,dental implant cost roseville,affordable dental implants sacramento,board certified oral surgeon roseville,all-inclusive dental implant pricing",180,Indexable,
https://www.drantipov.com/surgical-cases/dental-implants/di000010,1,"All-on-4 dental implants,upper jaw implants,full-arch dental implants,teeth in a day,same-day dental implants,immediate load implants,bone grafting,tooth replacement,Roseville,Roseville CA,Sacramento,Placer County,Northern California,oral surgeon Roseville",256,Indexable,
https://www.drantipov.com/for-patients/insights/all-on-4-dental-implants-recovery-timeline,1,"all-on-4 dental implants recovery,all-on-4 recovery timeline,all-on-4 recovery week by week,full arch implant recovery diet,all-on-4 aftercare roseville",152,Indexable,
https://www.drantipov.com/locations/ca,1,"oral surgeon Roseville CA,oral and maxillofacial surgeon Sacramento,All-on-4 dental implants Roseville,zygomatic dental implants,corrective jaw surgery Sacramento,full arch dental implants Roseville CA,Dr Alexander Antipov,board certified oral surgeon Northern California",271,Indexable,
https://www.drantipov.com/for-patients/insights/who-is-a-candidate-for-dental-implants,1,"who is a candidate for dental implants,dental implant candidacy,poor candidate for dental implants,am i a candidate for implants,dental implant requirements",156,Indexable,
https://www.drantipov.com/for-patients/insights/zygomatic-implants,1,"zygomatic implants,severe bone loss implants,upper jaw atrophy implants,alternative to bone grafting,zygoma implants Roseville,full arch zygomatic implants",155,Indexable,
https://www.drantipov.com/for-patients/insights/all-on-x-dental-implants-cost,1,"All-on-X dental implants cost,All-on-4 cost,All-on-6 cost,All-on-8,full arch implant cost,dental implant cost Sacramento",120,Indexable,
https://www.drantipov.com/for-patients/insights/best-full-arch-dental-implant-clinics-california-how-to-compare,1,"best full arch dental implant clinics california,best full arch dental implant clinics 2026,california full arch dental implants clinics,how to choose all on 4 provider,full arch implant clinic comparison",204,Indexable,
https://www.drantipov.com/for-patients/insights/guided-dental-implant-surgery-how-3d-planning-improves-accuracy,1,"guided dental implant surgery,3D implant planning,CBCT implant scan,surgical guide implants,prosthetically driven planning,full-arch implant accuracy",149,Indexable,
https://www.drantipov.com/for-patients/insights/all-on-4-vs-all-on-6,1,"All-on-4 vs All-on-6,All-on-4,All-on-6,full arch dental implants,full-arch restoration,dental implants Roseville",112,Indexable,
https://www.drantipov.com/surgical-cases/dental-implants/di000009,1,"All-on-4 dental implants,teeth in a day,same-day dental implants,immediate load implants,full-arch dental implants,full mouth dental implants,bone grafting,fixed implant bridge,tooth replacement,Roseville,Roseville CA,Sacramento,Placer County,Northern California",262,Indexable,
https://www.drantipov.com/for-patients/insights/dental-implant-surgery-complete-guide,1,"dental implant surgery,dental implant surgery roseville,implant surgery sacramento,dental implant procedure steps,what to expect dental implant surgery",151,Indexable,
https://www.drantipov.com/for-patients/insights/full-mouth-dental-implants-california,1,"full mouth dental implants california,full arch dental implants cost california 2026,all-on-4 full mouth restoration california,full mouth implants roseville,permanent teeth replacement california",196,Indexable,
https://www.drantipov.com/surgical-cases/dental-implants/di000001,1,"All-on-4 dental implants,teeth in a day,same-day dental implants,immediate load implants,full-arch dental implants,fixed implant bridge,tooth extraction,immediate implants,tooth replacement,Roseville,Roseville CA,Sacramento,Placer County,Northern California",257,Indexable,
https://www.drantipov.com/for-patients/insights/before-and-after-all-on-4-dental-implants,1,"before and after all on 4 dental implants,all on 4 results roseville,all on 4 transformation sacramento,full arch dental implants before after,all on 4 expectations",164,Indexable,
https://www.drantipov.com/surgical-cases/dental-implants/di000005,1,"All-on-4 dental implants,sinus lift,full-arch dental implants,teeth in a day,same-day dental implants,immediate load implants,full mouth dental implants,fixed implant bridge,tooth replacement,Roseville,Roseville CA,Sacramento,Placer County,Northern California",259,Indexable,
https://www.drantipov.com/surgical-cases/dental-implants/di000008,1,"All-on-4 dental implants,lower jaw implants,mandible implants,full-arch dental implants,teeth in a day,same-day dental implants,immediate load implants,fixed implant bridge,tooth replacement,Roseville,Roseville CA,Sacramento,Placer County,Northern California",258,Indexable,
https://www.drantipov.com/surgical-cases/dental-implants/di000006,1,"All-on-4 dental implants,overdentures,full-arch dental implants,teeth in a day,same-day dental implants,immediate load implants,bone grafting,jaw trauma tooth replacement,full mouth dental implants,Roseville,Roseville CA,Sacramento,Placer County,Northern California",265,Indexable,
https://www.drantipov.com/surgical-cases/dental-implants/di000007,1,"All-on-4 dental implants,teeth in a day,same-day dental implants,immediate load implants,full-arch dental implants,bone grafting,fixed implant bridge,jaw trauma tooth replacement,tooth replacement,Roseville,Roseville CA,Sacramento,Placer County,Northern California",264,Indexable,
https://www.drantipov.com/for-patients/insights/severe-overbite-when-jaw-surgery-is-needed,1,"severe overbite jaw surgery,orthognathic surgery,skeletal overbite correction,BSSO mandibular advancement,Le Fort I osteotomy,jaw surgery cost insurance",152,Indexable,
https://www.drantipov.com/for-patients/insights/zygomatic-dental-implants-when-traditional-implants-not-possible,1,"zygomatic dental implants,traditional implants not possible,severe upper jaw bone loss,cheekbone implants,alternative to bone grafting,fixed full arch zygomatic implants",169,Indexable,
https://www.drantipov.com/for-patients/insights/titanium-vs-zirconia-dental-implants,1,"titanium vs zirconia dental implants,zirconia dental implants,titanium dental implants,metal free dental implants,ceramic dental implants",137,Indexable,
https://www.drantipov.com/for-patients/insights/affordable-dental-implants-california,1,"affordable dental implants california,low cost dental implants northern california,dental implant value vs price,affordable dental implants roseville,dental implant price match guarantee california",197,Indexable,
https://www.drantipov.com/for-patients/insights/sedation-options-dental-implant-surgery,1,"dental implant sedation,IV sedation dental implants,oral sedation dentistry,general anesthesia oral surgery,local anesthesia implants,sedation dentistry Roseville",162,Indexable,
https://www.drantipov.com/for-patients/insights/dental-implant-financing-options,1,"dental implant financing california,dental implant payment plans california 2026,carecredit proceed finance dental implants,dental implant financing roseville sacramento,hsa fsa dental implants 2026",198,Indexable,
https://www.drantipov.com/for-patients/insights/missing-front-tooth-replacement-options,1,"missing front tooth replacement,front tooth implant roseville,temporary front tooth options,dental flipper vs implant,smile zone implant",136,Indexable,
https://www.drantipov.com/for-patients/insights/replacing-a-failed-dental-implant-what-to-expect,1,"replacing a failed dental implant,failed dental implant replacement,dental implant revision,implant removal and replacement,what to expect failed implant",153,Indexable,
https://www.drantipov.com/for-patients/insights/implant-supported-dentures-vs-traditional-dentures,1,"implant supported dentures vs traditional dentures,implant dentures vs regular dentures,denture alternatives,implant supported dentures roseville,traditional dentures problems",175,Indexable,
https://www.drantipov.com/for-patients/insights/dental-implants-for-diabetics,1,"dental implants for diabetics,can diabetics get dental implants,diabetes dental implant success rate,dental implants and blood sugar,implant healing with diabetes",162,Indexable,
https://www.drantipov.com/for-patients/insights/single-tooth-implant-process-timeline,1,"single tooth implant process,single tooth implant timeline,dental implant steps,single tooth implant roseville,how long does a single tooth implant take",152,Indexable,
https://www.drantipov.com/for-patients/insights/teeth-in-a-day-same-day-smile-restoration,1,"teeth in a day,same day dental implants roseville,same day smile restoration,teeth in a day sacramento,full arch implants one day",129,Indexable,
https://www.drantipov.com/ru/full-arch-dental-implants,1,"имплантация полного ряда Roseville,All-on-4 Сакраменто,имплантация всех зубов,скуловые импланты Калифорния,консультация по имплантам",132,Indexable,
https://www.drantipov.com/for-patients/insights/dental-implant-revision-surgery,1,"dental implant revision surgery,failed dental implant revision roseville,implant revision surgery sacramento,peri-implantitis treatment revision,replace failed dental implant",174,Indexable,
https://www.drantipov.com/for-patients/insights/tooth-lost-emotional-toll,1,"tooth loss emotional impact,dental anxiety,tooth loss self-esteem,dental implants confidence,tooth loss psychology,dental restoration",133,Indexable,
https://www.drantipov.com/for-patients/insights/what-is-an-oral-surgeon-and-what-do-they-do,1,"oral surgeon,oral and maxillofacial surgeon,what does an oral surgeon do,oral surgeon vs dentist,oral surgery procedures,when to see an oral surgeon",148,Indexable,
https://www.drantipov.com/for-patients/insights/single-tooth-implant-vs-dental-bridge-real-cost,1,"single tooth implant vs bridge,dental implant vs dental bridge cost,dental bridge cost roseville,implant or bridge which is better,long term cost dental implant",160,Indexable,
https://www.drantipov.com/for-patients/insights/snap-in-dentures-complete-guide,1,"snap in dentures,snap-in dentures roseville,implant supported dentures sacramento,snap on denture implants,locator attachment dentures",134,Indexable,
https://www.drantipov.com/for-patients/insights/redoing-dental-implants-done-abroad-recovery-plan,1,"redoing dental implants done abroad,dental tourism implants failed,fix overseas dental implants,implants abroad complications,dental implant recovery plan",154,Indexable,
https://www.drantipov.com/for-patients/insights/correcting-bite-problems-after-implant-work,1,"bite problems after implants,implant bite adjustment,occlusion after dental implants,high bite on implant crown,uneven bite implant",131,Indexable,
https://www.drantipov.com/for-patients/insights/specialist-for-complex-dental-implants,1,"specialist for complex dental implants,complex dental implant specialist,oral surgeon vs dentist for implants,failed dental implant specialist sacramento,complex implant case roseville",184,Indexable,
https://www.drantipov.com/for-patients/insights/full-fixed-arch-implant-cost,1,"full fixed arch implant cost,fixed arch dental implants price,full arch implant quote breakdown,all-inclusive dental implant pricing,full mouth fixed implants cost 2026",168,Indexable,
https://www.drantipov.com/for-patients/insights/permanent-dentures-fixed-vs-removable,1,"permanent dentures,fixed vs removable dentures,implant supported dentures roseville,snap-in dentures vs fixed,permanent dentures sacramento",139,Indexable,
https://www.drantipov.com/for-patients/insights/permanent-teeth-implants-complete-guide,1,"permanent teeth implants,permanent dental implants roseville,fixed teeth replacement options,permanent teeth in one day,non-removable dental implants",149,Indexable,
https://www.drantipov.com/surgical-cases/facial-cosmetic-surgery,1,"oral surgeon Roseville CA,oral and maxillofacial surgeon Sacramento,All-on-4 dental implants Roseville,zygomatic dental implants,corrective jaw surgery Sacramento,full arch dental implants Roseville CA,Dr Alexander Antipov,board certified oral surgeon Northern California",271,Indexable,
https://www.drantipov.com/for-patients/insights/fixed-dentures-on-implants,1,"fixed dentures on implants,implant supported fixed dentures,non-removable dentures,fixed full arch bridge,fixed dentures roseville",130,Indexable,
https://www.drantipov.com/for-patients/insights/dental-implants-for-seniors-age-limit,1,"dental implants for seniors,too old for dental implants,dental implants age limit,full mouth implants at 80,elderly dental implants",131,Indexable,
https://www.drantipov.com/for-patients/insights/normal-healing-vs-infection-after-dental-implant-surgery,1,"normal healing after dental implant,dental implant infection signs,throbbing pain after dental implant,dental implant recovery what is normal,swelling after implant surgery",172,Indexable,
https://www.drantipov.com/for-patients/insights/single-tooth-implant-cost-without-insurance,1,"single tooth implant cost without insurance,dental implant self pay cost,tooth implant out of pocket cost sacramento,dental implant financing no insurance,cash pay dental implant roseville",188,Indexable,
https://www.drantipov.com/for-patients/insights/denture-alternatives-that-work,1,"denture alternatives,alternatives to dentures,denture alternatives roseville,implant supported dentures sacramento,permanent alternative to dentures",148,Indexable,
https://www.drantipov.com/for-patients/insights/second-opinion-on-failed-dental-implants,1,"second opinion dental implants,failed implant second opinion,implant revision consultation,dental implant problems,implant not feeling right",140,Indexable,
https://www.drantipov.com/for-patients/insights/dental-implants-after-tooth-extraction-timing-healing-and-options,1,"dental implants after tooth extraction,immediate implant placement,socket preservation,osseointegration timeline,implant healing stages,tooth extraction implant timing",167,Indexable,
https://www.drantipov.com/for-patients/insights/single-tooth-implant-roseville,1,"single tooth implant Roseville,single tooth implant,dental implant Roseville,single tooth implant cost,implant vs bridge,oral surgeon Roseville,dental implants Placer County",173,Indexable,
https://www.drantipov.com/for-patients/insights/full-mouth-reconstruction-for-failed-dental-work,1,"full mouth reconstruction,full mouth rehabilitation,rebuild failed dental work,full mouth restoration,complex dental reconstruction",131,Indexable,
https://www.drantipov.com/surgical-cases/corrective-jaw-surgery/oms000051,1,"asymmetric jaw surgery,Class II occlusion correction,corrective jaw surgery Roseville,bilateral sagittal split osteotomy,BSSO,Le Fort I osteotomy,genioplasty,facial asymmetry correction,orthognathic surgery Sacramento,TMJ and jaw alignment,Placer County jaw surgeon,Northern California orthognathic surgery",306,Indexable,
https://www.drantipov.com/for-patients/insights/clearchoice-alternatives-northern-california,1,"clearchoice alternatives california,clearchoice alternative roseville,full arch dental implants northern california,all-on-4 alternative sacramento,board certified oral surgeon roseville,teeth in a day roseville",211,Indexable,
https://www.drantipov.com/for-patients/insights/zygomatic-implants-vs-bone-grafting-for-severe-bone-loss,1,"zygomatic implants vs bone grafting,severe bone loss dental implants,upper jaw bone loss treatment,bone grafting alternative,zygomatic implants Roseville,full arch implant options",179,Indexable,
https://www.drantipov.com/surgical-cases/corrective-jaw-surgery/oms000050,1,"three jaw surgery,double jaw surgery,Class II skeletal deformity,corrective jaw surgery Roseville,Le Fort I osteotomy,bilateral sagittal split osteotomy,genioplasty,orthognathic surgery Sacramento,malocclusion correction,facial harmony surgery,Placer County oral surgeon,Northern California jaw surgery",302,Indexable,
https://www.drantipov.com/for-patients/insights/poor-oral-health-systemic-diseases,1,"oral health systemic disease,oral bacteria cancer,oral health cardiovascular,oral health diabetes,preventive dental care,oral systemic connection",145,Indexable,
https://www.drantipov.com/surgical-cases/corrective-jaw-surgery/oms000052,1,"Class II jaw surgery,corrective jaw surgery Roseville,orthognathic surgery Sacramento,Le Fort I osteotomy,maxillomandibular advancement,genioplasty,double jaw surgery,facial asymmetry correction,malocclusion correction,jaw alignment surgery,Placer County oral surgeon,Northern California jaw surgery",299,Indexable,
https://www.drantipov.com/for-patients/insights/full-mouth-dental-implants-cost-process,1,"full mouth dental implants,full mouth dental implants Roseville,full mouth dental implants Sacramento,All-on-4,full arch restoration,dental implants cost Sacramento",164,Indexable,
https://www.drantipov.com/for-patients/insights/can-you-fix-an-overbite-naturally,1,"how to fix overbite naturally,how to naturally fix overbite,can you fix an overbite naturally,correct overbite in adults,fix overbite without surgery,natural overbite correction",177,Indexable,
https://www.drantipov.com/for-patients/insights/same-day-teeth-roseville-ca,1,"same day teeth roseville ca,same day dental implants roseville,teeth in a day roseville,immediate load dental implants,all-on-4 same day teeth for sacramento area patients",171,Indexable,
https://www.drantipov.com/surgical-cases/corrective-jaw-surgery,1,"oral surgeon Roseville CA,oral and maxillofacial surgeon Sacramento,All-on-4 dental implants Roseville,zygomatic dental implants,corrective jaw surgery Sacramento,full arch dental implants Roseville CA,Dr Alexander Antipov,board certified oral surgeon Northern California",271,Indexable,
https://www.drantipov.com/for-patients/insights/implant-revision-after-bone-loss,1,"implant revision after bone loss,bone loss around implant,rebuild bone for implant,implant bone graft revision,peri-implantitis bone loss",137,Indexable,
https://www.drantipov.com/for-patients/insights/dental-implants-for-smokers,1,"dental implants for smokers,can smokers get dental implants,smoking and dental implant failure,dental implants gum disease history,quit smoking before implants",159,Indexable,
https://www.drantipov.com/for-patients/insights/single-dental-implant-cost-northern-california,1,"single dental implant cost,dental implant cost northern california,dental implant cost sacramento,how much does a dental implant cost,dental implant out of pocket cost",167,Indexable,
https://www.drantipov.com/for-patients/insights/benefits-of-all-on-4-dental-implants,1,"benefits of all-on-4 implants,all on 4 dental implants benefits,all on 4 candidacy checklist,full arch restoration benefits roseville,all on 4 vs dentures benefits",163,Indexable,
https://www.drantipov.com/for-patients/insights/surgical-wisdom-tooth-removal-tooth-sectioning-explained,1,"surgical wisdom tooth removal,impacted wisdom teeth,tooth sectioning,wisdom tooth extraction,impacted wisdom tooth surgery,oral surgery Roseville,wisdom teeth removal Roseville",176,Indexable,
https://www.drantipov.com/for-patients/insights/dental-implants-with-osteoporosis-and-autoimmune-conditions,1,"dental implants osteoporosis,dental implants autoimmune disease,bisphosphonates dental implants,implants and bone medication,implants with medical conditions",157,Indexable,
https://www.drantipov.com/for-patients/insights/board-certified-dental-implant-surgeon-california,1,"board certified dental implant surgeon california,aboms diplomate,oral surgeon vs general dentist implants,how to choose implant surgeon,verify dental surgeon credentials california",181,Indexable,
https://www.drantipov.com/for-patients/insights/can-dental-implants-get-cavities-or-gum-disease,1,"can dental implants get cavities,dental implant gum disease,peri-implantitis,why dental implants fail years later,dental implant maintenance",140,Indexable,
https://www.drantipov.com/for-patients/insights/dental-implant-procedure-complete-guide,1,"dental implant procedure,dental implant steps,osseointegration,implant placement surgery,dental implant timeline,dental implant cost",132,Indexable,
https://www.drantipov.com/for-patients/insights/how-bone-loss-affects-dental-implants,1,"how bone loss affects dental implants,jawbone loss dental implants,bone density requirements dental implants,jawbone resorption,dental implants with bone loss",158,Indexable,
https://www.drantipov.com/smile-gallery,1,"oral surgeon Roseville CA,oral and maxillofacial surgeon Sacramento,All-on-4 dental implants Roseville,zygomatic dental implants,corrective jaw surgery Sacramento,full arch dental implants Roseville CA,Dr Alexander Antipov,board certified oral surgeon Northern California",271,Indexable,
https://www.drantipov.com/ru/expertise/jaw-surgery,1,"oral surgeon Roseville CA,oral and maxillofacial surgeon Sacramento,All-on-4 dental implants Roseville,zygomatic dental implants,corrective jaw surgery Sacramento,full arch dental implants Roseville CA,Dr Alexander Antipov,board certified oral surgeon Northern California",271,Indexable,
https://www.drantipov.com/ru/our-team,1,"oral surgeon Roseville CA,oral and maxillofacial surgeon Sacramento,All-on-4 dental implants Roseville,zygomatic dental implants,corrective jaw surgery Sacramento,full arch dental implants Roseville CA,Dr Alexander Antipov,board certified oral surgeon Northern California",271,Indexable,
https://www.drantipov.com/ru/results,1,"oral surgeon Roseville CA,oral and maxillofacial surgeon Sacramento,All-on-4 dental implants Roseville,zygomatic dental implants,corrective jaw surgery Sacramento,full arch dental implants Roseville CA,Dr Alexander Antipov,board certified oral surgeon Northern California",271,Indexable,
https://www.drantipov.com/ru,1,"русскоговорящий челюстно-лицевой хирург,русскоговорящий стоматолог Сакраменто,русский хирург-стоматолог Калифорния,челюстно-лицевой хирург Roseville,зубные импланты All-on-4 цена,несъёмные зубы за один день,имплантация всей челюсти Сакраменто,ортогнатическая хирургия,скуловые импланты",285,Indexable,
https://www.drantipov.com/ru/expertise/sleep-apnea,1,"oral surgeon Roseville CA,oral and maxillofacial surgeon Sacramento,All-on-4 dental implants Roseville,zygomatic dental implants,corrective jaw surgery Sacramento,full arch dental implants Roseville CA,Dr Alexander Antipov,board certified oral surgeon Northern California",271,Indexable,
https://www.drantipov.com/ru/expertise/bone-grafting,1,"oral surgeon Roseville CA,oral and maxillofacial surgeon Sacramento,All-on-4 dental implants Roseville,zygomatic dental implants,corrective jaw surgery Sacramento,full arch dental implants Roseville CA,Dr Alexander Antipov,board certified oral surgeon Northern California",271,Indexable,
https://www.drantipov.com/ru/expertise/full-arch-implants,1,"oral surgeon Roseville CA,oral and maxillofacial surgeon Sacramento,All-on-4 dental implants Roseville,zygomatic dental implants,corrective jaw surgery Sacramento,full arch dental implants Roseville CA,Dr Alexander Antipov,board certified oral surgeon Northern California",271,Indexable,
https://www.drantipov.com/surgical-cases/facial-cosmetic-surgery/fcs000006,1,"Asian eyelid surgery Roseville,Asian eyelid correction,double eyelid surgery Sacramento,blepharoplasty Roseville CA,eyelid surgery Placer County,facial cosmetic surgery Roseville,Asian blepharoplasty Northern California,upper eyelid crease surgery,cosmetic eyelid surgeon Sacramento,facial rejuvenation Roseville,Dr. Andre-David Kahwach,double eyelid crease Roseville CA",370,Indexable,
https://www.drantipov.com/surgical-cases/facial-cosmetic-surgery/fcs000005,1,"facelift Roseville CA,SMAS facelift Sacramento,neck lift Roseville,blepharoplasty Placer County,eyelid surgery Roseville CA,facial rejuvenation Northern California,deep plane facelift Sacramento,upper and lower blepharoplasty,face and neck lift Roseville,facial cosmetic surgery Placer County,Dr. Alexander Antipov facelift,anti-aging facial surgery Roseville",359,Indexable,
https://www.drantipov.com/surgical-cases/facial-cosmetic-surgery/fcs000004,1,"lip fillers Roseville CA,Juvederm Roseville,lip filler injections Sacramento,dermal fillers Placer County,lip augmentation Roseville,Juvederm lips Northern California,facial cosmetic surgery Roseville,lip enhancement Sacramento,cannula lip filler Roseville CA,non-surgical lip enhancement,Dr. Alexander Antipov fillers,lip contouring Placer County",347,Indexable,
https://www.drantipov.com/ru/glossary,1,"oral surgeon Roseville CA,oral and maxillofacial surgeon Sacramento,All-on-4 dental implants Roseville,zygomatic dental implants,corrective jaw surgery Sacramento,full arch dental implants Roseville CA,Dr Alexander Antipov,board certified oral surgeon Northern California",271,Indexable,
https://www.drantipov.com/locations/ca/orinda,1,"oral surgeon Roseville CA,oral and maxillofacial surgeon Sacramento,All-on-4 dental implants Roseville,zygomatic dental implants,corrective jaw surgery Sacramento,full arch dental implants Roseville CA,Dr Alexander Antipov,board certified oral surgeon Northern California",271,Indexable,
https://www.drantipov.com/surgical-cases/facial-cosmetic-surgery/fcs000003,1,"dermal fillers Roseville CA,Juvederm Roseville,nasolabial folds treatment Sacramento,marionette lines filler Placer County,facial fillers Roseville,non-surgical facial rejuvenation Northern California,labiomental fold correction,chin filler Roseville CA,facial cosmetic surgery Sacramento,liquid facelift Placer County,Dr. Alexander Antipov fillers,facial volume restoration Roseville",384,Indexable,
https://www.drantipov.com/ru/expertise/single-tooth,1,"oral surgeon Roseville CA,oral and maxillofacial surgeon Sacramento,All-on-4 dental implants Roseville,zygomatic dental implants,corrective jaw surgery Sacramento,full arch dental implants Roseville CA,Dr Alexander Antipov,board certified oral surgeon Northern California",271,Indexable,
https://www.drantipov.com/surgical-cases/facial-cosmetic-surgery/fcs000002,1,"scarless mole removal Roseville CA,mole removal Sacramento,radiowave surgery Roseville,Ellman technique mole removal,facial mole removal Placer County,scarless mole removal Northern California,cosmetic mole removal Roseville,bloodless mole removal Sacramento,facial cosmetic surgery Roseville CA,no-suture mole removal,Dr. Alexander Antipov,nasal mole removal Roseville",369,Indexable,
https://www.drantipov.com/surgical-cases/facial-cosmetic-surgery/fcs000001,1,"nose mole removal Roseville CA,scarless mole removal Sacramento,radiowave surgery Roseville,Ellman technique mole removal,facial mole removal Placer County,bloodless mole removal Northern California,cosmetic mole removal Roseville,deep-rooted mole removal Sacramento,facial cosmetic surgery Roseville CA,scarless nose mole removal,Dr. Alexander Antipov,nasal asymmetry mole Roseville",383,Indexable,
https://www.drantipov.com/ru/media/speaking,1,"докладчик по челюстно-лицевой хирургии,лекции по дентальной имплантации,обучение хирургии,спикер конференций,выступления доктора Антипова,курсы повышения квалификации по хирургии,мастер-классы по имплантологии",209,Indexable,
https://www.drantipov.com/ru/legal/terms-of-service,1,"oral surgeon Roseville CA,oral and maxillofacial surgeon Sacramento,All-on-4 dental implants Roseville,zygomatic dental implants,corrective jaw surgery Sacramento,full arch dental implants Roseville CA,Dr Alexander Antipov,board certified oral surgeon Northern California",271,Indexable,
https://www.drantipov.com/ru/for-dentists,1,"oral surgeon Roseville CA,oral and maxillofacial surgeon Sacramento,All-on-4 dental implants Roseville,zygomatic dental implants,corrective jaw surgery Sacramento,full arch dental implants Roseville CA,Dr Alexander Antipov,board certified oral surgeon Northern California",271,Indexable,
https://www.drantipov.com/ru/about,1,"oral surgeon Roseville CA,oral and maxillofacial surgeon Sacramento,All-on-4 dental implants Roseville,zygomatic dental implants,corrective jaw surgery Sacramento,full arch dental implants Roseville CA,Dr Alexander Antipov,board certified oral surgeon Northern California",271,Indexable,
https://www.drantipov.com/ru/for-patients/consultation,1,"oral surgeon Roseville CA,oral and maxillofacial surgeon Sacramento,All-on-4 dental implants Roseville,zygomatic dental implants,corrective jaw surgery Sacramento,full arch dental implants Roseville CA,Dr Alexander Antipov,board certified oral surgeon Northern California",271,Indexable,
https://www.drantipov.com/ru/for-patients,1,"ресурсы для пациентов,отзывы пациентов,отзывы Доктор Антипов,чего ожидать на челюстно-лицевой хирургии,послеоперационная экстренная связь,отзывы клиники",152,Indexable,
https://www.drantipov.com/ru/media/videos,1,"видео по хирургии полости рта,обучающие материалы по дентальной имплантации,демонстрации операций,лекции доктора Антипова,обучение челюстно-лицевой хирургии,видео по имплантологии,доклады по хирургии челюстей",208,Indexable,
https://www.drantipov.com/ru/for-dentists/refer-patients,1,"oral surgeon Roseville CA,oral and maxillofacial surgeon Sacramento,All-on-4 dental implants Roseville,zygomatic dental implants,corrective jaw surgery Sacramento,full arch dental implants Roseville CA,Dr Alexander Antipov,board certified oral surgeon Northern California",271,Indexable,
https://www.drantipov.com/ru/surgical-cases,1,"oral surgeon Roseville CA,oral and maxillofacial surgeon Sacramento,All-on-4 dental implants Roseville,zygomatic dental implants,corrective jaw surgery Sacramento,full arch dental implants Roseville CA,Dr Alexander Antipov,board certified oral surgeon Northern California",271,Indexable,
https://www.drantipov.com/ru/for-patients/pre-op,1,"подготовка к операции,челюстно-лицевая хирургия подготовка,чек-лист перед операцией,подготовка к имплантации,подготовка к челюстной хирургии,хирургическая подготовка",165,Indexable,
https://www.drantipov.com/ru/for-patients/faqs,1,"oral surgeon Roseville CA,oral and maxillofacial surgeon Sacramento,All-on-4 dental implants Roseville,zygomatic dental implants,corrective jaw surgery Sacramento,full arch dental implants Roseville CA,Dr Alexander Antipov,board certified oral surgeon Northern California",271,Indexable,
https://www.drantipov.com/ru/contact,1,"oral surgeon Roseville CA,oral and maxillofacial surgeon Sacramento,All-on-4 dental implants Roseville,zygomatic dental implants,corrective jaw surgery Sacramento,full arch dental implants Roseville CA,Dr Alexander Antipov,board certified oral surgeon Northern California",271,Indexable,
https://www.drantipov.com/ru/for-patients/post-op,1,"послеоперационный уход,восстановление после хирургии,инструкции после операции,восстановление после имплантации,восстановление после челюстной хирургии,хирургическое заживление",176,Indexable,
https://www.drantipov.com/surgical-cases/corrective-jaw-surgery/oms000045,1,"orthognathic surgery Roseville,Le Fort I osteotomy,bone grafting jaw surgery,corrective jaw surgery,Class III malocclusion correction,maxillary hypoplasia,facial asymmetry correction,jaw alignment surgery Sacramento,TMJ and jaw surgery,upper jaw advancement,Placer County oral surgeon,Northern California jaw surgery",316,Indexable,
https://www.drantipov.com/ru/expertise,1,"oral surgeon Roseville CA,oral and maxillofacial surgeon Sacramento,All-on-4 dental implants Roseville,zygomatic dental implants,corrective jaw surgery Sacramento,full arch dental implants Roseville CA,Dr Alexander Antipov,board certified oral surgeon Northern California",271,Indexable,
https://www.drantipov.com/ru/insurance,1,"oral surgeon Roseville CA,oral and maxillofacial surgeon Sacramento,All-on-4 dental implants Roseville,zygomatic dental implants,corrective jaw surgery Sacramento,full arch dental implants Roseville CA,Dr Alexander Antipov,board certified oral surgeon Northern California",271,Indexable,
https://www.drantipov.com/ru/legal/privacy-policy,1,"oral surgeon Roseville CA,oral and maxillofacial surgeon Sacramento,All-on-4 dental implants Roseville,zygomatic dental implants,corrective jaw surgery Sacramento,full arch dental implants Roseville CA,Dr Alexander Antipov,board certified oral surgeon Northern California",271,Indexable,
https://www.drantipov.com/surgical-cases/corrective-jaw-surgery/oms000046,1,"corrective jaw surgery Roseville,facial asymmetry correction,Le Fort I osteotomy,bilateral sagittal split osteotomy,rhinoplasty,bone grafting jaw surgery,fat transfer cheek augmentation,Class II malocclusion,orthognathic surgery Sacramento,complete face makeover,Placer County oral surgeon,Northern California facial surgery",324,Indexable,
https://www.drantipov.com/ru/expertise/mole-removal,1,"oral surgeon Roseville CA,oral and maxillofacial surgeon Sacramento,All-on-4 dental implants Roseville,zygomatic dental implants,corrective jaw surgery Sacramento,full arch dental implants Roseville CA,Dr Alexander Antipov,board certified oral surgeon Northern California",271,Indexable,
https://www.drantipov.com/ru/surgical-cases/dental-implants,1,"oral surgeon Roseville CA,oral and maxillofacial surgeon Sacramento,All-on-4 dental implants Roseville,zygomatic dental implants,corrective jaw surgery Sacramento,full arch dental implants Roseville CA,Dr Alexander Antipov,board certified oral surgeon Northern California",271,Indexable,
https://www.drantipov.com/ru/expertise/oral-pathology,1,"oral surgeon Roseville CA,oral and maxillofacial surgeon Sacramento,All-on-4 dental implants Roseville,zygomatic dental implants,corrective jaw surgery Sacramento,full arch dental implants Roseville CA,Dr Alexander Antipov,board certified oral surgeon Northern California",271,Indexable,
https://www.drantipov.com/ru/expertise/snap-on-dentures,1,"oral surgeon Roseville CA,oral and maxillofacial surgeon Sacramento,All-on-4 dental implants Roseville,zygomatic dental implants,corrective jaw surgery Sacramento,full arch dental implants Roseville CA,Dr Alexander Antipov,board certified oral surgeon Northern California",271,Indexable,
https://www.drantipov.com/ru/expertise/tooth-extractions,1,"oral surgeon Roseville CA,oral and maxillofacial surgeon Sacramento,All-on-4 dental implants Roseville,zygomatic dental implants,corrective jaw surgery Sacramento,full arch dental implants Roseville CA,Dr Alexander Antipov,board certified oral surgeon Northern California",271,Indexable,
https://www.drantipov.com/ru/expertise/zygomatic-implants,1,"oral surgeon Roseville CA,oral and maxillofacial surgeon Sacramento,All-on-4 dental implants Roseville,zygomatic dental implants,corrective jaw surgery Sacramento,full arch dental implants Roseville CA,Dr Alexander Antipov,board certified oral surgeon Northern California",271,Indexable,
https://www.drantipov.com/ru/expertise/sedation-anesthesia,1,"oral surgeon Roseville CA,oral and maxillofacial surgeon Sacramento,All-on-4 dental implants Roseville,zygomatic dental implants,corrective jaw surgery Sacramento,full arch dental implants Roseville CA,Dr Alexander Antipov,board certified oral surgeon Northern California",271,Indexable,
https://www.drantipov.com/ru/expertise/facial-cosmetic,1,"oral surgeon Roseville CA,oral and maxillofacial surgeon Sacramento,All-on-4 dental implants Roseville,zygomatic dental implants,corrective jaw surgery Sacramento,full arch dental implants Roseville CA,Dr Alexander Antipov,board certified oral surgeon Northern California",271,Indexable,
https://www.drantipov.com/ru/surgical-cases/facial-cosmetic-surgery,1,"oral surgeon Roseville CA,oral and maxillofacial surgeon Sacramento,All-on-4 dental implants Roseville,zygomatic dental implants,corrective jaw surgery Sacramento,full arch dental implants Roseville CA,Dr Alexander Antipov,board certified oral surgeon Northern California",271,Indexable,
https://www.drantipov.com/ru/expertise/implant-rescue,1,"oral surgeon Roseville CA,oral and maxillofacial surgeon Sacramento,All-on-4 dental implants Roseville,zygomatic dental implants,corrective jaw surgery Sacramento,full arch dental implants Roseville CA,Dr Alexander Antipov,board certified oral surgeon Northern California",271,Indexable,
https://www.drantipov.com/ru/surgical-cases/corrective-jaw-surgery,1,"oral surgeon Roseville CA,oral and maxillofacial surgeon Sacramento,All-on-4 dental implants Roseville,zygomatic dental implants,corrective jaw surgery Sacramento,full arch dental implants Roseville CA,Dr Alexander Antipov,board certified oral surgeon Northern California",271,Indexable,
https://www.drantipov.com/ru/jaw-surgery-recovery-timeline,1,"oral surgeon Roseville CA,oral and maxillofacial surgeon Sacramento,All-on-4 dental implants Roseville,zygomatic dental implants,corrective jaw surgery Sacramento,full arch dental implants Roseville CA,Dr Alexander Antipov,board certified oral surgeon Northern California",271,Indexable,
https://www.drantipov.com/ru/expertise/wisdom-teeth,1,"oral surgeon Roseville CA,oral and maxillofacial surgeon Sacramento,All-on-4 dental implants Roseville,zygomatic dental implants,corrective jaw surgery Sacramento,full arch dental implants Roseville CA,Dr Alexander Antipov,board certified oral surgeon Northern California",271,Indexable,
https://www.drantipov.com/ru/for-patients/insights/dental-implants-after-tooth-extraction-timing-healing-and-options,1,"импланты после удаления зуба,немедленная установка импланта,сохранение лунки,сроки остеоинтеграции,этапы заживления импланта,когда ставить имплант после удаления зуба",166,Indexable,
https://www.drantipov.com/ru/for-patients/insights/can-dental-implants-get-cavities-or-gum-disease,1,"бывает ли кариес на имплантах,заболевание дёсен вокруг импланта,периимплантит,почему импланты не приживаются спустя годы,уход за имплантами",139,Indexable,
https://www.drantipov.com/ru/for-patients/insights/normal-healing-vs-infection-after-dental-implant-surgery,1,"нормальное заживление после импланта,признаки инфекции импланта,пульсирующая боль после импланта,восстановление после импланта что нормально,отёк после имплантации",163,Indexable,
https://www.drantipov.com/ru/for-patients/travel,1,"oral surgeon Roseville CA,oral and maxillofacial surgeon Sacramento,All-on-4 dental implants Roseville,zygomatic dental implants,corrective jaw surgery Sacramento,full arch dental implants Roseville CA,Dr Alexander Antipov,board certified oral surgeon Northern California",271,Indexable,
https://www.drantipov.com/ru/for-patients/insights/second-opinion-on-failed-dental-implants,1,"второе мнение дентальные импланты,второе мнение о несостоятельном импланте,консультация по ревизии импланта,проблемы с дентальными имплантами,имплант ощущается неправильно",171,Indexable,
https://www.drantipov.com/ru/all-on-4-cost,1,"oral surgeon Roseville CA,oral and maxillofacial surgeon Sacramento,All-on-4 dental implants Roseville,zygomatic dental implants,corrective jaw surgery Sacramento,full arch dental implants Roseville CA,Dr Alexander Antipov,board certified oral surgeon Northern California",271,Indexable,
https://www.drantipov.com/ru/for-patients/insights/full-mouth-dental-implants-cost-process,1,"импланты на всю челюсть,импланты на всю челюсть Roseville,импланты на всю челюсть Сакраменто,All-on-4,полное восстановление зубов,стоимость дентальных имплантов Сакраменто",171,Indexable,
https://www.drantipov.com/ru/for-patients/insights/can-you-fix-an-overbite-naturally,1,"как исправить глубокий прикус естественным путём,как естественно исправить прикус,можно ли исправить прикус без брекетов,коррекция прикуса у взрослых,исправить прикус без операции,естественная коррекция прикуса",210,Indexable,
https://www.drantipov.com/ru/locations,1,"oral surgeon Roseville CA,oral and maxillofacial surgeon Sacramento,All-on-4 dental implants Roseville,zygomatic dental implants,corrective jaw surgery Sacramento,full arch dental implants Roseville CA,Dr Alexander Antipov,board certified oral surgeon Northern California",271,Indexable,
https://www.drantipov.com/ru/for-patients/insights/dental-implant-procedure-complete-guide,1,"процедура имплантации,этапы имплантации,остеоинтеграция,установка импланта,сроки имплантации,стоимость дентального импланта",123,Indexable,
https://www.drantipov.com/ru/for-patients/insights/zirconia-arches,1,"циркониевые зубные дуги,циркониевые импланты,диоксид циркония на всю челюсть,цирконий или акрил,All-on-4 цирконий,цирконий all on 4,циркониевые импланты all-on-4,импланты на всю челюсть",185,Indexable,
https://www.drantipov.com/ru/for-patients/insights/how-to-fix-an-overbite-treatment-options-and-cost,1,"как исправить глубокий прикус,как исправляют глубокий прикус,можно ли исправить глубокий прикус,исправить глубокий прикус,как исправить глубокий прикус без операции,исправление глубокого прикуса у взрослых,как исправить лёгкий глубокий прикус,стоимость лечения глубокого прикуса",278,Indexable,
https://www.drantipov.com/ru/all-on-4-clearchoice-alternative,1,"oral surgeon Roseville CA,oral and maxillofacial surgeon Sacramento,All-on-4 dental implants Roseville,zygomatic dental implants,corrective jaw surgery Sacramento,full arch dental implants Roseville CA,Dr Alexander Antipov,board certified oral surgeon Northern California",271,Indexable,
https://www.drantipov.com/ru/for-patients/insights/dental-implants-with-osteoporosis-and-autoimmune-conditions,1,"импланты при остеопорозе,импланты при аутоиммунном заболевании,бисфосфонаты и импланты,импланты и препараты для кости,импланты при заболеваниях",143,Indexable,
https://www.drantipov.com/ru/insurance/delta-dental,1,"oral surgeon Roseville CA,oral and maxillofacial surgeon Sacramento,All-on-4 dental implants Roseville,zygomatic dental implants,corrective jaw surgery Sacramento,full arch dental implants Roseville CA,Dr Alexander Antipov,board certified oral surgeon Northern California",271,Indexable,
https://www.drantipov.com/ru/expertise/tmj,1,"oral surgeon Roseville CA,oral and maxillofacial surgeon Sacramento,All-on-4 dental implants Roseville,zygomatic dental implants,corrective jaw surgery Sacramento,full arch dental implants Roseville CA,Dr Alexander Antipov,board certified oral surgeon Northern California",271,Indexable,
https://www.drantipov.com/ru/for-patients/insights/can-a-loose-dental-implant-be-saved,1,"подвижный дентальный имплант,можно ли спасти подвижный имплант,имплант шатается,подвижная коронка на импланте,шатающийся дентальный имплант",139,Indexable,
https://www.drantipov.com/ru/for-patients/insights/severe-overbite-when-jaw-surgery-is-needed,1,"глубокий прикус хирургия челюсти,ортогнатическая хирургия,коррекция скелетного прикуса,BSSO выдвижение нижней челюсти,остеотомия Le Fort I,стоимость хирургии челюсти страховка",175,Indexable,
https://www.drantipov.com/ru/for-patients/insights/all-on-x-dental-implants-cost,1,"стоимость имплантов All-on-X,стоимость All-on-4,стоимость All-on-6,All-on-8,стоимость имплантации всей челюсти,стоимость дентальных имплантов Сакраменто",152,Indexable,
https://www.drantipov.com/ru/for-patients/insights/poor-oral-health-systemic-diseases,1,"здоровье полости рта и системные болезни,бактерии полости рта и рак,здоровье полости рта и сердце,здоровье полости рта и диабет,профилактика в стоматологии,связь полости рта и организма",185,Indexable,
https://www.drantipov.com/ru/for-patients/insights/dental-implants-for-smokers,1,"импланты для курильщиков,можно ли курильщикам ставить импланты,курение и неудача имплантации,импланты при заболевании дёсен в анамнезе,бросить курить перед имплантами",166,Indexable,
https://www.drantipov.com/ru/for-patients/insights/full-mouth-reconstruction-for-failed-dental-work,1,"полная реконструкция зубов,полная реабилитация зубов,восстановление после неудачного лечения зубов,полное восстановление зубов,сложная реконструкция зубов",154,Indexable,
https://www.drantipov.com/ru/for-dentists/referral-partners,1,"oral surgeon Roseville CA,oral and maxillofacial surgeon Sacramento,All-on-4 dental implants Roseville,zygomatic dental implants,corrective jaw surgery Sacramento,full arch dental implants Roseville CA,Dr Alexander Antipov,board certified oral surgeon Northern California",271,Indexable,
https://www.drantipov.com/ru/for-patients/insights/zygomatic-implants-vs-bone-grafting-for-severe-bone-loss,1,"скуловые импланты или костная пластика,импланты при выраженной убыли кости,лечение убыли кости верхней челюсти,альтернатива костной пластике,скуловые импланты Roseville,варианты имплантации на всю челюсть",204,Indexable,
https://www.drantipov.com/ru/for-patients/insights/replacing-old-failing-bridges-with-implants,1,"замена зубного моста на импланты,изношенный зубной мост,мост на имплант,альтернатива зубному мосту,замена старого моста",119,Indexable,
https://www.drantipov.com/ru/for-patients/insights/titanium-vs-zirconia-dental-implants,1,"титан или диоксид циркония импланты,импланты из диоксида циркония,титановые импланты,импланты без металла,керамические импланты",127,Indexable,
https://www.drantipov.com/ru/for-patients/insights/zygomatic-implants,1,"скуловые импланты,импланты при тяжёлой убыли кости,импланты при атрофии верхней челюсти,альтернатива костной пластике,скуловые импланты Roseville,скуловые импланты на полный зубной ряд",184,Indexable,
https://www.drantipov.com/ru/smile-gallery,1,"oral surgeon Roseville CA,oral and maxillofacial surgeon Sacramento,All-on-4 dental implants Roseville,zygomatic dental implants,corrective jaw surgery Sacramento,full arch dental implants Roseville CA,Dr Alexander Antipov,board certified oral surgeon Northern California",271,Indexable,
https://www.drantipov.com/ru/for-patients/insights/bone-grafting-for-dental-implants-explained,1,"костная пластика для имплантов,виды дентальных трансплантатов,потеря кости челюсти импланты,синус-лифтинг костная пластика,сроки заживления костного трансплантата,костная пластика Розвилл",187,Indexable,
https://www.drantipov.com/ru/for-patients/insights/dental-implants-for-diabetics,1,"импланты при диабете,можно ли диабетикам ставить импланты,приживаемость имплантов при диабете,импланты и сахар крови,заживление имплантов при диабете",149,Indexable,
https://www.drantipov.com/ru/insurance/aetna,1,"oral surgeon Roseville CA,oral and maxillofacial surgeon Sacramento,All-on-4 dental implants Roseville,zygomatic dental implants,corrective jaw surgery Sacramento,full arch dental implants Roseville CA,Dr Alexander Antipov,board certified oral surgeon Northern California",271,Indexable,
https://www.drantipov.com/ru/for-patients/insights/replacing-a-failed-dental-implant-what-to-expect,1,"замена несостоятельного импланта,замена неудавшегося дентального импланта,ревизия дентального импланта,удаление и замена импланта,что ожидать при несостоятельном импланте",170,Indexable,
https://www.drantipov.com/ru/for-patients/insights/who-is-a-candidate-for-dental-implants,1,"кому подходят импланты,показания к имплантам,плохой кандидат на импланты,подходят ли мне импланты,требования для имплантации",124,Indexable,
https://www.drantipov.com/ru/for-patients/insights/implants-vs-dentures,1,"дентальные импланты 2026,инновации в имплантологии,3D-печать импланты,умные импланты,нанотехнологии в стоматологии,технологии дентальных имплантов",146,Indexable,
https://www.drantipov.com/ru/for-patients/insights/guided-dental-implant-surgery-how-3d-planning-improves-accuracy,1,"имплантация по шаблону,3D-планирование имплантов,снимок CBCT для имплантов,хирургический шаблон для имплантов,планирование от ортопедической конструкции,точность имплантации полного ряда",186,Indexable,
https://www.drantipov.com/ru/for-patients/insights/dental-implant-aftercare,1,"уход после имплантации,восстановление после имплантов,послеоперационный уход импланты,заживление имплантов,уход за имплантами,успешная имплантация",146,Indexable,
https://www.drantipov.com/ru/for-patients/insights/all-on-4-vs-all-on-6,1,"All-on-4 или All-on-6,All-on-4,All-on-6,импланты на всю челюсть,полная реставрация челюсти,дентальные импланты Розвилл",118,Indexable,
https://www.drantipov.com/ru/legal/hipaa-notice,1,"oral surgeon Roseville CA,oral and maxillofacial surgeon Sacramento,All-on-4 dental implants Roseville,zygomatic dental implants,corrective jaw surgery Sacramento,full arch dental implants Roseville CA,Dr Alexander Antipov,board certified oral surgeon Northern California",271,Indexable,
https://www.drantipov.com/ru/for-patients/insights/same-day-implants,1,"импланты за один день,немедленная нагрузка имплантов,зубы за один день,All-on-4 за день,All-on-6 немедленная нагрузка,зубы за день Розвилл",138,Indexable,
https://www.drantipov.com/ru/for-patients/insights/single-dental-implant-cost-northern-california,1,"стоимость одного импланта,стоимость имплантов северная калифорния,стоимость имплантов сакраменто,сколько стоит имплант зуба,стоимость импланта из своего кармана",160,Indexable,
https://www.drantipov.com/ru/smile-again-foundation,1,"oral surgeon Roseville CA,oral and maxillofacial surgeon Sacramento,All-on-4 dental implants Roseville,zygomatic dental implants,corrective jaw surgery Sacramento,full arch dental implants Roseville CA,Dr Alexander Antipov,board certified oral surgeon Northern California",271,Indexable,
https://www.drantipov.com/ru/for-patients/insights/hybrid-dentures-vs-fixed-implant-bridges,1,"гибридные протезы,несъёмные мосты на имплантах,покрывной протез на имплантах,All-on-4,варианты имплантации всей челюсти,протезы на имплантах",140,Indexable,
https://www.drantipov.com/ru/for-patients/insights/dental-implant-complications,1,"осложнения дентальных имплантов,неприживление импланта,инфекция импланта,риски имплантации,безопасность имплантов,процент успеха имплантации",140,Indexable,
https://www.drantipov.com/ru/for-patients/insights/what-is-an-oral-surgeon-and-what-do-they-do,1,"челюстно-лицевой хирург,хирург-стоматолог,что делает челюстно-лицевой хирург,хирург-стоматолог vs стоматолог,процедуры челюстно-лицевой хирургии,когда идти к челюстно-лицевому хирургу",183,Indexable,
https://www.drantipov.com/ru/for-patients/insights/redoing-dental-implants-done-abroad-recovery-plan,1,"переделка имплантов сделанных за рубежом,стоматологический туризм неудачные импланты,исправление имплантов из-за рубежа,осложнения после имплантов за границей,план восстановления дентальных имплантов",199,Indexable,
https://www.drantipov.com/ru/for-patients/insights/zygomatic-dental-implants-when-traditional-implants-not-possible,1,"скуловые дентальные импланты,когда обычные импланты невозможны,выраженная убыль кости верхней челюсти,импланты в скуловую кость,альтернатива костной пластике,несъёмный протез на скуловых имплантах",196,Indexable,
https://www.drantipov.com/ru/for-patients/insights/dental-implants-with-severe-bone-loss-options,1,"импланты при убыли кости,импланты при выраженной убыли кости,мало кости для имплантов,костная пластика для имплантов,импланты когда говорят что нет кости",153,Indexable,
https://www.drantipov.com/ru/for-patients/insights/tooth-lost-emotional-toll,1,"эмоциональные последствия потери зуба,страх перед стоматологом,потеря зуба самооценка,дентальные импланты уверенность,психология потери зуба,восстановление зубов",161,Indexable,
https://www.drantipov.com/ru/for-patients/insights/repairing-a-broken-implant-crown-or-prosthesis,1,"сломанная коронка на импланте,ремонт коронки импланта,треснувший протез на импланте,скол на зубе импланта,починка моста на имплантах",132,Indexable,
https://www.drantipov.com/ru/for-patients/insights/implant-revision-after-bone-loss,1,"ревизия импланта после убыли кости,убыль кости вокруг импланта,наращивание кости для импланта,костная пластика при ревизии импланта,периимплантит убыль кости",157,Indexable,
https://www.drantipov.com/ru/for-patients/insights/correcting-bite-problems-after-implant-work,1,"проблемы с прикусом после имплантов,коррекция прикуса на импланте,окклюзия после дентальных имплантов,завышенный прикус на коронке импланта,неровный прикус имплант",163,Indexable,
https://www.drantipov.com/ru/for-patients/insights/why-are-dental-implants-so-expensive,1,"почему импланты такие дорогие,стоимость имплантов объяснение,стоят ли импланты того,стоимость имплантов против моста,ценность дентальных имплантов",146,Indexable,
https://www.drantipov.com/ru/insurance/anthem-blue-cross,1,"oral surgeon Roseville CA,oral and maxillofacial surgeon Sacramento,All-on-4 dental implants Roseville,zygomatic dental implants,corrective jaw surgery Sacramento,full arch dental implants Roseville CA,Dr Alexander Antipov,board certified oral surgeon Northern California",271,Indexable,
https://www.drantipov.com/ru/for-patients/insights/sedation-options-dental-implant-surgery,1,"седация при имплантации зубов,внутривенная седация импланты,седация в таблетках стоматология,общий наркоз челюстно-лицевая хирургия,местная анестезия импланты,седация в стоматологии Roseville",191,Indexable,
https://www.drantipov.com/ru/for-patients/insights/understanding-sinus-lift-for-dental-implants,1,"синус-лифтинг,синус-аугментация,импланты верхней челюсти,костная пластика для имплантов,импланты в верхнечелюстном синусе,синус-лифтинг Roseville",145,Indexable,
https://www.drantipov.com/ru/for-patients/insights/fixing-a-failed-all-on-4-revision-options,1,"несостоятельный all-on-4,ревизия all-on-4,ревизия имплантов на полную дугу,исправление несостоятельного all on 4,проблемы с all-on-4",132,Indexable,
https://www.drantipov.com/ru/for-dentists/education/courses,1,"oral surgeon Roseville CA,oral and maxillofacial surgeon Sacramento,All-on-4 dental implants Roseville,zygomatic dental implants,corrective jaw surgery Sacramento,full arch dental implants Roseville CA,Dr Alexander Antipov,board certified oral surgeon Northern California",271,Indexable,
https://www.drantipov.com/ru/legal/medical-disclaimer,1,"oral surgeon Roseville CA,oral and maxillofacial surgeon Sacramento,All-on-4 dental implants Roseville,zygomatic dental implants,corrective jaw surgery Sacramento,full arch dental implants Roseville CA,Dr Alexander Antipov,board certified oral surgeon Northern California",271,Indexable,
https://www.drantipov.com/ru/for-patients/insights,1,"дентальная имплантация,челюстно-лицевая хирургия,здоровье зубов,образование пациентов,здоровье полости рта,уход за имплантами",125,Indexable,
https://www.drantipov.com/ru/for-patients/insights/dental-implants-for-seniors-age-limit,1,"импланты для пожилых,слишком стар для имплантов,возрастной предел для имплантов,импланты на всю челюсть в 80,импланты в пожилом возрасте",136,Indexable,
https://www.drantipov.com/ru/locations/ca/west-sacramento,1,"oral surgeon Roseville CA,oral and maxillofacial surgeon Sacramento,All-on-4 dental implants Roseville,zygomatic dental implants,corrective jaw surgery Sacramento,full arch dental implants Roseville CA,Dr Alexander Antipov,board certified oral surgeon Northern California",271,Indexable,
https://www.drantipov.com/ru/locations/ca/loomis,1,"oral surgeon Roseville CA,oral and maxillofacial surgeon Sacramento,All-on-4 dental implants Roseville,zygomatic dental implants,corrective jaw surgery Sacramento,full arch dental implants Roseville CA,Dr Alexander Antipov,board certified oral surgeon Northern California",271,Indexable,
https://www.drantipov.com/ru/locations/ca/sacramento,1,"oral surgeon Roseville CA,oral and maxillofacial surgeon Sacramento,All-on-4 dental implants Roseville,zygomatic dental implants,corrective jaw surgery Sacramento,full arch dental implants Roseville CA,Dr Alexander Antipov,board certified oral surgeon Northern California",271,Indexable,
https://www.drantipov.com/ru/locations/ca/north-highlands,1,"oral surgeon Roseville CA,oral and maxillofacial surgeon Sacramento,All-on-4 dental implants Roseville,zygomatic dental implants,corrective jaw surgery Sacramento,full arch dental implants Roseville CA,Dr Alexander Antipov,board certified oral surgeon Northern California",271,Indexable,
https://www.drantipov.com/ru/locations/ca/lincoln,1,"oral surgeon Roseville CA,oral and maxillofacial surgeon Sacramento,All-on-4 dental implants Roseville,zygomatic dental implants,corrective jaw surgery Sacramento,full arch dental implants Roseville CA,Dr Alexander Antipov,board certified oral surgeon Northern California",271,Indexable,
https://www.drantipov.com/ru/locations/ca,1,"oral surgeon Roseville CA,oral and maxillofacial surgeon Sacramento,All-on-4 dental implants Roseville,zygomatic dental implants,corrective jaw surgery Sacramento,full arch dental implants Roseville CA,Dr Alexander Antipov,board certified oral surgeon Northern California",271,Indexable,
https://www.drantipov.com/ru/locations/ca/placerville,1,"oral surgeon Roseville CA,oral and maxillofacial surgeon Sacramento,All-on-4 dental implants Roseville,zygomatic dental implants,corrective jaw surgery Sacramento,full arch dental implants Roseville CA,Dr Alexander Antipov,board certified oral surgeon Northern California",271,Indexable,
https://www.drantipov.com/ru/locations/ca/oroville,1,"oral surgeon Roseville CA,oral and maxillofacial surgeon Sacramento,All-on-4 dental implants Roseville,zygomatic dental implants,corrective jaw surgery Sacramento,full arch dental implants Roseville CA,Dr Alexander Antipov,board certified oral surgeon Northern California",271,Indexable,
https://www.drantipov.com/ru/locations/ca/antelope,1,"oral surgeon Roseville CA,oral and maxillofacial surgeon Sacramento,All-on-4 dental implants Roseville,zygomatic dental implants,corrective jaw surgery Sacramento,full arch dental implants Roseville CA,Dr Alexander Antipov,board certified oral surgeon Northern California",271,Indexable,
https://www.drantipov.com/ru/locations/ca/auburn,1,"oral surgeon Roseville CA,oral and maxillofacial surgeon Sacramento,All-on-4 dental implants Roseville,zygomatic dental implants,corrective jaw surgery Sacramento,full arch dental implants Roseville CA,Dr Alexander Antipov,board certified oral surgeon Northern California",271,Indexable,
https://www.drantipov.com/ru/locations/ca/galt,1,"oral surgeon Roseville CA,oral and maxillofacial surgeon Sacramento,All-on-4 dental implants Roseville,zygomatic dental implants,corrective jaw surgery Sacramento,full arch dental implants Roseville CA,Dr Alexander Antipov,board certified oral surgeon Northern California",271,Indexable,
https://www.drantipov.com/ru/locations/ca/orangevale,1,"oral surgeon Roseville CA,oral and maxillofacial surgeon Sacramento,All-on-4 dental implants Roseville,zygomatic dental implants,corrective jaw surgery Sacramento,full arch dental implants Roseville CA,Dr Alexander Antipov,board certified oral surgeon Northern California",271,Indexable,
https://www.drantipov.com/ru/locations/ca/cameron-park,1,"oral surgeon Roseville CA,oral and maxillofacial surgeon Sacramento,All-on-4 dental implants Roseville,zygomatic dental implants,corrective jaw surgery Sacramento,full arch dental implants Roseville CA,Dr Alexander Antipov,board certified oral surgeon Northern California",271,Indexable,
https://www.drantipov.com/ru/locations/ca/orinda,1,"oral surgeon Roseville CA,oral and maxillofacial surgeon Sacramento,All-on-4 dental implants Roseville,zygomatic dental implants,corrective jaw surgery Sacramento,full arch dental implants Roseville CA,Dr Alexander Antipov,board certified oral surgeon Northern California",271,Indexable,
https://www.drantipov.com/ru/locations/ca/arden-arcade,1,"oral surgeon Roseville CA,oral and maxillofacial surgeon Sacramento,All-on-4 dental implants Roseville,zygomatic dental implants,corrective jaw surgery Sacramento,full arch dental implants Roseville CA,Dr Alexander Antipov,board certified oral surgeon Northern California",271,Indexable,
https://www.drantipov.com/ru/locations/ca/davis,1,"oral surgeon Roseville CA,oral and maxillofacial surgeon Sacramento,All-on-4 dental implants Roseville,zygomatic dental implants,corrective jaw surgery Sacramento,full arch dental implants Roseville CA,Dr Alexander Antipov,board certified oral surgeon Northern California",271,Indexable,
https://www.drantipov.com/ru/locations/ca/roseville,1,"oral surgeon Roseville CA,oral and maxillofacial surgeon Sacramento,All-on-4 dental implants Roseville,zygomatic dental implants,corrective jaw surgery Sacramento,full arch dental implants Roseville CA,Dr Alexander Antipov,board certified oral surgeon Northern California",271,Indexable,
https://www.drantipov.com/ru/locations/ca/fairfield,1,"oral surgeon Roseville CA,oral and maxillofacial surgeon Sacramento,All-on-4 dental implants Roseville,zygomatic dental implants,corrective jaw surgery Sacramento,full arch dental implants Roseville CA,Dr Alexander Antipov,board certified oral surgeon Northern California",271,Indexable,
https://www.drantipov.com/ru/locations/ca/woodland,1,"oral surgeon Roseville CA,oral and maxillofacial surgeon Sacramento,All-on-4 dental implants Roseville,zygomatic dental implants,corrective jaw surgery Sacramento,full arch dental implants Roseville CA,Dr Alexander Antipov,board certified oral surgeon Northern California",271,Indexable,
https://www.drantipov.com/ru/locations/ca/el-dorado-hills,1,"oral surgeon Roseville CA,oral and maxillofacial surgeon Sacramento,All-on-4 dental implants Roseville,zygomatic dental implants,corrective jaw surgery Sacramento,full arch dental implants Roseville CA,Dr Alexander Antipov,board certified oral surgeon Northern California",271,Indexable,
https://www.drantipov.com/ru/locations/ca/rocklin,1,"oral surgeon Roseville CA,oral and maxillofacial surgeon Sacramento,All-on-4 dental implants Roseville,zygomatic dental implants,corrective jaw surgery Sacramento,full arch dental implants Roseville CA,Dr Alexander Antipov,board certified oral surgeon Northern California",271,Indexable,
https://www.drantipov.com/ru/locations/ca/rancho-cordova,1,"oral surgeon Roseville CA,oral and maxillofacial surgeon Sacramento,All-on-4 dental implants Roseville,zygomatic dental implants,corrective jaw surgery Sacramento,full arch dental implants Roseville CA,Dr Alexander Antipov,board certified oral surgeon Northern California",271,Indexable,
https://www.drantipov.com/ru/locations/ca/citrus-heights,1,"oral surgeon Roseville CA,oral and maxillofacial surgeon Sacramento,All-on-4 dental implants Roseville,zygomatic dental implants,corrective jaw surgery Sacramento,full arch dental implants Roseville CA,Dr Alexander Antipov,board certified oral surgeon Northern California",271,Indexable,
https://www.drantipov.com/ru/locations/ca/vallejo,1,"oral surgeon Roseville CA,oral and maxillofacial surgeon Sacramento,All-on-4 dental implants Roseville,zygomatic dental implants,corrective jaw surgery Sacramento,full arch dental implants Roseville CA,Dr Alexander Antipov,board certified oral surgeon Northern California",271,Indexable,
https://www.drantipov.com/ru/locations/ca/folsom,1,"oral surgeon Roseville CA,oral and maxillofacial surgeon Sacramento,All-on-4 dental implants Roseville,zygomatic dental implants,corrective jaw surgery Sacramento,full arch dental implants Roseville CA,Dr Alexander Antipov,board certified oral surgeon Northern California",271,Indexable,
https://www.drantipov.com/ru/locations/ca/vacaville,1,"oral surgeon Roseville CA,oral and maxillofacial surgeon Sacramento,All-on-4 dental implants Roseville,zygomatic dental implants,corrective jaw surgery Sacramento,full arch dental implants Roseville CA,Dr Alexander Antipov,board certified oral surgeon Northern California",271,Indexable,
https://www.drantipov.com/ru/locations/ca/granite-bay,1,"oral surgeon Roseville CA,oral and maxillofacial surgeon Sacramento,All-on-4 dental implants Roseville,zygomatic dental implants,corrective jaw surgery Sacramento,full arch dental implants Roseville CA,Dr Alexander Antipov,board certified oral surgeon Northern California",271,Indexable,
https://www.drantipov.com/ru/locations/ca/carmichael,1,"oral surgeon Roseville CA,oral and maxillofacial surgeon Sacramento,All-on-4 dental implants Roseville,zygomatic dental implants,corrective jaw surgery Sacramento,full arch dental implants Roseville CA,Dr Alexander Antipov,board certified oral surgeon Northern California",271,Indexable,
https://www.drantipov.com/ru/locations/ca/fair-oaks,1,"oral surgeon Roseville CA,oral and maxillofacial surgeon Sacramento,All-on-4 dental implants Roseville,zygomatic dental implants,corrective jaw surgery Sacramento,full arch dental implants Roseville CA,Dr Alexander Antipov,board certified oral surgeon Northern California",271,Indexable,
https://www.drantipov.com/ru/locations/ca/elk-grove,1,"oral surgeon Roseville CA,oral and maxillofacial surgeon Sacramento,All-on-4 dental implants Roseville,zygomatic dental implants,corrective jaw surgery Sacramento,full arch dental implants Roseville CA,Dr Alexander Antipov,board certified oral surgeon Northern California",271,Indexable,